titulo,data_publicacao,localizacao,tipo_vaga,modelo_trabalho,vaga_pcd,descricao_vaga,responsabilidades,requisitos,informacoes_adicionais,etapas_processo
CIENTISTA DE DADOS - Gavião Peixoto/SP,Publicada em 10 de setembro de 2025,"Gavião Peixoto - SP
Gavião Peixoto - SP","Efetivo
Efetivo","Presencial
Presencial",Sim,"Como é a área:

Planejar, Programar e Controlar as linhas de produção da Aviação Executiva em GPX, garantindo a pontualidade das entregas, dentro do custo e qualidade necessários, priorizando segurança das pessoas e do produto, dentro das regras de Compliance.","Como será o seu dia a dia:

Desenvolver funcionalidades, aplicativos, soluções de TI para apoiar as atividades de PPCP e Produção na linha da Montagem da Aviação Executiva em GPX. I para suportar as operações logísticas do


site
Interagir com as áreas de negócio de TI","Para este desafio, você precisa ter:
Ensino Superior Completo; 
Experiência em back-end quanto no front-end da aplicação. 
Conhecimento em Java 11+ (orientação a objetos; Coleções, streams e lambdas; Testes unitários, Mockito, etc) 
Conhecimento em Ecossistema Spring/Spring Boot (APIs RESTful; Spring Security; Spring Data JPA) 
Conhecimento em Angular 12+ (Criação de componentes; Serviços, módulos e roteamento); 
Conhecimento em Bancos de Dados Oracle1(2c/19c); 
Conhecimento em Ferramentas de Versionamento (Git); 
Experiência em Desenvolvimento de solid, clean code e Design patterns; 


Você se destaca se tiver:
 Conhecimento em sistema ERP (SAP); 
Conhecimento em metodologias ágeis (Scrum, Kanban). 
EXPERIÊNCIA nas tecnologias citadas;  ","Modelo de trabalho presencial para GAVIÃO PEIXOTO/SP.

Benefícios:
Seguro de Vida
Convênio Médico 
Convênio Odontológico
Benefício Vacina
Benefício Farmácia 
Gympass
Cartão Multibenefícios (para modelo de trabalho Híbrido ou 100% remoto)
Refeitório na empresa
Auxílio Home Office (para modelo de trabalho Híbrido ou 100% remoto)
PLR (Participação de Lucros e Resultados)
Previdência Privada
Cooperativa
EMpower (plataforma interna de treinamento e desenvolvimento)


Precisa de suporte com a plataforma Gupy? Acesse o link abaixo:

Página Central de Suporte ao Candidato
Site dedicado a guiar e orientar a pessoa candidata sobre todas as ferramentas: https://suporte-candidatos.gupy.io/s/suporte/","Etapa 1: Cadastro
1
Cadastro | Etapa 2: Triagem (Screening)
2
Triagem (Screening) | Etapa 3: Análise de Perfil (Talent Acquisition)
3
Análise de Perfil (Talent Acquisition) | Etapa 4: Entrevista com o Time
4
Entrevista com o Time | Etapa 5: Finalistas
5
Finalistas | Etapa 6: Contratação
6
Contratação"
Cientista de Dados Sênior (RH),Publicada em 09 de setembro de 2025,"Belo Horizonte - MG
Belo Horizonte - MG","Efetivo
Efetivo","Híbrido
Híbrido",Sim,"Estamos em busca de pessoas talentosas, e apaixonadas pelo que fazem para integrar o nosso time.

Ser desafiado diariamente é algo que te motiva? Se a resposta for sim, vem ser Mercantil! O que não faltam aqui são oportunidades de vivenciar novos desafios e de ser protagonista de sua carreira, tudo isso em uma das Melhores Empresas para se trabalhar em Minas Gerais. 

Ao fazer parte da nossa empresa, você terá a oportunidade de crescer em um ambiente dinâmico, onde o seu talento é reconhecido e incentivado. E essa combinação fica ainda mais perfeita se você tiver brilho nos olhos, uma boa comunicação sensacional, proatividade e, claro, foco em resultados. 

Explore nossas vagas, encontre a oportunidade que mais combina com seu perfil e faça parte de um time que valoriza o seu talento. Não perca a chance de transformar sua carreira e contribuir para projetos desafiadores e transformadores.
Venha crescer com a gente! 

Curtiu? Então, confira abaixo a oportunidade que temos para você!

Então, veja abaixo a oportunidade que temos aqui:

#VEMSERMERCANTIL","Seus principais desafios serão:

Executar o ciclo completo de projetos de ciência de dados, desde a definição do
problema até a implementação da solução.
Desenvolver e implementar modelos de machine learning e estatísticos para
previsão, segmentação, otimização e outras aplicações.
Analisar grandes conjuntos de dados para identificar tendências, padrões e
insights acionáveis.
Projetar e construir pipelines de dados robustos para coleta, processamento e
transformação de dados.
Colaborar com equipes de RH e negócios para entender as necessidades e
traduzi-las em soluções de dados.
Apresentar resultados e insights para stakeholders e liderança, utilizando
visualizações de dados e narrativas claras.
Mentorar cientistas de dados júnior e pleno, compartilhando conhecimento e
promovendo as melhores práticas da área.
Manter-se atualizado com as últimas inovações e metodologias em ciência de
dados e machine learning.","Buscamos uma pessoa com:

Graduação em Ciência da Computação, Engenharia, Estatística, Matemática, Física ou áreas correlatas.
Experiência sólida comprovada como Cientista de Dados ou em um papel similar.
Experiência em conduzir projetos de ciência de dados de ponta a ponta.
Portfólio de projetos bem-sucedidos em análise preditiva, otimização ou machine learning.
Proficiência em Python e/ou R.
Conhecimento avançado em bibliotecas de ciência de dados (por exemplo, Pandas, NumPy, Scikit-learn, TensorFlow, PyTorch).
Sólido entendimento de estatística, álgebra linear e cálculo.
Experiência com SQL e bases de dados relacionais e não-relacionais.
Familiaridade com ambientes de nuvem (por exemplo, AWS, GCP, Azure).
Experiência com ferramentas de visualização de dados como Tableau, Power BI ou Looker.

Vai se destacar se apresentar:

Mestrado ou Doutorado.
Pós-graduação em andamento.
Conhecimento em engenharia de dados e ferramentas como Spark, Kafka ou Airflow.


 Local de Trabalho:

Belo Horizonte/MG (atuação Híbrida).","O que oferecemos aos nossos colaboradores:

• Vale-refeição e alimentação (Se preferir, você pode receber os dois valores em um só cartão de alimentação);
• Plano de saúde; 
• Plano odontológico; 
• Auxílio creche; 
• Seguro de vida;
• Previdência privada;
• Wellhub;
• Academia Mercantil de Desenvolvimento;
• Participação nos Lucros de Resultados (PLR);

Todas as vagas também são direcionadas para PCDs. ","Etapa 1: Cadastro
1
Cadastro | Etapa 2: Entrevista Talentos
2
Entrevista Talentos | Etapa 3: Etapa de Avaliações
3
Etapa de Avaliações | Etapa 4: Entrevista com Gestor
4
Entrevista com Gestor | Etapa 5: Contratação
5
Contratação"
Cientista de dados Sr com foco em IA,Publicada em 09 de setembro de 2025,Não informado,"Efetivo
Efetivo","Remoto
Remoto",Sim,"Transforme o futuro com a Minsait

Na Minsait, acreditamos na tecnologia como força para transformar realidades e gerar impacto positivo. Desenvolvemos soluções que conectam inovação, eficiência e progresso em setores essenciais como administração pública, telecomunicações & mídia, energia & utilities, indústria & consumo, saúde e finanças.
Aqui, você encontra um ambiente que valoriza a autonomia, a colaboração e o crescimento contínuo, com projetos desafiadores e oportunidades reais de desenvolvimento.

Nosso jeito de ser
Inovamos com propósito
Crescemos com responsabilidade
Valorizamos a diversidade e quem transforma

Valores
Inovação, conexão, confiança e antecipação de futuro
 
Se você busca desafios com significado, a Minsait é o seu lugar.","RESPONSABILIDADES
Desenvolver soluções complexas em machine learning e inteligência artificial, com foco especial em chatbots, utilizando a arquitetura Azure e técnicas avançadas de IA generativa para otimizar publicação de novos projetos.
Atuar intensivamente no processamento e análise de dados não estruturados, essenciais para treinamento e aprimoramento de modelos de IA que suportam a compreensão e geração de linguagem natural na estrutura RAG.
Possuir expertise na implementação de modelos de IA em ambientes de produção, garantindo que as soluções sejam escaláveis, eficientes e integradas aos sistemas existentes de maneira fluida.
Contribuir ativamente para a governança dos projetos de IA e trabalhar em colaboração com outras áreas técnicas da empresa para garantir que as iniciativas respeitem os padrões tecnológicos estabelecidos.
Manter-se na vanguarda da tecnologia, buscando constante aprendizado e aplicando inovações e pesquisas avançadas em IA e machine learning para continuar desenvolvendo soluções no estado da arte.","📚 Requisitos:
Experiência em ciência de dados, com projetos demonstráveis em IA e, preferencialmente, em desenvolvimento de chatbots. Habilidades em linguagens de programação relevantes para IA, como Python, com experiência em bibliotecas de IA como TensorFlow e similares.
Conhecimento aprofundado em machine learning, redes neurais e deep learning, visando a criação de modelos avançados de IA. Comprometimento com a aprendizagem contínua e atualização tecnológica, idealmente com certificações em inteligência artificial.
Experiência com COPILOT.
Experiência com Azure.","TRABALHE NA MINSAIT

Modelo de contratação CLT.
Plano de Saúde subsidiado pela empresa para o titular.
Opção de inclusão de dependentes no Plano de Saúde com desconto em folha de pagamento.
Assistência Odontológica (opcional).
Opção de inclusão de dependentes no Plano de Assistência Odontológica com desconto em folha de pagamento.
Vale Refeição ou Vale Alimentação.
Vale Transporte (opcional).
Impact & Care - Programa de Orientação Pessoal que visa oferecer suporte emocional e aconselhamento com orientação confidencial nas áreas psicológica, jurídica, financeira, social e pet sem custo para titular e dependentes legais.
Gympass - Wellhub (Acesso a mais de 700 academias em todo o Brasil com planos a partir de R$ 29,90 descontado em folha de pagamento).
Opção de inclusão de dependentes no Gympass - Wellhub (até 03 dependentes - pago via cartão de crédito).
Acesso a Udemy de forma pela nossa intranet.
Parcerias com grandes marcas de consumo.
Convênio com o SESC para titular e dependentes.
Convênios para descontos com instituições de ensino (graduação e pós-graduação) e escola de idiomas/Certificadoras.
Seguro de vida em grupo.

Nosso compromisso com a diversidade é um elemento-chave da nossa cultura: Igualdade de oportunidades, respeito pelas pessoas e não discriminação são princípios de atuação para todos os profissionais da Minsait. Integramos o Bloomberg Gender-Equality Index (GEI) 2021 em termos de diversidade e igualdade de gênero.

Todas as nossas vagas são abertas também para PCDs.

Somos aproximadamente 50k Minsaiters no Mundo, sendo cerca de 7k no Brasil e estamos presentes nas maiores empresas em todos os setores. Nossa estrutura permite participar de projetos globais e proporciona um ambiente colaborativo que nos certifica em GreatPlacesToWork e planos diferenciados para Jovens Profissionais também reconhecidos pela Employers for Youth. 

Você atuará no nosso time em um projeto estratégico, utilizando metodologias ágeis e em um ambiente de inovação.

Buscamos profissionais com senso de dono, comprometidos com o sucesso do nosso cliente e com o desenvolvimento da sua carreira dentro da Minsait

Você será um pilar fundamental nos melhores e maiores projetos de TI do Brasil e em nível global.


Venha ser um Minsaiter!","Etapa 1: Cadastro
1
Cadastro | Etapa 2: Entrevista RH
2
Entrevista RH | Etapa 3: Entrevista Técnica /DN
3
Entrevista Técnica /DN | Etapa 4: Entrevista Técnica Gestão
4
Entrevista Técnica Gestão | Etapa 5: Oferta
5
Oferta | Etapa 6: Contratação
6
Contratação"
ENGENHEIRO/CIENTISTA DE DADOS ETL SR - RHA4409,Publicada em 09 de setembro de 2025,Não informado,"Efetivo
Efetivo","Remoto
Remoto",Sim,Venha fazer parte de uma empresa que ama transformar com tecnologia e abraça a diversidade em todas as suas formas!,Conhecimento solido em Informatica cloud,"Imprescindível:
Conhecimento avançado em Informática Cloud (ETL)
Experiência em montar Query no banco de dados Oracle;
Experiência no Jira
Experiência anterior como analista de dados e com metodologia ágil (Scrum)",Home Office,"Etapa 1: Cadastro
1
Cadastro | Etapa 2: Triados
2
Triados | Etapa 3: Entrevista Gente & Gestão
3
Entrevista Gente & Gestão | Etapa 4: Entrevista Técnica
4
Entrevista Técnica | Etapa 5: Carta Proposta
5
Carta Proposta | Etapa 6: Contratação
6
Contratação"
Cientista de Dados PL,Publicada em 08 de setembro de 2025,"Sorocaba - SP
Sorocaba - SP","Efetivo
Efetivo","Presencial
Presencial",Sim,"Estamos em busca de profissionais que tenham experiência em Ciência de Dados para fazerem parte do nosso time. O profissional irá trabalhar, no seu dia-a-dia, com dados de diversas fontes e dos mais variados tipos, construindo soluções através de técnicas de análise de dados, modelos de machine learning, reports e dashboards.","Participar da criação e validação de hipóteses de negócio com base em dados.
Participar da criação, alteração e propor o uso de algoritmos e ferramentas de análise e transformação de dados.
Implementar serviços para o gerenciamento de grande quantidade de dados de fontes diversas.
Participar da criação de repositórios de dados e/ou arquitetura de dados (base de dados estruturadas, não estruturadas, lago de dados, etc.).
Participar da criação de consultas complexas de forma otimizada (sql, non-sql, etc), em termos de rapidez de acesso, desempenho computacional, manutenibilidade, etc.
Prover visualização de dados para diferentes tipos de público (operacional, estratégico, gerencial, etc).
Trabalhar junto aos times de desenvolvimento de projetos alinhando a arquitetura dos sistemas/serviços com as necessidades de análise de dados. Compartilhar e disseminar o conhecimento com as equipes de projetos.","Experiência em desenvolvimento de software ( análise de requisitos, arquitetura, design, codificação, testes e deploy da solução).
Experiência em métodos ágeis (Scrum, Kanban, Lean, etc).
Experiência em ferramentas de controle de versão como GIT, SVN, etc.
Experiência em linguagens de programação de scripts (Python, Ruby, etc).
Conhecimento em aprendizado de máquina (Machine Learning, Deep Learning).
Conhecimento em mineração de dados complexos - SQL, NoSQL, etc.
Conhecimento em linguagens de programação como C, C++.
Conhecimento em CRISP-DM.
Conhecimento em Linux.
Conhecimento em ferramentas de visualização de dados (Tableau, PowerBI, QuickSight, etc).
Conhecimento em MQTT Server/MQTT Broker.
Conhecimento em computação na nuvem (AWS, Azure, Google Cloud, etc). ? Conhecimento em IA Generativa.
Experiência em Feature Engineering.
Experiência em desenvolvimento e treinamento de modelos de IA (com dados sintéticos e reais).
Experiência na escrita de relatórios técnicos e storytelling.
Será necessário, além de habilidades técnicas, possuir pontos fortes como: trabalho em equipe, pró atividade, dinamismo e boa comunicação.

Formação Acadêmica:
Graduação completa em áreas de Engenharia da Computação, Ciência da Computação, Engenharia Elétrica, Estatística, Ciência de Dados, Matemática e/ou áreas correlatas.

Idioma:
Inglês Intermediário para leitura, conversação e escrita.","Oportunidade para Sorocaba/SP em regime de trabalho presencial.

O que esperamos de todos os #SiDiers:
Abrir a mente para o novo
Manter diálogo aberto e direto
Desenvolver-se continuamente
Fazer o melhor, sempre
Construir em parceria
Pensar grande, fazer rápido

O que oferecemos?

- Qualidade de vida: Jornada de 40 horas semanais com regime CLT, horário flexível, possibilidade de atuação híbrida e auxilio home-office
- Bem-Estar: Gympass, Ginástica Laboral, Massagista e Apoio Psicológico
- Saúde: Convênio Médico e Odontológico para você e sua família
- Filhos: Auxílio creche para os miniSiDiers, licença-maternidade de 120 dias e licença-paternidade estendida
- Futuro: Aqui, o SiDi investe com vocês na Previdência Privada
- Educação: Programa de incentivo para a continuidade dos estudos e especialização, incentivo para que nossos SiDiers se tornem fluentes em outras línguas e ciclos de palestras semanais sobre trend topics mundiais
- Alimentação: Vale Refeição e Vale Alimentação flexíveis
- Transporte: Vale-transporte e estacionamento para quem for trabalhar no escritório
- Reconhecimento: Bônus anual por desempenho e premiações para SiDiers que fizeram algo incrível
- Diversidade: Comitês sobre Bem-estar, Diversidade, Saúde Mental, Social, Sustentabilidade e Inclusão das mulheres na tecnologia
- Escritórios Modernos: Ambientes descontraídos e colaborativos com espaços de convivência, sala de descompressão, copas, máquina de café e snacks, etc
- Ainda quer mais? Dezenas de parcerias com benefícios e descontos!

Para nós, inclusão não é apenas somar mais um ao nosso time, é somar diferenças e particularidades. É justamente dessa mistura de técnicas, habilidades e histórias que nos inspiramos para fazer diferentes pontos de vista olharem para um mesmo horizonte, sempre para frente.
Trabalhamos em um ambiente de oportunidades iguais, independente de gênero, orientação sexual, religião ou deficiência.

Todas as nossas vagas estão disponíveis para PCDs.


CÓDIGO DA VAGA: 5364- N3","Etapa 1: Cadastro
1
Cadastro | Etapa 2: Avaliação RH
2
Avaliação RH | Etapa 3: Avaliação Técnica
3
Avaliação Técnica | Etapa 4: Entrevista SiDi
4
Entrevista SiDi | Etapa 5: Envio Carta Oferta
5
Envio Carta Oferta | Etapa 6: Contratação
6
Contratação"
Cientista de Dados Sênior,Publicada em 05 de setembro de 2025,"São Paulo - SP
São Paulo - SP","Efetivo
Efetivo","Híbrido
Híbrido",Não,"Temos uma oportunidade em aberto e buscamos uma pessoa que tenha energia para transformar o mercado segurador com responsabilidade, empatia e autonomia. Se você se encaixa no perfil dessa vaga, clique em Candidatar-se no final da página.","Reúne informações de fontes diversas, como bancos de dados, redes sociais e sistemas internos. Garante a qualidade dos dados removendo inconsistências, valores ausentes e informações irrelevantes, preparando-os para análises confiáveis;
Examina os dados para identificar tendências, padrões e anomalias, procurando por o valor oculto nas informações;
Aplica técnicas de estatística e algoritmos de machine learning para construir modelos preditivos. Trabalha com IA Generativa;
Utiliza esses modelos para extrair insights valiosos e criar soluções para problemas de negócio, muitas vezes com pouca interação humana;
Trabalha com diversas áreas (marketing, vendas, finanças, operações e produtos) para entender suas necessidades e propor soluções de dados;
Traduz os resultados técnicos em linguagem acessível para líderes e equipes de negócio, por meio de visualizações de dados e relatórios. Atua em conjunto com os profissionais de Arquitetura de Dados, Engenharia de Dados e Análise de Dados para construção de soluções de analytics;
Suporta tecnicamente o time quanto a melhores práticas para o desenvolvimento de soluções de dados;
Realiza acompanhamento e reporte das frentes em ciência de dados.","Formação preferencial em tecnologia, administração de empresas, matemática ou estatística. Pós graduação ou cursos de formação em analytics, BI, aprendizado de máquina ou inteligência artificial.

Modelos Preditivos e Algoritmos de IA (Avançado);
Visualização de Dados (Intermediário);
Matemática e Estatística (Avançado);
SQL (Avançado);
Databricks / Python (Avançado);
IA Generativa (Intermediário);
Seguros (Avançado);
Pensamento analítico / Visão estratégica (Avançado);
Desejáveis certificações em Ciência de Dados.","Já imaginou trabalhar em um lugar onde o cuidado com as pessoas vai muito além do discurso?
 Na Suhai, acreditamos que o trabalho precisa fazer sentido — na vida, no dia a dia e no futuro das pessoas. E é com esse olhar que desenvolvemos nosso programa de Benefícios Flexíveis, um dos mais completos do mercado (e um verdadeiro diferencial no setor segurador).
Aqui, cada colaborador recebe pontos proporcionais ao seu nível de função e pode escolher, todos os anos, os benefícios que fazem mais sentido para o seu momento de vida. Isso mesmo: você escolhe!
Entre as opções do nosso ""cardápio"" estão:
🍽️ Vale Refeição e Alimentação
🩺 Seguro Saúde e Odontológico
🛡️ Seguro de Vida
🚗 Mobilidade (Estacionamento, Combustível, Transporte)
📈 Previdência Privada
✈️ E até benefício de Viagens, com resgate anual em passagens aéreas ou hospedagens — um diferencial exclusivo no nosso segmento!
 Essa liberdade reflete quem somos: uma empresa que valoriza a individualidade, a confiança e o protagonismo. Mas não é só isso, ainda temos:
 Trabalho de Regime Híbrido
13º Cesta de Natal
WellHub (GymPass)
PLR (Participação nos Lucros)
Empréstimo Consignado
Antecipação Salarial
Auxílio Creche e Auxílio Babá
Desconto no Seguro Suhai
Day Off no Mês do aniversário
Licença Maternidade e Paternidade estendida
Programa de Incentivo a Educação
Campanhas de Bem-Estar e Saúde
Clube de Benefícios com descontos e vantagens exclusivas
Dress code informal (sinta-se à vontade todos os dias!)
E um ambiente de trabalho que nos enche de orgulho: somos certificados pelo GPTW há 9 anos consecutivos, com um clima organizacional reconhecidamente inspirador.
  ","Etapa 1: Cadastro
1
Cadastro | Etapa 2: Triagem
2
Triagem | Etapa 3: Entrevista RH
3
Entrevista RH | Etapa 4: Entrevista Gestor
4
Entrevista Gestor | Etapa 5: Contratação
5
Contratação"
Cientista de Dados Pl,Publicada em 04 de setembro de 2025,Não informado,"Efetivo
Efetivo","Remoto
Remoto",Sim,"Na Stefanini, acreditamos no poder da colaboração. Co-criamos soluções inovadoras em parceria com nossos clientes, combinando tecnologia de ponta, inteligência artificial e a criatividade humana. Estamos na vanguarda da resolução de problemas de negócios, proporcionando impacto real em escala global.

Ao se juntar à Stefanini, você se torna parte de uma jornada global de transformação. Estamos empenhados em criar impacto positivo não apenas nos negócios, mas também na vida de nossos colaboradores. Se você procura uma oportunidade de crescimento profissional em uma empresa que valoriza inovação, respeito, autonomia e parceria, você encontra aqui!

Junte-se a nós e seja parte da mudança!

#LI-REMOTE 
#LI-MM1 ","O que esperamos que você realize:
Colaborar com parceiros de negócios para explorar novas maneiras de atingir objetivos através de técnicas e ferramentas avançadas. 
Comunicar de forma clara e eficaz a abordagem analítica e sua relevância para os objetivos do negócio. 
Educar stakeholders sobre a importância da tomada de decisão baseada em dados, explicando o ""como e por que"" da resolução de problemas. 
Liderar abordagens analíticas, integrando o trabalho em aplicativos e ferramentas em colaboração com engenheiros de dados, líderes de negócios e desenvolvedores. 
Criar modelos analíticos que sejam repetíveis, interpretáveis, dinâmicos e escalonáveis, perfeitamente integrados aos produtos de dados analíticos. 
Projetar soluções inovadoras combinando diferentes fontes de dados internas e externas para identificar e desenvolver processos, estruturas, ferramentas e métodos. 
Colaborar e oferecer coaching a uma equipe crescente de cientistas de dados. 
Manter-se atualizado com as tendências do setor por meio de conferências e projetos comunitários.","Formação: Bacharelado (obrigatório); Especialização (desejável) em Ciência de Dados, Ciência da Computação, Engenharia, Estatística ou áreas afins.
Experiência Ciência de Dados ou áreas quantitativas.
Habilidades Técnicas:
Proficiência em Python ou R, especialmente trabalhando com DataFrames.
Habilidade na criação de consultas complexas em SQL.
Experiência com Machine Learning, incluindo clustering, detecção de anomalias, simulação e otimização em grandes conjuntos de dados.
Capacidade de fundir e transformar conjuntos de dados distintos para criação de novos recursos.
Desejável experiência com tecnologias de Big Data (Hadoop, Spark, H2O.ai) e plataformas de inteligência artificial em nuvem.
Experiência em visualização de dados (preferencialmente com Tableau ou R Shiny).
Conhecimento em metodologias ágeis.","O que te oferecemos:

🍛 Vale Alimentação ou Vale Refeição;
👨🏼‍🎓 Desconto em cursos, universidades e instituições de idiomas;
📚 Academia Stefanini - plataforma com cursos online, gratuitos, atualizados e com certificado;
🗣 Mentoring;
🏫 Auxílio Creche;
💉 Clube de vantagens para consultas e exames;
🏥 Assistência Médica;
🦷Assistência Odontológica;
💰 Clube de vantagens e descontos nos melhores estabelecimentos;
🛫 Clube de viagens;
🐶 Convênio para Pet;
e muito mais...","Etapa 1: Cadastro
1
Cadastro | Etapa 2: Fit Cultural
2
Fit Cultural | Etapa 3: Bate papo com Gente & Cultura
3
Bate papo com Gente & Cultura | Etapa 4: Bate papo com Gestão
4
Bate papo com Gestão | Etapa 5: Carta proposta
5
Carta proposta | Etapa 6: Contratação
6
Contratação"
Cientista de Dados Especialista I,Publicada em 03 de setembro de 2025,"São Paulo - SP
São Paulo - SP","Efetivo
Efetivo","Híbrido
Híbrido",Sim,"O que faz a área Ciência de Dados na Porto?

A área de Ciência de Dados, IA e P&D tem como foco entender o comportamento dos clientes da Porto e, a partir disso, potencializar a geração de valor para a empresa através de modelos, análises, estudos e Inteligências Artificiais.

Principais desafios da função:
A função exige um conhecimento teórico bastante sólido e uma facilidade de aplicação dos mesmos em problemas práticos. O dia a dia da área exigirá rotinas de testes e experimentações, onde será necessário validar hipóteses com celeridade. Além disso, é importante ter uma boa capacidade de interlocução com gestores e saber transcrever os pontos de pesquisa na linguagem do negócio.","Responsável por estudos, análises e modelos em ciência de dados aplicada a negócios.
Encontrar caminhos e soluções para problemas de negócios apresentados pela gestão e por áreas clientes, tendo o equilíbrio de contribuir de forma autônoma, mas sendo colaborativo com colegas e pares.","Formação superior completa Matemática, Estatística, Engenharias, Ciência da Computação e/ou áreas correlatas;
Experiência mínima de 4 anos em times de Ciência de Dados;
Sólida bagagem teórica, com a capacidade de aplicá-la em problemas de negócio;
Storytelling sólido para conseguir explicar e transcrever como as aplicações impactam nos resultados;
Conhecimento profundo em matemática e estatística;
Conhecimento de diferentes tipos de algoritmos de machine learning: classificação, regressão, clusterização, entre outros;
Conhecimento avançado em Python, SQL, Spark (ou PySpark).

Desejável:
Mestrado e/ou doutorado;
Conhecimento sólido em IA generativa;
Conhecimento em modelos dinâmicos.","BENEFÍCIOS

Vale Alimentação e Refeição Flexíveis;
Plano de Saúde;
Plano Odontológico;
Wellhub e TotalPass;
Academia Bio Ritmo exclusiva para Colaboradores: no Complexo Matriz;
Participação nos Lucros - PLR;
Programa de Ações: Porto em Ação: complementar à PLR até 2025;
Quadras de Areia e Poliesportiva: no Complexo Matriz;
Vale-Transporte;
Serviços de Transporte de Vans; disponibilizadas nas principais estações de acesso à Porto (Luz, Barra Funda, Santa Cecília e Júlio Prestes);
Licença Parental Estendida: até 40 dias para todas as configurações familiares;
Licença Maternidade Estendida de 6 meses.;
Ambulatório Médico com Especialidades: no Complexo Matriz e Barra Funda;
Auxílio creche ou babá;
Seguro de Vida;
Previdência Privada - PortoPrev;
Desconto em Produtos e Serviços;
Bolsa de estudos: Reembolso para graduação, pós ou MBA;
Corridas mensais: subsídio para as principais corridas de ruas de São Paulo
Reembolso para idiomas (inglês ou espanhol);
Teatro Porto: sessões exclusivas para Colaboradores;
Biblioteca;
Sala de descanso: no completo Matriz
Salão de jogos: no complexo Matriz
Serviços de massagem e podologia: no completo Matriz
Local de trabalho: Campos Elísios(4x presencial 1x home);

           ","Etapa 1: Cadastro
1
Cadastro | Etapa 2: Triagem
2
Triagem | Etapa 3: Teste/Case
3
Teste/Case | Etapa 4: Entrevista RH
4
Entrevista RH | Etapa 5: Entrevista Gestor(a)
5
Entrevista Gestor(a) | Etapa 6: Contratação
6
Contratação"
Cientista de Dados Sênior,Publicada em 03 de setembro de 2025,"São Paulo - SP
São Paulo - SP","Efetivo
Efetivo","Híbrido
Híbrido",Sim,"Sobre a Área:

A área de Ciência de Dados, IA e P&D tem como foco entender o comportamento dos clientes da Porto e, a partir disso, potencializar a geração de valor para a empresa através de modelos, análises, estudos e Inteligências Artificiais.","Desenvolver, implementar e evoluir modelos estatísticos e de machine learning que tragam valor tangível ao negócio, em parceria com Product Owners, engenheiros de dados e áreas de negócio;
Atuar desde a exploração de dados até a implantação em produção, garantindo qualidade, reprodutibilidade e governança dos modelos;
Conduzir análises avançadas e gerar insights para apoiar decisões estratégicas e a priorização do backlog de produtos de dados;
Participar ativamente da definição de hipóteses, experimentos e métricas de sucesso das soluções analíticas e de IA;
Contribuir para a estruturação de pipelines, boas práticas de versionamento, monitoramento e manutenção dos modelos em produção (MLOps);
Apoiar o time na definição de padrões técnicos, mentorando cientistas de dados juniores e fortalecendo a excelência técnica do grupo;
Promover o uso estratégico da ciência de dados na Porto, atuando como referência técnica e impulsionando a adoção das soluções desenvolvidas;
Documentar metodologias, resultados e riscos associados aos modelos, garantindo conformidade com políticas de governança e compliance.","Experiência comprovada como Cientista de Dados, com atuação em projetos de ponta a ponta (exploração modelagem deploy monitoramento);
Domínio em programação para ciência de dados (Python, SQL, bibliotecas como scikit-learn, pandas, PyTorch ou TensorFlow;
Forte base em estatística, modelagem preditiva, algoritmos de ML e análise de dados;
Experiência em manipulação e tratamento de grandes volumes de dados estruturados e não estruturados;
Conhecimento em práticas de MLOps (deploy de modelos, versionamento, monitoramento, retraining);
Habilidade para traduzir análises complexas em linguagem clara e orientada ao negócio;
Boa comunicação e capacidade de atuar em times multidisciplinares (PO, engenharia, negócio).

Desejáveis:
Vivência em setores como seguros, serviços financeiros ou saúde.Experiência com ferramentas de visualização e storytelling de dados (Power BI, Tableau, Looker).Conhecimento de arquiteturas em nuvem (preferencialmente GCP);
Experiência com testes de hipótese, experimentação e P&D em ciência de dados;
Atuação prévia em projetos de IA generativa ou aplicações avançadas de NLP;
Pós-graduação ou mestrado em áreas quantitativas (Estatística, Computação, Matemática, Engenharias etc.);
Transformar dados complexos em soluções escaláveis de IA que gerem impacto real para o negócio;
Atuar em um ecossistema dinâmico, conciliando entregas técnicas e prioridades estratégicas;
Garantir a robustez, governança e sustentabilidade dos modelos ao longo de todo o ciclo de vida.","BENEFÍCIOS

Vale Alimentação e Refeição Flexíveis;
Plano de Saúde;
Plano Odontológico;
Wellhub e TotalPass;
Academia Bio Ritmo exclusiva para Colaboradores: no Complexo Matriz;
Participação nos Lucros - PLR;
Programa de Ações: Porto em Ação: complementar à PLR até 2025;
Quadras de Areia e Poliesportiva: no Complexo Matriz;
Vale-Transporte;
Serviços de Transporte de Vans; disponibilizadas nas principais estações de acesso à Porto (Luz, Barra Funda, Santa Cecília e Júlio Prestes);
Licença Parental Estendida: até 40 dias para todas as configurações familiares;
Licença Maternidade Estendida de 6 meses.;
Ambulatório Médico com Especialidades: no Complexo Matriz e Barra Funda;
Auxílio creche ou babá;
Seguro de Vida;
Previdência Privada - PortoPrev;
Desconto em Produtos e Serviços;
Bolsa de estudos: Reembolso para graduação, pós ou MBA;
Corridas mensais: subsídio para as principais corridas de ruas de São Paulo
Reembolso para idiomas (inglês ou espanhol);
Teatro Porto: sessões exclusivas para Colaboradores;
Biblioteca;
Sala de descanso: no completo Matriz
Salão de jogos: no complexo Matriz
Serviços de massagem e podologia: no completo Matriz
Local de trabalho: Campos Elísios(4x presencial 1x home);

       ","Etapa 1: Cadastro
1
Cadastro | Etapa 2: Triagem
2
Triagem | Etapa 3: Teste/Case
3
Teste/Case | Etapa 4: Entrevista RH
4
Entrevista RH | Etapa 5: Entrevista Gestor(a)
5
Entrevista Gestor(a) | Etapa 6: Contratação
6
Contratação"
Cientista de Dados - Sênior (HIbrido-SP),Publicada em 03 de setembro de 2025,"São Paulo - SP
São Paulo - SP","Efetivo
Efetivo","Híbrido
Híbrido",Sim,"Transforme o futuro com a Minsait

Na Minsait, acreditamos na tecnologia como força para transformar realidades e gerar impacto positivo. Desenvolvemos soluções que conectam inovação, eficiência e progresso em setores essenciais como administração pública, telecomunicações & mídia, energia & utilities, indústria & consumo, saúde e finanças.
Aqui, você encontra um ambiente que valoriza a autonomia, a colaboração e o crescimento contínuo, com projetos desafiadores e oportunidades reais de desenvolvimento.

Nosso jeito de ser
Inovamos com propósito
Crescemos com responsabilidade
Valorizamos a diversidade e quem transforma

Valores
Inovação, conexão, confiança e antecipação de futuro
 
Se você busca desafios com significado, a Minsait é o seu lugar.","Geral: Buscamos um(a) Cientista de Dados com perfil analítico, proativo e voltado à experimentação. Será responsável por transformar dados brutos — como planilhas, arquivos CSV, macros e APIs — em soluções analíticas ágeis, com foco em automação de processos e geração de insights para as áreas de negócio. A atuação será híbrida, com presença na unidade do cliente localizada na Chácara Santo Antônio – SP.

Atividades:
Realizar ingestão e transformação de dados não estruturados/semi-estruturados (planilhas, macros, APIs) para o Data Lake;
Automatizar processos manuais por meio de scripts em Python ou PySpark;
Desenvolver POCs (Provas de Conceito) e dashboards analíticos no Power BI para validação com áreas de negócio;
Estruturar pipelines analíticos leves, com integração ao time de engenharia de dados;
Atuar próximo às áreas de negócio, participando do levantamento de requisitos e propondo melhorias;
Avaliar a viabilidade de internalização e automação de processos;
Identificar oportunidades de eficiência operacional com base em dados.","Requisitos técnicos:
Experiência sólida em Python e/ou PySpark para tratamento e análise de dados;
Domínio de Power BI para criação de dashboards e modelagem de dados;
Vivência em ambientes cloud (Azure), com utilização de Data Lake, Azure DevOps e pipelines CI/CD;
Bons conhecimentos em SQL para extração e manipulação de dados;
Familiaridade com Git para versionamento de código.

Conhecimentos Desejáveis:
Conhecimento em Unity Catalog, Delta Sharing e MLflow;
Noções de governança de dados e automação de processos em nuvem;
Experiência com macros complexas e planilhas corporativas;
Vivência anterior no segmento de aviação será considerada um diferencial.

Formação acadêmica desejável:
Ensino superior completo em Ciência de Dados, Engenharia da Computação, Ciência da Computação, Sistemas de Informação ou áreas correlatas.","TRABALHE NA MINSAIT

Modelo de contratação CLT.
Plano de Saúde subsidiado pela empresa para o titular.
Opção de inclusão de dependentes no Plano de Saúde com desconto em folha de pagamento.
Assistência Odontológica (opcional).
Opção de inclusão de dependentes no Plano de Assistência Odontológica com desconto em folha de pagamento.
Vale Refeição ou Vale Alimentação.
Vale Transporte (opcional).
Impact & Care - Programa de Orientação Pessoal que visa oferecer suporte emocional e aconselhamento com orientação confidencial nas áreas psicológica, jurídica, financeira, social e pet sem custo para titular e dependentes legais.
Gympass - Wellhub (Acesso a mais de 700 academias em todo o Brasil com planos a partir de R$ 29,90 descontado em folha de pagamento).
Opção de inclusão de dependentes no Gympass - Wellhub (até 03 dependentes - pago via cartão de crédito).
Acesso a Udemy de forma pela nossa intranet.
Parcerias com grandes marcas de consumo.
Convênio com o SESC para titular e dependentes.
Convênios para descontos com instituições de ensino (graduação e pós-graduação) e escola de idiomas/Certificadoras.
Seguro de vida em grupo.

Nosso compromisso com a diversidade é um elemento-chave da nossa cultura: Igualdade de oportunidades, respeito pelas pessoas e não discriminação são princípios de atuação para todos os profissionais da Minsait. Integramos o Bloomberg Gender-Equality Index (GEI) 2021 em termos de diversidade e igualdade de gênero.

Todas as nossas vagas são abertas também para PCDs.

Somos aproximadamente 50k Minsaiters no Mundo, sendo cerca de 7k no Brasil e estamos presentes nas maiores empresas em todos os setores. Nossa estrutura permite participar de projetos globais e proporciona um ambiente colaborativo que nos certifica em GreatPlacesToWork e planos diferenciados para Jovens Profissionais também reconhecidos pela Employers for Youth. 

Você atuará no nosso time em um projeto estratégico, utilizando metodologias ágeis e em um ambiente de inovação.

Buscamos profissionais com senso de dono, comprometidos com o sucesso do nosso cliente e com o desenvolvimento da sua carreira dentro da Minsait

Você será um pilar fundamental nos melhores e maiores projetos de TI do Brasil e em nível global.


Venha ser um Minsaiter!","Etapa 1: Cadastro
1
Cadastro | Etapa 2: Entrevista RH
2
Entrevista RH | Etapa 3: Entrevista Técnica /DN
3
Entrevista Técnica /DN | Etapa 4: Entrevista Gestão / Cliente
4
Entrevista Gestão / Cliente | Etapa 5: Oferta
5
Oferta | Etapa 6: Contratação
6
Contratação"
Cientista de Dados - Lyceum,Publicada em 02 de setembro de 2025,Não informado,"Efetivo
Efetivo","Remoto
Remoto",Sim,"Há mais de 30 anos, desenvolvemos soluções que ajudam organizações públicas e privadas que são referência no Brasil a atingir seus objetivos melhorando a performance da gestão. Possuímos um time de especialistas em educação, gestão de pessoas, saúde e tecnologia para garantir a transformação digital do seu negócio.

Se você tem interesse em atuar com as tecnologias mais avançadas em uma empresa que preza por:

🎉Ambiente digital e descontraído
Equipe diversificada, multicultural e cheia de oportunidades
 🙌 Autonomia no trabalho
Reconhecemos o seu talento. Tenha liberdade para propor soluções

🚀Desenvolvimento
Valorizamos sua dedicação e queremos que você evolua com a gente

🏆Fazer a diferença
Cresça conosco e mude a vida de milhões de pessoas","Coletar dados de diferentes fontes, como bancos de dados, sistemas ERP, CRMs e APIs.
Integrar e preparar dados para análise, garantindo sua consistência.
Realizar análise exploratória e aplicar técnicas de estatística e machine learning para geração de insights.
Desenvolver dashboards dinâmicos e relatórios interativos em ferramentas de BI como Power BI ou Tableau.
Fornecer suporte à tomada de decisão estratégica baseada em dados.
Identificar oportunidades de melhoria nos processos de negócios.
Colaborar com equipes diversas para alinhar objetivos de negócio com soluções analíticas.","Esperamos que você tenha:
Proficiência em ferramentas de BI como Power BI, Tableau, QlikView ou Looker.
Experiência sólida em SQL para consultas e criação de relatórios.
Conhecimento em bancos de dados relacionais (MySQL, PostgreSQL) e, preferencialmente, em bancos NoSQL (MongoDB).
Habilidade para criar dashboards interativos e relatórios visuais de fácil interpretação.



E será um diferencial se você tiver:
Experiência com ferramentas de ETL, como Talend, Apache Nifi, ou soluções em Python.
Conhecimento em métodos estatísticos e técnicas analíticas.
Experiência em modelagem de dados analíticos e de reporting.
Capacidade de comunicação para traduzir análises complexas em insights claros e acionáveis.
Experiência em análise preditiva, utilizando técnicas como regressão ou machine learning (Random Forest, XGBoost, etc.).
Formação complementar ou certificações em áreas relacionadas a BI e análise de dados.



Além disso, consideramos competências importantes:
Pensamento analítico
Capacidade de solucionar problemas de forma estruturada
Organização
Proatividade
Gerenciamento de tempo
Trabalho em equipe","Benefícios que fazem a diferença:
 💻 Treinamentos contínuos para você se manter à frente
🏠 Ajuda de Custo Teletrabalho
🎫 VA/VR para seu conforto no dia a dia
✨ Assistência Médica completa para seu bem-estar
🎉 Day Off no mês do seu aniversário porque celebrar é importante
🏋️ Wellhub - Gympass para cuidar do corpo e da mente
🛟 Pluxe-Cuida, com apoio psicológico, financeiro e jurídico
🎭 SESC para lazer, cultura e bem-estar
👶 Licença-paternidade estendida para aproveitar mais tempo com a família
 Junte-se ao Lyceum e faça parte da revolução na gestão educacional!","Etapa 1: Cadastro
1
Cadastro | Etapa 2: Triagem
2
Triagem | Etapa 3: Entrevista RH
3
Entrevista RH | Etapa 4: Entrevista Gestor
4
Entrevista Gestor | Etapa 5: Validação Técnica
5
Validação Técnica | Etapa 6: Avaliação Comportamental
6
Avaliação Comportamental | Etapa 7: Proposta
7
Proposta | Etapa 8: Contratação
8
Contratação"
Cientista de Dados (Foco em dados da engenharia de ferramental),Publicada em 02 de setembro de 2025,"São José dos Campos - SP
São José dos Campos - SP","Efetivo
Efetivo","Presencial
Presencial",Sim,"Como é a área:
Planejamento, programação de ferramental
Gestão técnica de fornecedores de ferramental
Gestão dos sistemas da qualidade de ferramental
Estimativas de custo","Como será o seu dia a dia:
Explorar e tratar dados da área de planejamento de engenharia de ferramental;
Desenvolver modelos de IA para automatizar tarefas e melhorar a tomada de decisão;
Implementar análises estatísticas e soluções preditivas;
Interagir com diferentes áreas e fornecedores para viabilizar projetos de dados;
Promover a cultura de dados e apoiar a transformação digital da área;
Participar de iniciativas estratégicas e contribuir com visão analítica para melhoria contínua;
Exemplos de projetos a se engajar:
o  Estimativa de custo automatizada
o  Automatizações para ganhar eficiência em atividades manuais (IA, machine learning...)
o  Predição lead time + gestão do aplicativo de lead time
o  Análises de cenários futuros (demandas por tecnologia, previsão de crescimento de demanda, crescimento da equipe...)","Para este desafio, você precisa ter:
Superior completo (necessário ter o certificado de colação de grau ou diploma) em Ciência de Dados, Ciência da Computação, Matemática, Tecnologia, Ciências da Computação, Engenharia da Computação, Administração, Economia ou áreas afins;
Inglês técnico para leitura de documentação e comunicação básica com fornecedores;
Experiência com manipulação de grandes volumes de dados (Big Data);
Experiência em programação avançada em Python;
Experiência com Machine Learning e bibliotecas como Scikit-learn, TensorFlow ou PyTorch;
Conhecimento sólido em Estatística;
Capacidade de desenvolver, validar e implementar modelos de IA;
Conhecimento em Cloud Computing, com foco em GCP ou AWS.
 Você se destaca se tiver:
Experiência com SQL e bancos de dados relacionais e não relacionais;
Familiaridade com Power BI;
Conhecimento em R;
Experiência em projetos de estimativa, classificação, clusterização e previsão.","Modelo de trabalho presencial para São José dos Campos / SP.


Benefícios:
Seguro de Vida
Convênio Médico 
Convênio Odontológico
Benefício Vacina
Benefício Farmácia 
Wellhub (Gympass)
Refeitório na empresa
PLR (Participação de Lucros e Resultados)
Previdência Privada
Cooperativa
EMpower (plataforma interna de treinamento e desenvolvimento)



Precisa de suporte com a plataforma Gupy? Acesse o link abaixo:

Página Central de Suporte ao Candidato
Site dedicado a guiar e orientar a pessoa candidata sobre todas as ferramentas: https://suporte-candidatos.gupy.io/s/suporte/","Etapa 1: Cadastro
1
Cadastro | Etapa 2: Triagem (Screening)
2
Triagem (Screening) | Etapa 3: Análise de Perfil (Talent Acquisition)
3
Análise de Perfil (Talent Acquisition) | Etapa 4: Entrevista com o Time
4
Entrevista com o Time | Etapa 5: Finalistas
5
Finalistas | Etapa 6: Contratação
6
Contratação"
Cientista de Dados,Publicada em 30 de agosto de 2025,Não informado,"Efetivo
Efetivo","Remoto
Remoto",Sim,"Estamos buscando novos talentos para atuar como Cientista de Dados em uma empresa de Software ERP Enterprise!

""Somos apaixonados pela inovação e promovemos a conexão entre os times para que juntos possamos trabalhar com maior sinergia. Nosso compromisso é gerar valor aos nossos clientes e criar experiências, para que as pessoas possam tornar as rotinas mais simples e fluidas com a utilização das nossas soluções e serviços.""

Confirme sua participação no processo se inscrevendo no link a baixo.","Coletar dados de diferentes fontes, como bancos de dados, sistemas ERP, CRMs e APIs.
Integrar e preparar dados para análise, assegurando sua consistência.
Realizar análise exploratória e aplicar técnicas de estatística e machine learning para gerar insights.
Desenvolver dashboards dinâmicos e relatórios interativos em ferramentas de BI como Power BI ou Tableau.
Fornecer suporte à tomada de decisão estratégica com base em dados.
Identificar oportunidades de melhoria nos processos de negócios.
Colaborar com equipes diversas para alinhar objetivos de negócio com soluções analíticas","É importante que você tenha:
Ensino superior em cursos relacionados a análise de dados, estatística.
Proficiência em ferramentas de BI como Power BI, Tableau, QlikView ou Looker.
Experiência sólida em SQL para consultas e criação de relatórios.
Conhecimento em bancos de dados relacionais (MySQL, PostgreSQL) e, de preferência, em bancos NoSQL (MongoDB).
Habilidade para criar dashboards interativos e relatórios visuais de fácil interpretação.

E será um diferencial se você:
Experiência com ferramentas de ETL, como Talend, Apache Nifi, ou soluções em Python.
Conhecimento em métodos estatísticos e técnicas analíticas.
Experiência em modelagem de dados analíticos e de reporting.
Capacidade de comunicação para traduzir análises complexas em insights claros e acionáveis.
Experiência em análise preditiva, utilizando técnicas como regressão ou machine learning (Random Forest, XGBoost, etc.).
Formação complementar ou certificações em áreas relacionadas a BI e análise de dados.

E será ainda melhor se você tiver:
Capacidade de resolver problemas complexos de forma estruturada.
Proatividade para identificar e implementar melhorias.
Boa organização e gerenciamento de tempo.
Habilidade para trabalhar em equipe de forma colaborativa.","Informações da Vaga
Horário de trabalho: Das 08h às 17h ou das 09h às 18h
Benefícios:
Assistência médica
Vale Alimentação ou Vale Refeição
Day-off no aniversário
Licença paternidade
Auxílio creche

Regime de Contratação: CLT
Formato de Trabalho: Remoto","Etapa 1: Cadastro
1
Cadastro | Etapa 2: Triagem
2
Triagem | Etapa 3: Validação
3
Validação | Etapa 4: Entrevista
4
Entrevista | Etapa 5: Avaliação do Gestor
5
Avaliação do Gestor | Etapa 6: Decisão Final
6
Decisão Final | Etapa 7: Contratação
7
Contratação"
[Ambev Global Tech] Cientista de Dados Sênior - LOG,Publicada em 29 de agosto de 2025,"Campinas - SP
Campinas - SP","Efetivo
Efetivo","Presencial
Presencial",Sim,"Buscamos um Cientista de Dados Sênior para desenvolver soluções analíticas que apoiem decisões estratégicas.
Você será responsável por liderar projetos end-to-end, desde a concepção até o deploy em produção, criando modelos estatísticos e de machine learning, além de produtos de IA em nuvem (preferencialmente Azure e Databricks). O candidato ideal combina forte base técnica em Python, SQL e ML com a capacidade de traduzir dados complexos em insights de negócio.","Responsibilities
Liderar projetos de Data Science ponta a ponta, garantindo entregas de impacto para o negócio.
Projetar e implementar modelos estatísticos, de machine learning e de otimização.
Desenvolver e implantar produtos de IA com pipelines modernos (Azure DevOps).
Comunicar insights e resultados de forma clara para liderança sênior.
Documentar processos e promover boas práticas de Data Science e MLOps.","Formação em áreas quantitativas (Estatística, Economia, Engenharia, Ciência da Computação ou similares).
Sólida experiência em ETL, análise exploratória de dados (EDA) e modelagem preditiva, com domínio de:
Fundamentos estatísticos: inferência, testes de hipóteses, amostragem, regressões lineares e generalizadas, avaliação de métricas e calibração de modelos.
Validação e robustez de modelos: cross-validation estratificada/temporal, prevenção de leakage, tratamento de classes desbalanceadas e seleção de variáveis.
Machine Learning aplicado: regressão e classificação, ensembles (XGBoost, LightGBM, CatBoost), SVM, clustering (K-Means, DBSCAN) e redução de dimensionalidade (PCA, UMAP).
Séries temporais: geração de features, splits temporais adequados, avaliação por horizonte de previsão, forecasting clássico e baseado em ML.
Deep Learning: redes neurais para visão computacional, NLP e previsão temporal, com TensorFlow, Keras ou PyTorch.
Otimização matemática e pesquisa operacional: aplicação de programação linear, inteira e não linear, além de heurísticas e metaheurísticas, para problemas de supply chain, logística, alocação de recursos e planejamento sob restrições.
Experiência mínima de 4 anos em Data Science ou Analytics, com histórico de projetos end-to-end em produção.
Python (obrigatório), com domínio de bibliotecas (pandas, scikit-learn, TensorFlow, Keras, PyTorch) e SQL.
Vivência em MLOps (MLflow, CI/CD, monitoramento de performance e drift).
Experiência em cloud (preferencialmente Azure e Databricks; GCP/AWS como diferencial).
Capacidade de criar visualizações analíticas impactantes em Python.
Inglês fluente (mandatório); Espanhol preferencial.
Excel e PowerPoint avançados.
Diferenciais
Experiência prévia no setor CPG (Consumer Packaged Goods).
Atuação anterior em Supply Chain Domain.","Vale refeição ou alimentação ifood;
Vale transporte;
Bônus;
Plano de saúde e Telemedicina;
Convênio odontológico;
Convênio Farmácia;
Seguro de vida;
Instituto Ambev de Previdência Privada;
Auxílio Material Escolar;
Cesta de Natal e Kit Congelado;
Brinquedos de Natal;
Empresa cidadã (licença maternidade e paternidade) e presente do bebê;
Desconto mensal em produtos AMBEV;
Wellhub (Gympass);
Fretado;
Abono anual referente a um salário.","Etapa 1: Cadastro
1
Cadastro | Etapa 2: Validação de Perfil
2
Validação de Perfil | Etapa 3: Entrevista com a Gestão
3
Entrevista com a Gestão | Etapa 4: Contratação
4
Contratação"
Cientista de Dados Jr. - TI (São Paulo/SP),Publicada em 28 de agosto de 2025,"São Paulo - SP
São Paulo - SP","Efetivo
Efetivo","Híbrido
Híbrido",Sim,"Você é curioso(a), apaixonado(a) por dados e quer começar sua jornada transformando números em decisões estratégicas?

Venha ser nosso(a) Cientista de Dados Jr! Aqui, você vai atuar ao lado de um time experiente, participando do desenvolvimento de análises, modelos preditivos e soluções inteligentes que impactam diretamente os nossos resultados.

O nosso time de Dados e Tecnologia está de portas abertas te esperando!

#vemseralares
#vagasalaresinternet","Você vai fazer aqui:

Apoiar na coleta, limpeza e organização de dados de diferentes fontes (estruturadas e não estruturadas);
Realizar análises exploratórias para identificar padrões e gerar insights para as áreas de negócio;
Contribuir no desenvolvimento de modelos estatísticos, de machine learning e IA generativa, com supervisão do time;
Participar da documentação de processos analíticos, pipelines de dados e entregas de projetos;
Trabalhar em parceria com as áreas de negócio, BI e engenharia de dados para resolver problemas reais com soluções analíticas.
Proporcionar a constante evolução da rotina de trabalho, alinhada as metodologias ágeis.","Você não pode deixar de ter:

Ensino Superior Completo, completo ou em andamento, em Tecnologia, Ciência de Dados, Engenharia, Matemática, Estatística ou áreas afins;
Conhecimentos em técnicas de Modelagem de Dados e ETL;
Conhecimento básico em linguagens de programação para análise de dados (Preferencialmente Python);
Noções de SQL para consultas em bancos de dados relacionais;
Familiaridade com conceitos de estatística básica e de machine learning;
Conhecimento básico de visualização de dados;
Conhecimento em Metodologias ágeis como o Scrum e Kanban.

Se você tiver, será um diferencial:

Já ter trabalhado em projetos práticos, acadêmicos ou pessoais envolvendo análise ou ciência de dados.
Conhecimento em ferramentas de Data Warehouse ou bancos como BigQuery;
Vivência em disponibilização de dados através do uso de APIs;
Experiência em empresas de Telecom;
Experiência com versionamento de código (Git/GitHub);
Inglês Técnico (para leitura de logs);
Conhecimento básico em ferramentas de orquestração de dados como Airflow;
Capacidade de explicar conceitos analíticos de forma clara para públicos não técnicos;
Conhecimento em Cloud Computing e ecossistema de BIG Data (Preferencialmente GCP).","Você terá aqui:

Vale Refeição ou Alimentação;
Vale Transporte;
Plano de Saúde;
Plano Odontológico;
Seguro de Vida;
Participação nos lucros;
TotalPass;
VidaLink.","Etapa 1: Cadastro
1
Cadastro | Etapa 2: Entrevista com RH
2
Entrevista com RH | Etapa 3: Entrevista com Gestor
3
Entrevista com Gestor | Etapa 4: Contratação
4
Contratação"
Cientista de Dados Sênior | Data & AI,Publicada em 27 de agosto de 2025,"São Paulo - SP
São Paulo - SP","Efetivo
Efetivo","Híbrido
Híbrido",Sim,"Sobre a área: 
Somos uma área com foco em soluções baseadas em dados e inteligência artificial. Atuamos no time de inteligência de dados, enfrentando desafios diversos na Globo — como projetos voltados para audiência, jornalismo de dados, conteúdo e soluções de enterprise. Trabalhamos com forte interface com o negócio e desenvolvemos modelos de IA que vão desde abordagens tradicionais até aplicações com modelos de linguagem de larga escala (LLMs). Valorizamos a colaboração, a troca de conhecimento e o respeito — aqui, você encontrará espaço para inovar, aprender e gerar impacto real.

Diversidade:
Criamos ambientes onde todas as pessoas são incluídas, acolhidas e valorizadas. Nos empenhamos em ser uma Globo cada vez mais diversa, em representatividade e pensamento, aprendendo uns com os outros e estimulando a criatividade e inovação. 

Modelo de trabalho: Híbrido - São Paulo/SP","Como será seu dia a dia:  
Realizar análises em grandes e ricos conjuntos de dados para extrair insights acionáveis que ajudarão na tomada de decisão visando objetivos de negócio;
Trabalhar em time multidisciplinar colaborando com outros cientistas de dados, engenheiros de machine learning, desenvolvedores, POs e engenheiros de dados para ajudar na formulação e avaliação de hipóteses que apoiem o desenvolvimento do produto;
Defender a tomada de decisões orientada por dados, fornecendo recomendações para aprimorar o desempenho e a experiência do usuário;
Construir, produtizar, avaliar e dar manutenção a modelos de Machine Learning visando o aumento de engajamento, retenção e entendimento do comportamento dos usuários.","Do que você precisa: 
3+ anos de experiência comprovada como Cientista de Dados;
Graduação em Ciência de Dados, Estatística, Matemática, Ciência da Computação ou Engenharias;
Proficiência em Python e SQL para análise e modelagem de dados;
Ter trabalhado com computação em nuvem (GCP e AWS);
Experiência com manipulação de grandes volumes de dados;
Sólido conhecimento sobre conceitos e técnicas estatísticas (distribuições estatísticas, testes de hipótese, estatística multivariada, entre outros);
Experiência em técnicas tradicionais de Machine Learning (classificação, regressão, séries temporais, entre outras);
Sólido conhecimento em técnicas de NLP (classificação de texto, análise de sentimentos, modelagem de tópicos etc);
Experiência com frameworks de Machine Learning (TensorFlow; Keras; Scikit Learn; PyTorch);
Boa capacidade de comunicar insights baseadas em dados de forma clara, objetiva e assertiva;
Ter conhecimento em ferramentas de versionamento de código (git).

Conhecimentos que te destacam:   
Ter experiência em empresas de mídia digital, especialmente suportada por publicidade;
Pós-graduação com foco em Machine Learning;
Experiência com arquiteturas de Deep Learning (Transformers; CNNs; RNNs; AutoEncoders; LLMs);
Experiências com LLMs, engenharia de prompt, RAG, fine tuning de modelos fundacionais;
Experiências com produtificação de modelos de Machine Learning;
Conhecimento de ferramentas e práticas de MLOPs (Docker/Kubernetes; Vertex pipelines; Model Monitoring; Continuous Traning);
Inglês intermediário (escrita, leitura e conversação);
Experiência com Google Cloud Platform (BigQuery, Vertex AI, Dataflow etc).","Por que vir para Globo:  
Vem e vamos criar histórias e tecnologias juntos.
Na Globo, o encontro de histórias com tecnologia move um time diverso e apaixonado por inovação.
A gente tem a chance de aproximar os brasileiros, criando novas formas de se conectar com eles.
Aqui, cada um faz a transformação acontecer.

Nossos processos seletivos estão acontecendo de forma 100% remota. #vempraglobo  

Quer saber mais sobre como é trabalhar na Globo? Vem acompanhar nosso dia a dia, desafios e conquistas nas nossas redes: 
https://www.linkedin.com/company/globo  
https://www.instagram.com/vempraglobo   
https://www.youtube.com/c/VemPraGlobo/  

Os seus dados pessoais serão utilizados para fins de seleção de candidatos para preenchimento das vagas abertas na Globo. Os dados pessoais coletados durante o processo seletivo dos candidatos que não forem admitidos neste momento poderão ser mantidos nos bancos de dados para consideração em futuros processos seletivos. Todos os dados coletados serão tratados segundo rígidos padrões de segurança da informação e em total respeito às leis de privacidade aplicáveis, incluindo a Lei 13.709/18, e nos termos de nossa política de privacidade, disponível no link: https://vempraglobo.g.globo/files/politica_de_privacidade.pdf 
Ao prosseguir você está ciente e de acordo para realização de sua candidatura nestes termos. ","Etapa 1: Cadastro
1
Cadastro | Etapa 2: Triagem
2
Triagem | Etapa 3: Bate-Papo Inicial
3
Bate-Papo Inicial | Etapa 4: Avaliação Técnica
4
Avaliação Técnica | Etapa 5: Bate-papo com o Time
5
Bate-papo com o Time | Etapa 6: Análise Final
6
Análise Final | Etapa 7: Contratação
7
Contratação"
CIENTISTA DE DADOS - NEOCREDIT,Publicada em 26 de agosto de 2025,"Joinville - SC
Joinville - SC","Associado
Associado","Híbrido
Híbrido",Sim,"Sobre nós:

A Neocredit analisa informações de crédito e comportamento, internas e externas proporcionando uma analise personalizada.

Buscamos um(a) Cientista de Dados com visão de negócio para transformar nosso rico ecossistema de dados em inteligência competitiva. Sua missão será liderar a análise de dados e o desenvolvimento de modelos preditivos que irão potencializar nossos produtos e otimizar nossas operações. Este é um papel fundamental para o próximo salto de inovação da Neocredit.

Venha fazer parte do nosso time!","Análise e BI: Desenvolver e manter dashboards para monitoramento de KPIs de negócio, como performance da plataforma, custos operacionais e indicadores financeiros.
Modelagem Preditiva: Criar, validar e implementar modelos de machine learning para aprimorar a análise de crédito, como scores de inadimplência, modelos comportamentais e detecção de anomalias.
Geração de Insights: Realizar análises profundas para identificar tendências, padrões e oportunidades de negócio, comunicando os resultados de forma clara para as equipes de produto e liderança.
Estratégia de Dados: Contribuir ativamente com ideias para aprimorar a coleta, o enriquecimento e a utilização dos dados na plataforma.","Qualificações Necessárias:

Formação em Estatística, Ciência da Computação, Engenharia ou áreas quantitativas.
Experiência prévia atuando como Cientista de Dados ou em função similar.
Forte conhecimento em Python e suas bibliotecas para dados (Pandas, Scikit-learn, etc.).
Proficiência em SQL para manipulação de grandes volumes de dados.
Sólida base em estatística e algoritmos de machine learning.
Experiência com ferramentas de Business Intelligence (Power BI, Tableau, Metabase ou similar).
Perfil proativo, com excelente capacidade de resolução de problemas.

Qualificações Desejáveis (Diferenciais):

Experiência no setor financeiro, de crédito ou em fintechs.
Conhecimento em ambientes de nuvem (AWS, GCP ou Azure).
Noções de MLOps (deploy e monitoramento de modelos).",Não informado,"Etapa 1: Cadastro
1
Cadastro | Etapa 2: Entrevista com Recrutamento e Seleção
2
Entrevista com Recrutamento e Seleção | Etapa 3: Testes
3
Testes | Etapa 4: Entrevista com Gestor(a)
4
Entrevista com Gestor(a) | Etapa 5: Contratação
5
Contratação"
CIENTISTA DE DADOS - MATRIZ ADMINISTRATIVA,Publicada em 24 de agosto de 2025,"São Paulo - SP
São Paulo - SP","Efetivo
Efetivo","Híbrido
Híbrido",Sim,"Somos Todos Instituto
 Fundado em 2008, o Instituto de Responsabilidade Social Sírio-Libanês (IRSSL) nasceu com o propósito de fortalecer a atuação social voluntária da Sociedade Beneficente de Senhoras do Hospital Sírio-Libanês na saúde pública do Brasil, tendo como missão levar a excelência administrativa e operacional, já reconhecida no setor privado, às esferas municipais e estaduais do País.
 O Instituto administra atualmente 13 unidades de saúde: Hospital Municipal Infantil Menino Jesus, Hospital Geral do Grajaú, Hospital Regional de Jundiaí, Hospital Regional de Registro, Hospital Regional Rota dos Bandeirantes (Barueri), Hospital Geral de Taipas, Hospital Geral de Vila Penteado, AME Interlagos, AME Jundiaí, AMAS, Ambulatório de Gratuidades, Núcleo de Saúde da Fundação Lia Maria Aguiar, Serviço de Reabilitação Lucy Montoro de Mogi Mirim.
 Nosso propósito
 Compartilhar a excelência na saúde pública com relevância social.
 Nossa visão
 Ser uma organização social protagonista na jornada de excelência em saúde com responsabilidade social no Brasil.
 Nossos valores
 S Solidariedade
E Excelência
R Resultado
 Descubra mais sobre nós clicando no link abaixo.
 http://irssl.org.br/institucional/#institucional","Desenvolver modelos analíticos para avaliação de desfechos clínicos, eficiência de protocolos médicos e qualidade assistencial;
Analisar dados clínicos, epidemiológicos e operacionais para apoiar a tomada de decisões no setor de Práticas Médicas;
Criar dashboards e relatórios interativos para monitoramento de indicadores de saúde e performance hospitalar;
Aplicar inteligência artificial e machine learning para identificação de padrões e predição de riscos clínicos;
Trabalhar junto às equipes médicas para identificar oportunidades de melhoria nos protocolos assistenciais;
Garantir a qualidade, integridade e governança dos dados clínicos analisados;
Desenvolver algoritmos para otimização de fluxos assistenciais e redução de eventos adversos;
Monitorar tendências tecnológicas e regulatórias em ciência de dados para saúde;","Ensino Superior Completo: Ciência de Dados
Pós Graduação: Saúde Digital, Ciência de dados aplicada à saúde ou áreas correlatas","Remuneração + Pacote de benefícios completo.
• Vale Transporte
• Vale Alimentação 
• Vale Refeição (Exceto para as unidades que possuem Refeitório)
• Assistência Médica
• Assistência Odontológica
• Seguro de Vida
• Convênio Farmácia
• Auxílio Creche 
• Clube de Benefícios","Etapa 1: Cadastro
1
Cadastro | Etapa 2: CADASTRO COMPLEMENTAR (COMPLIANCE)
2
CADASTRO COMPLEMENTAR (COMPLIANCE) | Etapa 3: ENTREVISTA COM RH
3
ENTREVISTA COM RH | Etapa 4: ENTREVISTA COM GESTOR
4
ENTREVISTA COM GESTOR | Etapa 5: Contratação
5
Contratação"
Cientista de Dados (IA e Python),Publicada em 22 de agosto de 2025,Não informado,"Efetivo
Efetivo","Remoto
Remoto",Sim,"Somos a maior multinacional brasileira e estamos entre as 100 maiores empresas de TI do mundo.

Estamos presentes em 41 países com +30k colaboradores. A Stefanini tem como principal objetivo auxiliar os clientes a encontrar, por meio de soluções personalizadas, a maneira ideal para alcançar seus desafios, impulsionando a inovação digital.

E queremos mais!","Cientista de Dados (com foco em IA e Python)

Conhecimentos Essenciais:
Experiência com projetos de Inteligência Artificial e Machine Learning. 
Domínio de Python e bibliotecas como:
Pandas, Numpy, Scikit-learn, TensorFlow, PyTorch, Keras, Matplotlib, Seaborn.
Conhecimento em SQL e habilidade para escrever consultas complexas. 
Familiaridade com boas práticas de versionamento de código (Git). 
Conhecimento em tratamento, análise e preparação de dados (data wrangling, feature engineering). 
Experiência com testes automatizados com foco em dados e scripts (ex: pytest). 
Ingestão e Manipulação de Dados
Entendimento de processos de ETL / ELT e tratamento de dados. 
Experiência com ferramentas de ingestão e transformação de dados, como:
Airbyte, dbt, Kafka Connect, Apache Nifi (desejável).
Familiaridade com orquestradores de pipeline de dados como Apache Airflow, Dagster ou Prefect. 
Bancos de Dados
Experiência prática com bancos de dados relacionais:
PostgreSQL, MySQL, SQL Server, Oracle.
Conhecimento básico em bancos NoSQL:
MongoDB, Redis.
Capacidade de otimizar consultas para grandes volumes de dados.
Data Warehousing e Modelagem Dimensional
Conhecimento em modelagem de dados e práticas de Data Warehousing:
Star Schema, Snowflake Schema, Slowly Changing Dimensions, entre outros.
Big Data (Diferenciais)
Familiaridade com ferramentas de Big Data, como:
Apache Spark, Apache Kafka, Hadoop, Flink.
Experiência em processamento de dados em larga escala será um diferencial.
APIs e Integrações
Experiência no consumo de APIs REST (para coletar dados externos). 
Conhecimento de princípios REST e protocolo HTTP.
Noções básicas sobre autenticação com OAuth/JWT.
Visualização e BI (Desejável)
Experiência com ferramentas de visualização de dados, como:
Power BI, Tableau, Dash, Streamlit.","Soft Skills
Raciocínio analítico e foco em solução de problemas.
Proatividade, curiosidade e aprendizado contínuo.
Boa comunicação com áreas técnicas e de negócio.
Capacidade de trabalhar em equipe com engenheiros de dados e analistas.

Graduação completa, preferencialmente em Ciência da Computação, Engenharia da computação e Sistemas de Informação. 

Diferenciais:
Experiência com CI/CD para modelos (ex: MLflow, DVC).
Experiência com containers (Docker) para empacotamento de soluções de dados.
Conhecimento em NLP, Visão Computacional ou séries temporais.
Certificações em IA ou Data Science.","O que te oferecemos:



🍛 Vale Alimentação ou Vale Refeição;

👨🏼‍🎓 Desconto em cursos, universidades e instituições de idiomas; 

📚 LinkedIn Learning e Academia Stefanini - plataformas com cursos online, gratuitos, atualizados e com certificado; 

🗣 Mentoring;

🏫 Auxílio Creche; 

💉 Clube de vantagens para consultas e exames;

🏥 Assistência Médica;

🦷Assistência Odontológica; 

💰 Clube de vantagens e descontos nos melhores estabelecimentos;

🛫 Clube de viagens;

🐶 Convênio para Pet;
e muito mais...","Etapa 1: Cadastro
1
Cadastro | Etapa 2: Contratação
2
Contratação"
Cientista de Dados Pleno,Publicada em 21 de agosto de 2025,Não informado,"Efetivo
Efetivo","Remoto
Remoto",Sim,"A Minerva Foods é líder em exportação de carne bovina na América do Sul e atua também no segmento de industrializados, comercializando seus produtos para mais de 100 países. Além do Brasil, a Minerva Foods está presente no Paraguai, na Argentina, no Uruguai, na Colômbia, e possui plantas especializadas em ovinos na Austrália.
Com nossas 46 unidades industriais, oferecemos produtos saudáveis e nutritivos, que são comercializados para clientes do mundo todo por meio de nossos 23 centros de distribuição e 17 escritórios internacionais.","• Desenvolver e implementar modelos de machine (classificação, regressão e segmentação) utilizando as mais diversas bibliotecas em python;
• Validação de modelos de machine learning utilizando as mais diversas métricas e conceitos, como matriz de confusão, backtesting, out of time, treino e teste, safras, ROCAUC e KS;
• Manusear dados de diferentes fontes, consolidado os dados em estruturas tangíveis para análise. Os dados nem sempre vão estar no mesmo ambiente ou no formato ideal para aplicação do modelo;
• Gerar status das atividades assim como estrutura clara de processo de dados para defender as soluções no nível estratégico;
• Gerar storytelling e montar apresentações para comunicação de resultados de modelagem e análises;
• Trabalhar em conjunto com outros colaboradores;
• Colaborar com as equipes de Infraestrutura de Dados, Engenharia de Dados e Sistemas e Engenharia de Processos para integrar da melhor forma possível as soluções analíticas desenvolvidas dentro das ferramentas e processos já existentes internamente.","• Graduação em áreas de exatas (Estatística, Computação, Matemática, Física, Engenharia e etc) ou áreas relacionadas;
• Conhecimentos obrigatórios: Python, SQL, Machine Learning, Pandas, Scikit-learn;
• Experiência comprovada nas atividades;
• Diferencial: ter trabalhado em projetos de séries temporais;
• Desejável: conhecimentos em databricks, MLOps e pós-graduação em exatas;
• Inglês: intermediário.
• Espanhol: básico.",Não informado,"Etapa 1: Cadastro
1
Cadastro | Etapa 2: Entrevista Gestor
2
Entrevista Gestor | Etapa 3: Avaliação: testes, dinâmicas e/ou cases
3
Avaliação: testes, dinâmicas e/ou cases | Etapa 4: Entrevista RH
4
Entrevista RH | Etapa 5: Carta Oferta
5
Carta Oferta | Etapa 6: Contratação
6
Contratação"
Pessoa Cientista de Dados Sênior {AWS},Publicada em 30 de julho de 2025,Não informado,"Efetivo
Efetivo","Remoto
Remoto",Sim,"A A3Data é uma consultoria de dados, pioneira no mercado mineiro e referência em #Dados! 🚀
 Somos, em nossa essência, aceleradores da cultura Data Driven nas organizações. Nosso foco é implantar Inteligência Estratégica e potencializar a cultura dos dados para os nossos clientes!🎯
Temos uma cultura leve, horizontal e muito colaborativa! ✌️
 Buscamos por uma pessoa expert da área para se juntar ao nosso time de Cientistas de Dados. 🎯

#VemSerUmEu.A3 💙","Para ser uma Pessoa Cientista de Dados na A3Data, buscamos alguém que irá:

Coletar, organizar e limpar dados de diversas fontes.
Realizar análises exploratórias e gerar visualizações informativas.
Apoiar a construção de modelos estatísticos e de machine learning.
Contribuir na documentação e apresentação de resultados para times técnicos e de negócio.
Apoiar na criação e avaliação de modelos de machine learning e GenAI (como LLMs).
Trabalhar com serviços AWS para provisionamento de infraestrutura, deploy de modelos, monitoramento e escalabilidade das soluções.
Aplicar conceitos de engenharia de software para garantir modularidade, reutilização de código e desempenho otimizada.
Criar e manter documentação técnica, boas práticas e treinamentos para facilitar a adoção do framework.
Colaborar com diferentes times para identificar oportunidades de aplicação de IA Generativa em projetos de dados.
Ficar atualizado(a) sobre tendências, novos modelos e frameworks de GenAI, trazendo inovação contínua para o time.","Experiência sólida com Python e Programação Orientada a Objetos (POO).
Conhecimento de boas práticas de programação e engenharia de software, incluindo modularidade, versionamento(Git), testes unitários e de integração.
Experiência sólida em AWS (AWS Bedrock, Lambda, DynamoDB, S3, ECS, entre outros).
Domínio em Processamento de Linguagem Natural (NLP).
Conhecimento avançado em estatística, aprendizado de máquina supervisionado e não supervisionado.
Conhecimento em arquiteturas de deep learning aplicadas a NLP e IA generativa.
Habilidade de comunicação para interagir com diferentes stakeholders e compartilhar conhecimento técnico.
Mentalidade investigativa e atualização constante sobre o avanço da IA Generativa.

Diferenciais:

Certificações AWS Professional ou Specialty (Machine Learning - Specialty, DevOps Engineer - Professional, etc.).
Experiência com LangChain ou outros frameworks de desenvolvimento de GenAI
Experiência com ferramentas de Infraestrutura como Código (IaC), como Terraform ou AWS CDK.
Atuação na construção de frameworks ou bibliotecas para ML/GenAI.","Nossos benefícios:
 Vale Alimentação/Refeição flexível (Swile);
Total Pass (academias);
Plano Saúde SulAmérica- 100% subsidiado para você Eu.A3;
Plano Dental Amil;
Maria Saúde;
Seguro de Vida;
Participação nos Lucros e Resultados;
Bônus anual;
Desconto nos cursos de idioma da Open English;
Parceria AWS nível Advanced;
Desconto na conta de energia elétrica (operadora CEMIG);
Empresa Cidadã: licenças maternidade e paternidade estendidas;
Samsung EPP (descontos em todo portfólio de produtos Samsung);
Guapeco (plano de saúde para seu pet).

E mais:
100% home office;
40 horas semanais;
Dia a dia descontraído e acolhedor;
Plano de carreira e acompanhamento individual;
Programas internos de compartilhamento de conhecimento;
Prezamos pela diversidade, liberdade, flexibilidade e autonomia!
 Curtiu o desafio? 
 Estamos ansiosos para receber seu CV 🎯 
 Um dos nossos valores é ser transparente, sempre! Por isso, é importante que saiba que avaliamos todos os CVs cadastrados e, se você tiver fit com a vaga e com nossa cultura, te convidaremos para um primeiro bate papo! 😉
 Mas, caso seu CV não seja selecionado dessa vez, não se preocupe! Ficaremos de olho, para futuras oportunidades. ✅ ","Etapa 1: Cadastro
1
Cadastro | Etapa 2: Bate-Papo A&S
2
Bate-Papo A&S | Etapa 3: Bate papo Técnico
3
Bate papo Técnico | Etapa 4: Desafio Técnico
4
Desafio Técnico | Etapa 5: Bate-Papo com Liderança
5
Bate-Papo com Liderança | Etapa 6: Envio de Proposta
6
Envio de Proposta | Etapa 7: Contratação
7
Contratação"
Cientista de Dados Pleno,Publicada em 25 de julho de 2025,"Curitiba - PR
Curitiba - PR","Efetivo
Efetivo","Híbrido
Híbrido",Sim,"A Logcomex é uma empresa de tecnologia que oferece conjuntos de soluções que transformam o dia a dia no comércio exterior. Nosso objetivo é ser o sistema operacional do comércio exterior para as empresas da América Latina.

Em 2024, fomos reconhecidos pelo sexto ano consecutivo como uma das Melhores Empresas para se Trabalhar (GPTW)!

Alcançamos o 21º lugar no ranking das melhores empresas para se trabalhar no Paraná e o 65º lugar entre as melhores empresas de tecnologia para se trabalhar no Brasil. Um feito incrível que reflete nosso compromisso com um ambiente de trabalho excepcional!

Estamos comprometidos em promover uma cultura de respeito, humildade e colaboração, onde você pode ser quem é. Acreditamos que as experiências fortalecem nosso trabalho em equipe, compartilhando conhecimentos e habilidades.

Para nós, a tecnologia é a ferramenta que conecta o mundo e, como referência no que fazemos, queremos ter pessoas extraordinárias com a gente, para transformar a maneira que as empresas fazem o Comércio Exterior!

Bora?","O que esperamos de você:

Você fará parte de um time dinâmico e terá a oportunidade de:

Desenvolver e otimizar modelos de Machine Learning para prever padrões e identificar anomalias em operações de comércio exterior.
Implementar sistemas ensemble (Random Forest, XGBoost, LightGBM) para maximizar a acurácia e cobertura das predições.
Processar e analisar dados de grande escala (milhões de registros), aplicando técnicas de sampling e otimização de performance.
Aplicar técnicas avançadas de NLP e extração de entidades.
Construir e otimizar pipelines de dados robustos, integrando múltiplas fontes para alimentar modelos em produção.
Colaborar com equipes de negócios para traduzir desafios do domínio aduaneiro em soluções analíticas inovadoras.
Implementar sistemas de monitoramento e retreinamento de modelos para garantir performance consistente em ambiente de produção.","Para essa posição, buscamos alguém que tenha:

Experiência prática no desenvolvimento de modelos de Machine Learning, com foco em classificação multiclasse e cenários de dados desbalanceados.
Habilidade comprovada em processamento e análise de datasets de grande escala, utilizando técnicas de otimização.
Conhecimento e experiência na implementação de modelos de gradient boosting (XGBoost, LightGBM) e fine-tuning de hiperparâmetros.
Experiência no tratamento de dados categóricos de alta cardinalidade e engenharia de features.
Conhecimento em validação temporal de modelos e estratégias de split para dados de série temporal.
Familiaridade com modelos de linguagem e NLP, incluindo processamento de texto em português para extração de entidades e classificação (ex: spaCy, FastText, Word2Vec).
Python avançado (com pandas, numpy, scikit-learn para manipulação e modelagem de dados).
SQL avançado para queries complexas em datasets relacionais.
Conhecimento em infraestrutura e produção: AWS (S3, EC2, Sagemaker), Docker e Git.

Será um grande diferencial se você tiver:
Experiência com processamento distribuído de big data (PySpark, Apache Spark).
Familiaridade com orquestração de pipelines de dados (Airflow).
Conhecimento em otimização bayesiana (Optuna) e métodos de interpretabilidade de modelos (SHAP, LIME).
Experiência com ferramentas de visualização (Plotly, Streamlit).
Conhecimento do sistema aduaneiro brasileiro (NCM, canais aduaneiros, URFs).","Nossos Benefícios: 
🍽️ Benefícios Caju no valor fixo de R$2.300,00 mês (CWB e RMC) ou R$ 1.840,00 (Demais regiões) (alimentação, mobilidade, saldo multi e auxílio home office);
🧪Plano de saúde Unimed ou Amil com abrangência Nacional;
🦷 Plano odontológico Odontoprev;
❤️ Seguro de vida - Metlife;
🏊‍♀️ Wellhub;
🧠 Keiken (plataforma de apoio psicológico);
🩺 Starbem (plataforma de serviços de saúde para seu bem-estar físico, mental e emocional)
💊 Convênio farmácia Panvel;
🤰 Licença maternidade e paternidade estendida pelo Programa Empresa Cidadã; 
👩‍🎓 Subsídio para desenvolvimento, em parceria com a Unico Skill, que oferece diversas opções de graduação, pós-graduação, idiomas, mentorias, etc;
📚 Auxilio Escola/Educação.

Mimos: (sim, porque somos destes!)
🍎 Frutas frescas, cookies, café, chá e energéticos disponíveis a qualquer momento;
🎉 Happy hours, eventos de integração e team buildings;
✈️ Viagens para o escritório dos Loggers de fora são custeadas pela empresa;
🤝 Parceria com Market 4U e KÜK Station para oferecer o melhor aos nossos Loggers em dia de escritório;
👔 Sem dress code: aqui você pode ser você e usar o que te deixa mais confortável;
🎮 Ambiente descontraído, cheio de desafios e campeonatos de videogame; Rede de descanso para um respiro no meio da correria do dia
📚 Biblioteca da Log com livros incríveis para todos os Loggers se desenvolverem;
💆 Massagem in company;
🏝️ Day-off de aniversário;
🎁 Presente de aniversário;
🏆 Presentes incríveis a cada ano de Logger;
🤝Recruta Loggers (programa de indicação com bonificação $).","Etapa 1: Cadastro
1
Cadastro | Etapa 2: Bate-papo com Pessoas & Cultura 💜🧡
2
Bate-papo com Pessoas & Cultura 💜🧡 | Etapa 3: Mão na Massa!
3
Mão na Massa! | Etapa 4: Bate-papo com Gestor 💜🧡
4
Bate-papo com Gestor 💜🧡 | Etapa 5: Bate-papo com Head 💜🧡
5
Bate-papo com Head 💜🧡 | Etapa 6: Bate-papo com C-Level 💜🧡
6
Bate-papo com C-Level 💜🧡 | Etapa 7: E aí, podemos te chamar de Logger?? 💜🧡
7
E aí, podemos te chamar de Logger?? 💜🧡 | Etapa 8: Contratação
8
Contratação"
Pessoa Cientista de Dados Pleno,Publicada em 24 de julho de 2025,Não informado,"Efetivo
Efetivo","Remoto
Remoto",Sim,"Buscamos um cientista de dados com experiência que curta e busque todos os desafios que uma consultoria tem a oferecer: clientes diferentes, negócios diferentes e soluções diferentes a cada projeto, utilizando inteligência artificial no geral para trazer resultado para o cliente.
Para essa primeira alocação, buscamos especificamente pessoas com experiência em modelos de risco de crédito - credit scoring, behaviour score, EAD, LGD!","Principais atividades:
Desenvolvimento de modelos estatísticos para todos os segmentos de atuação da Bip Brasil - o desenvolvimento do modelo é de ponta a ponta: desde o tratamento inicial de dados até a documentação técnica da solução desenvolvida;
Montar modelos preditivos e de machine learning;
Soluções de analytics e BI também serão desenvolvidas para prover a melhor solução e experiência possível para o cliente, para que de fato as ações sejam tomadas!
Contato direto com equipe de consultoria de negócios a fim de entender o problema e possíveis soluções a serem desenvolvidas, aumentando nossa assertividade e impacto!
Oportunidade de desenvolvimento de modelos com metodologias estatísticas distintas e linguagens de programação variadas. Lembre-se: aqui você poderá atuar de forma dinâmica, em diferentes desafios e negócios;
Sugerir novos caminhos, sejam técnicas ou tecnologias, para evoluir a prática de ciência de dados e agregação de valor aos usuários e clientes.","Formação:
Superior completo, porém todos os cursos são bem-vindos!

Competências esperadas:
Experiência prévia em modelagem estatística, com entendimento do processo de modelagem (desenvolvimento de códigos para manipulação de base de dados, seleção, tratamento e análise de variáveis e discussão com áreas de negócios);
Domínio de SAS, R ou Python (desenvolvimento de macros e funções);
Perfil questionador, com bom raciocínio lógico;
Perfil empreendedor, com apetite por grandes desafios de negócios e vontade de trabalhar na dinâmica de uma consultoria;
Experiência prévia com modelos de risco de crédito - score, PD, EAD, LGD.
 Competências desejáveis:
Domínio de mais de uma linguagem de programação;
Prática com softwares de BI;
Experiência em projetos utilizando AWS, GCP ou Microsoft;
Atuação em modelo ágil.","CONHEÇA NOSSOS BENEFÍCIOS

Alguns dos nossos benefícios são flexíveis para que você possa distribuí-los de acordo com suas necessidades, interesses e momento de vida. São eles:
 All Points (Programa de pontos para passagens áreas e hospedagens);
Assistência Médica;
Assistência Odontológica;
Seguro de vida;
Convênio para Pet;
Mobilidade (incluindo opção de combustível e Uber, 99);
Reembolso Flex (óculos, vacinas, educação, shows e outros);
Vale Refeição e/ou Vale Alimentação.
 Outros benefícios:
 Birthday off;
Gympass;
Consultoria financeira e empréstimo facilitado;
Clube Alelo com diversos descontos em lojas e farmácias;
Licença Maternidade de 180 dias;
Licença Paternidade de 30 dias;
Auxílio creche no primeiro ano do bebê;
Vale Transporte conforme a demanda do projeto ou área;
Programa de bônus anual;
Comissionamento por indicação de novos clientes.
 PROGRAMAS DE DESENVOLVIMENTO
 Um dos pontos fortes de ser Biper é que ousamos em pensar como empreendedores e moldamos nosso futuro com nossa capacidade de pensar minuciosamente e agir com três passos à frente, pavimentando o caminho para o futuro que nossos clientes querem viver.
E para isso, precisamos estar constantemente aprendendo e reaprendendo, somos #LifeLongLearning.

Na BIP temos programas consolidados a nível Global e nacional para que você tenha uma jornada de desenvolvimento, crescimento e liberdade para você conquistar o que sonha. Aqui você é o protagonista da sua carreira!

Vamos juntos nessa? Confere os principais programas que a BIP pode te oferecer para você chegar aonde deseja:

Um centro de CAPACITAÇÃO e FORMAÇÃO Global com os conteúdos e cursos mais atualizados do mercado;
Flex Time - um momento da sua semana dedicado para o seu desenvolvimento;
Programas de mentoria com Líderes referências em sua atuação;
Avaliação de Desempenho semestral;
Cultura de Feedback e 1:1 recorrentes com sua liderança e time;
Acompanhamento de um Plano de Desenvolvimento personalizado pra você e com seus objetivos;
Darwin - Programa global de formação de jovens talentos, para desenvolver soft e hard skills;
Grounding –Um programa Global de formação para os profissionais recém contratados em todo o mundo que estão no começo da carreira de consultoria;
Induction - Onboarding Internacional conduzido por Heads de RH e negócio para os novos entrantes da Bip de todos os países para promover nossa cultura, valores, proposito e apresentar nossos programas de iniciativa Global. 
Spinnaker: Treinamento focado em aprimorar habilidades estratégicas de Gerentes e Gerentes Seniores, apoiando e facilitando o desenvolvimento de negócios dentro de um ecossistema complexo.","Etapa 1: Cadastro
1
Cadastro | Etapa 2: Queremos te conhecer um pouco melhor! :)
2
Queremos te conhecer um pouco melhor! :) | Etapa 3: Agora é com a gente! Vamos analisar sua inscrição :)
3
Agora é com a gente! Vamos analisar sua inscrição :) | Etapa 4: Bate papo com o time de People!
4
Bate papo com o time de People! | Etapa 5: Bate papo com a pessoa gestora do time!
5
Bate papo com a pessoa gestora do time! | Etapa 6: Está acabando! Bate papo com a pessoa diretora ou sócia :)
6
Está acabando! Bate papo com a pessoa diretora ou sócia :) | Etapa 7: Offer
7
Offer | Etapa 8: Contratação
8
Contratação"
Cientista de Dados - Produtos - Vila Velha/ES | Maxpar,Publicada em 18 de julho de 2025,"Vila Velha - ES
Vila Velha - ES","Efetivo
Efetivo","Híbrido
Híbrido",Sim,"Olá! :)

Já pensou em fazer parte de um grupo brasileiro movido pelo propósito de criar soluções para melhorar a vida das pessoas?

Estamos em busca de um(a) profissional para atuar no time de Produtos como Cientista de Dados.

Se você gosta de trabalhar com uma abordagem mais estratégica, tem o olhar para melhoria contínua, resolução de problemas, facilidade com números, atividades lógicas, e quer trabalhar em uma empresa que está crescendo a cada dia mais, então o Grupo Autoglass é o seu lugar!","Atuar na construção de modelos de inteligência artificial;
Aplicar técnicas de Data Science gerando valor para o negócio;
Participar de projetos estratégicos envolvendo outras áreas – apoiando na construção de modelos e na metodologia;
Analisar dados: definir objetivos, estipular indicadores e métricas, coletar dados, interpretar e expor resultados;
Aplicar conhecimentos técnicos em estudos pontuais;
Criar insights e propor estudos diferenciados referente ao nosso setor.","Superior completo ou em andamento em: Engenharias, Estatística, Atuária, Matemática, Computação e áreas correlatas;
Conhecimento de SQL, Linguagem Python ou R;
Excel Avançado;
Experiência com análise e extração de dados.

Valorizamos se você tiver:

Conhecimento em Tableau;
Ferramentas de BI;
Experiência com Big Data;
Experiências em projetos avançados relacionados a dados.","O que o Grupo Autoglass proporciona?  

Para cuidar da sua saúde física e mental: 
🩺 Plano de saúde sem mensalidade para você e seus dependentes;
🦷 Plano odontológico opcional extensivo à dependentes;
💙 Atendimento psicológico; 
🤰🏻 Programa da Gestante com licença maternidade estendida; 
🏋️‍ Wellhub (Desconto em academias).  

Para apoiar seu dia a dia: 
🚌 Vale-transporte; 
🛒 Vale Refeição ou Alimentação. No Natal, te enviamos uma cesta bem recheada; 
😎 Oportunidade de trabalhar e trocar conhecimentos diários com um time incrível e acolhedor; 
💙 Ah! Por aqui comemoramos o Dia do Colaborador do Grupo Autoglass enviando um mimo a todos os colaboradores. 

Para desenvolver sua carreira: 
🚀 Oportunidade de crescimento profissional;
🚀 Cultura de feedback e desenvolvimento;  
🚀 Acesso ao Portal de Educação Corporativa Grupo Autoglass com mais de 200 cursos gratuitos e com emissão de certificado;
🚀 Galena: Descontos em mais de 150 mil cursos para colaboradores;
🚀Um ambiente de trabalhado altamente colaborativo e desafiador. No Grupo Autoglass, você encontrará oportunidade de crescimento e uma cultura de inovação e melhoria contínua muito forte!

Para melhorar o seu dia no trabalho presencial: 
☕ Café da manhã e da tarde;
💆‍️ Momento relax: Massagem relaxante no seu posto de trabalho;
🎮 Área anexa na Sede com sala gamer, cafeteria, barbearia, salão de beleza e muito mais!

Para melhorar o seu dia no trabalho remoto: 
💰 Auxílio Home Office;
💻 Enviamos máquina e todos os equipamentos para sua casa;
💺 se necessário, equipamos a sua casa com móveis para o Home Office.

Vem ser Grupo Autoglass!","Etapa 1: Cadastro
1
Cadastro | Etapa 2: Informações Importantes
2
Informações Importantes | Etapa 3: Entrevista com o RH
3
Entrevista com o RH | Etapa 4: Avaliação Psicológica e Redação
4
Avaliação Psicológica e Redação | Etapa 5: Teste Técnico
5
Teste Técnico | Etapa 6: Entrevista com o Gestor
6
Entrevista com o Gestor | Etapa 7: Exame Admissional
7
Exame Admissional | Etapa 8: Contratação
8
Contratação"
Cientista de Dados Pleno,Publicada em 14 de julho de 2025,Não informado,"Efetivo
Efetivo","Remoto
Remoto",Sim,"Na Stefanini, acreditamos no poder da colaboração. Co-criamos soluções inovadoras em parceria com nossos clientes, combinando tecnologia de ponta, inteligência artificial e a criatividade humana. Estamos na vanguarda da resolução de problemas de negócios, proporcionando impacto real em escala global.

Ao se juntar à Stefanini, você se torna parte de uma jornada global de transformação. Estamos empenhados em criar impacto positivo não apenas nos negócios, mas também na vida de nossos colaboradores. Se você procura uma oportunidade de crescimento profissional em uma empresa que valoriza inovação, respeito, autonomia e parceria, você encontra aqui!

Junte-se a nós e seja parte da mudança!

#LI-REMOTE
#LI-LC1","O Cientista de Dados aplica uma sólida expertise em intelicência artificial por meio do uso de machine learning, data mining e recuperação de informações para desenhar, criar protótipos e desenvolver mecanismos e serviços de advanced analytics. O cientista de dados colabora com os parceiros de negócios para definição do problema técnico e a hipótese a ser testada: desenvolve modelos analíticos eficientes e precisos que imitam as decisões de negócios e as incorporam a produtos ou ferramentas de dados analíticos com o suporte de uma equipe multifuncional.

O que esperamos que você realize:
Colaborar com parceiros de negócios para desenvolver novas formas de atingir os objetivos utilizando técnions e ferramentas de ponta.
Comunicar eficazmente a abordagem de analytios e como ela atenderá e abordará os objetivos aos parceiros de negócio
Educar sobre o valor da tomada de decisão basesda em dados, focando no ""como e por que"" da rezolução de problemas
Liderar abordagens analiticas, integrando o trabalho a aplicativos e ferramentas com engenheiros de dedos, lideres de negócios. analistas e desenvolvedores.
Criar modelos repetiveis, interpretáveis, dinámicos e escalonáveis que s perfeitamente incorporados aos produtos de dados analiticos
Projetar recursos usando sua perspicácia nos negócios para encontrar novas formas combiner diferentes fontes de dedos internas e externas lidentificar e desenvolver processos, estrutures, ferramentas, métodos e pedrões 
Colaborar, fornecer coaching e aprender com uma equipe crescente de cientistas de dados experientes.
Manter-se conectado com fontes externas de ideias por meio de conferências e projetos da comunidade","O que precisamos que você tenha de conhecimento:

Requisitos essenciais:
Bacharelado obrigatório, Mestrado ou PhD desejável
Bacharelado em Ciência de Dados, Ciência da Computação, Engenharia, Estatística + 5 anos de experiência requerido ou graduação em disciplina quantitativa e conjunto de habilidades de Ciência de Dados demonstrado, e'me de mais 2 anos de experiência profissional.
Deve ter proficiência em Python ou R trabalhando com DataFrames
Deve ter proficiência na criação de consultas complexas de SQL
Deve ter proficiência com Machine Learning para solucionar problemas de clustering, detecção de anomalias, simulação e otimização em conjuntos de dados em larga escala
Deve ter capacidade comprovada para fundir e transformar conjuntos de dados internos e externos distintos para criar novos recursos
Experiência com tecnologias de Big Data desejada - Hadoop, Spark, H2O.ai, plataformas de inteligência artificial em nuvem, conteinerização
Experiência no suporte à implementação, monitoramento, manutenção e mentoria dos modelos desejados
Experiência preferencial com ferramentas de visualização de dados - Tableau, R shiny","O que te oferecemos:

🍛 Vale Alimentação ou Vale Refeição;
👨🏼‍🎓 Desconto em cursos, universidades e instituições de idiomas;
📚 Academia Stefanini - plataforma com cursos online, gratuitos, atualizados e com certificado;
🗣 Mentoring;
🏫 Auxílio Creche;
💉 Clube de vantagens para consultas e exames;
🏥 Assistência Médica;
🦷Assistência Odontológica;
💰 Clube de vantagens e descontos nos melhores estabelecimentos;
🛫 Clube de viagens;
🐶 Convênio para Pet;
e muito mais...","Etapa 1: Cadastro
1
Cadastro | Etapa 2: Fit Cultural
2
Fit Cultural | Etapa 3: Bate papo com Gente & Cultura
3
Bate papo com Gente & Cultura | Etapa 4: Bate papo com Gestão
4
Bate papo com Gestão | Etapa 5: Carta proposta
5
Carta proposta | Etapa 6: Contratação
6
Contratação"
Cientista de Dados Sênior,Publicada em 04 de julho de 2025,Não informado,Não informado,Não informado,Não,"O profissional ira atuar na implementação de soluções desenhadas para um de nossos clientes, assim como acompanhamento destas e discussão sobre resultados atuais e futuros","O profissional será responsável pelo desenvolvimento e integração de soluções de IA que integram modelos estatísticos e machine learning tradicional com soluções baseadas em IA Generativa, integrando estas a sistemas de múltiplos usuários.","Graduação em Ciência da Computação, Engenharia, Matemática, Estatística ou áreas correlatas (mestrado ou doutorado são diferenciais).

• Experiência sólida em desenvolvimento de projetos de IA e aprendizado de máquina.

• Conhecimento avançado em frameworks e bibliotecas de IA, como TensorFlow, PyTorch, Scikit-learn e similares.

• Proficiência em linguagens de programação como Python, R ou similares.

• Experiência com ferramentas e plataformas de big data e cloud computing (AWS, Azure, Google Cloud).

• Conhecimento de MLOps e práticas de integração contínua para IA.

• Familiaridade com regulamentações, ética e governança em IA.

• Conhecimento em frameworks de apis como flask e fastapi.

Serão considerados diferenciais:

Experiência em projetos de segmentação, construção de personas e NLP

Experiência em startups ou na estruturação de áreas de inovação tecnológica.

• Diferencial, ter atuado em projetos governamentais ou do sistema S.

Conhecimentos em explicabilidade de modelos

Habilidade e atitudes esperadas:

• Comunicação clara e eficaz, com habilidade para traduzir conceitos técnicos para públicos diversos.

• Proatividade, pensamento crítico e resolução de problemas.

• Alta capacidade de organização e priorização de tarefas em um ambiente dinâmico.

• Pensamento lógico.","Modelo de contratação: PJ 
Tipo de CNPJ/Empresa: ME (microempresa) ou LTDA (Empresa de Responsabilidade Limitada)
Cachê: Valor fixo em Nota Fiscal 
Com plano abrangente de benefícios:
💻 Notebook da empresa
🤑13ª nota no ano;
🛫 Férias de 30 dias + 1/3;
🏥 Assistência Médica SulAmérica;
💚Seguro de Vida;
💳 VR (Cartão Flash; Crédito/Débito; podendo utilizar em redes com CNPJ de food (Exemplo: Restaurante;Mercado e Aplicativos)
📴 Day-off + crédito extra no cartão flash no dia do aniversário;
🦷 Assistência Odontológica SulAmérica - Plano opcional (Caso opte pelo beneficio, é descontado todo mês, mesmo que não utilize)
🏋🏻Incentivo a prática de exercício físico - TotalPass
📚 Incentivo a educação - Reembolso mensal para cursos e treinamentos
🏢🫶🏼 Escritório com ambiente agradável com restaurante bistrô e dias de 3 home office na semana","Etapa 1: Cadastro
1
Cadastro | Etapa 2: Screening e DISC
2
Screening e DISC | Etapa 3: Entrevista com RH/DHO
3
Entrevista com RH/DHO | Etapa 4: Teste Prático
4
Teste Prático | Etapa 5: Entrevista com gestor da especialidade
5
Entrevista com gestor da especialidade | Etapa 6: Contratação
6
Contratação"
18853-Cientista de Dados,Publicada em 30 de junho de 2025,"São Paulo - SP
São Paulo - SP","Efetivo
Efetivo","Presencial
Presencial",Sim,"Na Hitss, a inovação é o nosso combustível, a curiosidade é o nosso motor e o respeito pelo cliente é o nosso guia. Se você é movido pela paixão em criar soluções tecnológicas disruptivas, se busca constantemente desafios que ampliem os limites do possível e se acredita que colocar o cliente em primeiro lugar é a chave para o sucesso, então você está no lugar certo.

Queremos pessoas que se destaquem, que pensem fora da caixa e estejam dispostas a desbravar novos horizontes. Aqui, cada ideia é valorizada, cada pergunta é incentivada e cada desafio é encarado como uma oportunidade de aprendizado e crescimento.

Junte-se a nós e faça parte de uma cultura vibrante, onde a inovação é alimentada pela curiosidade incessante e onde o respeito pelo cliente permeia todas as nossas ações. Aqui, você terá a liberdade de explorar suas habilidades, colaborar com mentes brilhantes e transformar o futuro da tecnologia.

Se você está pronto para fazer parte de uma empresa que acredita que o talento é a chave para o sucesso, envie seu currículo e junte-se à nossa equipe.

Estamos ansiosos para conhecer você e impulsionar juntos a próxima geração de soluções tecnológicas.
Venha ser um Hit!","Principais atribuições:

Analisar os dados para melhor entendimento dos problemas levantados;
Avaliar se há necessidades de novas variáveis de observação;
Desenvolver modelos que sejam estatisticamente explicáveis.","Requisitos necessários:

Ensino superior completo;
Experiência em análise e modelagem de dados;
Conhecimento em estatística;
Conhecimento em Python e SQL.

Requisitos desejáveis:

Conhecimento em SAS e Oracle.","Quer conhecer todas as nossas vagas? Acesse a nossa página:
Hitss - Trabalhe Conosco
https://globalhitss.gupy.io/

Importante: Todas as nossas vagas são elegíveis para profissionais com deficiência, equidade de gênero e raça/ etnia.","Etapa 1: Cadastro
1
Cadastro | Etapa 2: Entrevista RH
2
Entrevista RH | Etapa 3: Entrevista Técnica
3
Entrevista Técnica | Etapa 4: Envio de proposta
4
Envio de proposta | Etapa 5: Contratação
5
Contratação"
Senior Data Science | Cientista de Dados Sênior,Publicada em 09 de junho de 2025,Não informado,"Efetivo
Efetivo","Remoto
Remoto",Sim,"Quer fazer a diferença na nova economia e transformar pessoas e negócios para prosperarem? Vem pra Cadastra!

Como Cientista de Dados Sênior, você vai atuar no desenvolvimento de frameworks e ferramentas para suportar o crescimento acelerado de um dos nossos clientes. Você vai atuar no desenvolvimento e orientar o time nas melhoras práticas de mercado, com objetivo de fornecer dados de maneira sustentável, escalonável e com segurança. Sua atuação vai ser cross com vários times da área de engenharia de dados.

Essa posição é para atuar de forma remota.","No nosso Data Hub você terá o desafio de:

Idear e modelar soluções analíticas focadas em gerar valor para o negócio, em colaboração com equipes multidisciplinares.
Estruturar experimentos e desenvolver pipelines para extração, transformação e análise de dados provenientes de diversas fontes.
Garantir a qualidade dos dados por meio de boas práticas de pré-processamento.
Aplicar métodos estatísticos e matemáticos para exploração, visualização e interpretação de grandes volumes de dados.
Analisar, selecionar e implementar algoritmos de machine learning e otimização para resolver problemas complexos.
Definir estratégias e métricas para validação e avaliação de modelos.
Documentar e comunicar descobertas de forma clara e objetiva, utilizando storytelling com dados.
Gerenciar escopo de projetos e estruturar pipelines para implantação de modelos em ambiente cloud.","O que a Cadastra espera de você:

Sólidos conhecimentos em Python para análise de dados e SQL;
Conhecimento em versionamento de códigos (git);
Conhecimento no ambiente cloud do Google (GCP);
Experiências com frameworks para a construção de modelos matemáticos. (Pyomo, Google-Or-Tools);
Experiência com, pelo menos, um resolvedor matemático free ou comercial. (Gurobi,SCIP, CBC, GLPK...);
Experiência com problemas de otimização, especialmente programação linear inteira mista (MILP);
Vivência com modelagem de séries temporais, incluindo aplicação de machine learning;
Conhecimento em modelagem matemática/pesquisa operacional
Conhecimento em estatística e análise de dados;
É necessário ter pensamento analítico e criativo para desenvolver soluções que atendam diferentes tipos de necessidade;
Habilidade na resolução de problemas;
Autonomia, proatividade e senso de urgência;



Diferenciais:
Mestrado em pesquisa operacional, otimização ou áreas correlatas.
Experiência com algoritmos baseados em árvore (ex.: XGBoost, LightGBM).
Conhecimento em planejamento de demanda.
Experiência no deploy de modelos em ambiente cloud.","O que oferecemos:

Vale alimentação e refeição no cartão FLASH🥗
Auxílio Home Office no cartão FLASH 💳
Plano de saúde de acordo com a sua localidade 🩺
Plano odontológico de acordo com a sua localidade 🦷
Day off de aniversário + valor depositado no cartão FLASH🎉
Licença-maternidade e paternidade estendida 🍼
Participação nos lucros (PLR) 💰
Seguro de vida 🧡
Auxílio creche 👶
Bônus por indicação 💰
Vale-transporte 🚍
Clude | Plataforma de Saúde 🩺
Total Pass 🏋🏽‍♀️
CRM Bônus 💸","Etapa 1: Cadastro
1
Cadastro | Etapa 2: Triagem 📋
2
Triagem 📋 | Etapa 3: Queremos te conhecer 😊 | Bate papo com Talent
3
Queremos te conhecer 😊 | Bate papo com Talent | Etapa 4: É hora de conhecer as lideranças ✨ | Bate papo com as lideranças
4
É hora de conhecer as lideranças ✨ | Bate papo com as lideranças | Etapa 5: Queremos você conosco 🧡 | Carta proposta
5
Queremos você conosco 🧡 | Carta proposta | Etapa 6: Contratação
6
Contratação"
Cientista de Dados Júnior,Publicada em 28 de maio de 2025,"São Paulo - SP
São Paulo - SP","Efetivo
Efetivo","Híbrido
Híbrido",Sim,"Estamos em busca de talentos que dominem Python, SQL e tenham familiaridade com modelagem e exploração de dados para integrar nosso Time de Águias. Se você curte transformar dados em soluções inteligentes e busca desafios em um ambiente inclusivo, diverso e estimulante, essa é a oportunidade certa para decolar na sua carreira!","Os desafios que aguardam por você no próximo destino são:

Apoiar o time em projetos de análise e modelagem de dados, contribuindo com código, exploração e validação de hipóteses; 
Realizar análises exploratórias, construção de dashboards e estudos ad hoc para dar suporte à tomada de decisão; 
Desenvolver scripts e notebooks em Python e SQL com foco em eficiência e clareza; 
Colaborar na manutenção de modelos já existentes, ajustando parâmetros e contribuindo para a melhoria contínua; 
Participar das rotinas de versionamento, documentação e boas práticas de codificação; 
Trabalhar em conjunto com engenheiros de dados, analistas e cientistas mais experientes na entrega de soluções robustas. ","Não pode faltar em sua bagagem:

Ensino superior completo em Estatística, Engenharia, Computação, Matemática, Astronomia, Física ou áreas relacionadas (diploma ou colação de grau); 
Conhecimento básico de Python e bibliotecas como Pandas, Numpy e Scikit-learn; 
Experiência com SQL para análise de dados; 
Facilidade para aprender novas ferramentas e conceitos técnicos; 
Boa comunicação, proatividade e trabalho em equipe. 
 O que pode somar ainda mais:
Conhecimento em plataformas cloud (Azure, AWS ou GCP); 
Experiência acadêmica ou projetos próprios envolvendo machine learning, visualização de dados ou automação de análises; 
Familiaridade com Git, Jupyter Notebooks;
Conhecimento em inglês.","Aqui, você voa mais alto com o Benefício Viagem, que te permite emitir passagens aéreas nacionais e internacionais com descontos especiais para você, familiares e amigos.

E não podemos esquecer dos Benefícios:
Plano de saúde;
Plano odontológico;
Seguro de vida em grupo;
Vale-refeição;
Vale-alimentação;
Vale-transporte;
PLR;
Gympass ou Totalpass;
Clube de parcerias com centenas de empresas conveniadas;
Day off de aniversário.

Informações Importantes:
Local de Trabalho: Sede - Granja Julieta.
Horário: 8h-17h24.
Modelo de Trabalho: Híbrido 4x1 (Segunda a Quinta-feira - Presencial / Sexta-feira - Home Office).

Se você se identifica com o nosso Jeito, inscreva-se agora e faça parte do Time de Águias! Venha decolar conosco!","Etapa 1: Cadastro
1
Cadastro | Etapa 2: Mapeamento Comportamental
2
Mapeamento Comportamental | Etapa 3: Entrevista Gente e Cultura
3
Entrevista Gente e Cultura | Etapa 4: Entrevista Gestor
4
Entrevista Gestor | Etapa 5: Stand By
5
Stand By | Etapa 6: Carta Proposta
6
Carta Proposta | Etapa 7: Contratação
7
Contratação"
Cientista de Dados,Publicada em 28 de maio de 2025,"São José dos Campos - SP
São José dos Campos - SP","Efetivo
Efetivo","Híbrido
Híbrido",Sim,"Como é a área:
Digital Transformation – Desenvolvimento de Soluções: Apoiar os projetos de dados das mais variadas áreas de negócio da Embraer, participar da construção da cultura Data-Oriented da Embraer, atuar no aculturamento de boas práticas de uso de dados de âmbito corporativo, visando sempre estar de acordo com questões de segurança, qualidade e solução de problemas de negócio identificados nos projetos.","Como será o seu dia a dia:
Atuar diretamente na exploração, análise e modelagem de dados para gerar insights que apoiem decisões estratégicas e operacionais;
Levantar requisitos junto aos stakeholders para entender os problemas de negócio e elaboração de especificações técnicas.
Explorar bases de dados, fazer limpeza e tratamento de dados (data wrangling).
Desenvolver modelos preditivos e de machine learning, sempre alinhado com as necessidades do negócio.
Validar resultados, ajustar modelos e apresentar conclusões de forma clara e visual.
Colaborar com engenheiros de dados e analistas para garantir que as soluções sejam robustas, escaláveis e sustentáveis.
 
Principais desafios:
Trabalhar com dados complexos, não estruturados, semi-estruturados e estruturados exigindo criatividade para extrair valor.
Traduzir problemas de negócio em perguntas analíticas bem definidas.
Garantir que os modelos e análises não apenas sejam tecnicamente sólidos, mas também gerem impacto real para a empresa.
Manter-se atualizado em um campo que evolui rapidamente, trazendo boas práticas e novas técnicas para o time.","Para este desafio, você precisa ter:
Superior Completo;
Inglês fluente/avançado/intermediário para leitura e escrita de documentação técnica e participação de eventos e reuniões;

Experiência em análise estatística avançada (álgebra linear, cálculo, probabilidade);
Experiência em aplicação de testes estatísticos, modelagem preditiva, análise inferencial;
Experiência prática em projetos com algoritmos supervisionados e não supervisionados, tuning de modelos, métricas de avaliação;
Experiência em linguagens de programação voltada a ciência de dados e ferramentas de visualização;
Experiência com grandes volumes de dados (big data) e experiência na utilização das ferramentas;
Conhecimento em implementação de projetos de dados, acompanhando todo o ciclo de vida, desde o entendimento do problema, coleta e limpeza, até modelagem, avaliação e deployment;
Conhecimento de bancos de dados relacionais e não relacionais;
Noções de engenharia de dados (pipelines, ETL, data lakes, data warehouses);
Conhecimento de cloud (AWS, GCP, Azure) para executar modelos em produção.

Você se destaca se tiver:
Conhecimentos em MLOps e versionamento de modelos;
Conhecimentos em conceitos de ética em IA e análise de viés;
Experiência com versionamento e colaboração.","Modelo de trabalho presencial (3 dias presenciais e 2 remotos) para São José dos Campos / SP.


Benefícios:
Seguro de Vida
Convênio Médico 
Convênio Odontológico
Benefício Vacina
Benefício Farmácia 
Gympass
Cartão Multibenefícios (para modelo de trabalho Híbrido ou 100% remoto)
Refeitório na empresa
Auxílio Home Office (para modelo de trabalho Híbrido ou 100% remoto)
PLR (Participação de Lucros e Resultados)
Previdência Privada
Cooperativa
EMpower (plataforma interna de treinamento e desenvolvimento)


Por uma definição estratégica da Embraer, o novo modelo de trabalho a partir de 01 de janeiro de 2026 será presencial, podendo ocorrer a flexibilidade de até 2 dias na semana de home office de acordo com as necessidades do negócio e alinhamento com a liderança. Desta forma, informamos que o seu contrato de trabalho atual será no modelo híbrido com direito a ajuda de custo até o dia 31/12/2025.


Precisa de suporte com a plataforma Gupy? Acesse o link abaixo:

Página Central de Suporte ao Candidato
Site dedicado a guiar e orientar a pessoa candidata sobre todas as ferramentas: https://suporte-candidatos.gupy.io/s/suporte/","Etapa 1: Cadastro
1
Cadastro | Etapa 2: Triagem (Screening)
2
Triagem (Screening) | Etapa 3: Análise de Perfil (Talent Acquisition)
3
Análise de Perfil (Talent Acquisition) | Etapa 4: Análise de Documentação
4
Análise de Documentação | Etapa 5: Entrevista com o Time
5
Entrevista com o Time | Etapa 6: Finalistas
6
Finalistas | Etapa 7: Contratação
7
Contratação"
Cientista de Dados (Foco em Engenharia de Dados),Publicada em 28 de maio de 2025,"São José dos Campos - SP
São José dos Campos - SP","Efetivo
Efetivo","Híbrido
Híbrido",Sim,"Como é a área:
Digital Transformation – Desenvolvimento de Soluções: Apoiar os projetos de dados das mais variadas áreas de negócio da Embraer, participar da construção da cultura Data-Oriented da Embraer, atuar no aculturamento de boas práticas de uso de dados de âmbito corporativo, visando sempre estar de acordo com questões de segurança, qualidade e solução de problemas de negócio identificados nos projetos.","Como será o seu dia a dia:
Você fará parte de uma equipe que atua na construção, manutenção e evolução de pipelines de dados que suportam decisões estratégicas e operacionais da empresa. O seu dia a dia envolve trabalhar próximo a analistas, cientistas de dados, desenvolvedores, arquitetos e stakeholders garantindo que os dados fluam com qualidade, segurança e eficiência entre sistemas.

Os principais desafios incluem:
Projetar e implementar pipelines robustos para ingestão, processamento e disponibilização de dados em grande escala;
Garantir a qualidade e a confiabilidade dos dados, lidando com problemas como dados faltantes, inconsistentes ou duplicados;
Otimizar desempenho de processos ETL/ELT, identificando gargalos e propondo melhorias e ou automatizações;
Trabalhar com arquiteturas distribuídas e cloud (AWS, Azure ou GCP), aproveitando serviços gerenciados e boas práticas de segurança;
Colaborar com outras áreas para entender requisitos de dados, modelar soluções adequadas e entregar valor de forma incremental.
 
Principais responsabilidades:
Desenvolver e manter pipelines de dados (ETL/ELT) escaláveis e resilientes;
Implementar boas práticas de governança, versionamento e monitoramento de dados;
Participar de discussões de arquitetura e propor soluções técnicas alinhadas às necessidades do negócio;
Garantir a documentação adequada dos processos e pipelines desenvolvidos;
Apoiar a evolução contínua do ambiente de dados, propondo automações e melhorias nos processos existentes.","Para este desafio, você precisa ter:
Superior Completo;
Inglês fluente/avançado/intermediário para leitura e escrita de documentação técnica e participação de eventos e reuniões;

Experiência nas principais linguagens de programação voltada a dados (Python, SQL, JavaScript etc);
Experiência no design de pipelines robustos e escaláveis (ETL/ELT - dbt, Apache NiFi, Talend, Pentaho, Fivetran);
Experiência em otimizar e automatizar queries, bancos e processos para alto desempenho;
Experiência em implementação de pipelines e integração de APIs;
Experiência com: Hadoop, Spark, Parquet, Delta Lake;
Conhecimento em modelagem de dados projetando modelos eficientes (OLTP, OLAP, data lakes, data warehouses);
Conhecimento ambientes Cloud e arquiteturas em nuvem (AWS, GCP e Azure);
Conhecimento e experiência na orquestração e automação (Airflow, etc);
Conhecimento e experiência em banco de dados relacionais (PostgreSql, MySQL, Oracle) e não-relacionais (MongoDB, Cassandra, Redis).

Você se destaca se tiver:
Experiência nas ferramentas de streaming de dados: Kafka, Kinesis, Flink;
Experiência infraestrutura como código (IaC): Terraform, CloudFormation;
Experiência com versionamento e CI/CD: Git, GitLab CI, Jenkins, AzureDevOps.
Experiência em containers: Docker, Kubernetes (para deploys e jobs).
Conhecer conceitos de data governance: catálogo de dados, linhagem, qualidade de dados;
Ter noções de Machine Learning;
Conhecimento em monitoramento.","Modelo de trabalho presencial (3 dias presenciais e 2 remotos) para São José dos Campos / SP.


Benefícios:
Seguro de Vida
Convênio Médico 
Convênio Odontológico
Benefício Vacina
Benefício Farmácia 
Gympass
Cartão Multibenefícios (para modelo de trabalho Híbrido ou 100% remoto)
Refeitório na empresa
Auxílio Home Office (para modelo de trabalho Híbrido ou 100% remoto)
PLR (Participação de Lucros e Resultados)
Previdência Privada
Cooperativa
EMpower (plataforma interna de treinamento e desenvolvimento)


Por uma definição estratégica da Embraer, o novo modelo de trabalho a partir de 01 de janeiro de 2026 será presencial, podendo ocorrer a flexibilidade de até 2 dias na semana de home office de acordo com as necessidades do negócio e alinhamento com a liderança. Desta forma, informamos que o seu contrato de trabalho atual será no modelo híbrido com direito a ajuda de custo até o dia 31/12/2025.


Precisa de suporte com a plataforma Gupy? Acesse o link abaixo:

Página Central de Suporte ao Candidato
Site dedicado a guiar e orientar a pessoa candidata sobre todas as ferramentas: https://suporte-candidatos.gupy.io/s/suporte/","Etapa 1: Cadastro
1
Cadastro | Etapa 2: Triagem (Screening)
2
Triagem (Screening) | Etapa 3: Análise de Perfil (Talent Acquisition)
3
Análise de Perfil (Talent Acquisition) | Etapa 4: Análise de Documentação
4
Análise de Documentação | Etapa 5: Entrevista com o Time
5
Entrevista com o Time | Etapa 6: Finalistas
6
Finalistas | Etapa 7: Contratação
7
Contratação"
Cientista de Dados - Pleno/Sênior - MLOps | Grupo Autoglass,Publicada em 19 de maio de 2025,Não informado,"Efetivo
Efetivo","Remoto
Remoto",Sim,"Olá! :)
 Já pensou em fazer parte de um grupo brasileiro movido pelo propósito de criar soluções para melhorar a vida das pessoas?
 Estamos em busca de um(a) profissional para atuar como cientista de dados na TI corporativa do Grupo Autoglass.
 Se você gosta de trabalhar com uma abordagem mais estratégica, tem o olhar para melhoria contínua, resolução de problemas, facilidade com números, atividades lógicas, e quer trabalhar em uma empresa que está crescendo a cada dia mais, então o Grupo Autoglass é o seu lugar!

Candidate-se hoje!","Atuar na mentoria e construção de modelos de inteligência artificial;
Apoiar cientistas de dados das áreas de negócio;
Aplicar técnicas de Data Science gerando valor para o negócio;
Participar de projetos estratégicos envolvendo outras áreas – apoiando na construção de modelos e na metodologia;
Analisar dados: definir objetivos, estipular indicadores e métricas, coletar dados, interpretar e expor resultados;
Aplicar conhecimentos técnicos em estudos pontuais;
Criar insights e propor estudos diferenciados referente ao nosso setor;
Apoiar na criação de uma esteira de MLOps.","Superior completo ou em andamento em: Engenharias, Estatística, Atuária, Matemática, Computação e áreas correlatas;
Conhecimento de SQL, Linguagem Python e R;
Excel Avançado;
Experiência com análise e extração de dados;
Conhecimento de Modelagem Preditiva e Machine Learning;
Conhecimento em esteira de MLOps.


Valorizamos se você tiver:
Conhecimento em Ferramentas de Visualização de Dados: Experiência com Tableau, Power BI ou outras ferramentas de Business Intelligence.
Experiência com Big Data.
Experiência com Projetos Avançados: Participação em projetos de analytics avançados, como previsão de demanda, segmentação de clientes, ou otimização de processos.
Certificações Relacionadas: Certificações em análise de dados, ciência de dados ou machine learning.
Conhecimento sólido em cloud: AWS, GCP e afins.","O que o Grupo Autoglass proporciona?  

Pra cuidar da sua saúde física e mental: 
🩺 Plano de saúde sem mensalidade para você e seus dependentes;
🦷 Plano odontológico opcional extensivo à dependentes;
💙 Atendimento psicológico; 
🤰🏻 Programa da Gestante com licença maternidade estendida; 
🏋️‍ Wellhub (Desconto em academias).  

Pra apoiar seu dia a dia: 
🚌 Vale transporte; 
🛒 Vale Refeição ou Alimentação. No Natal, te enviamos uma cesta bem recheada; 
😎 Oportunidade de trabalhar e trocar conhecimentos diários com um time incrível e acolhedor; 
🤑 Allya: Aplicativo com descontos em diversos estabelecimentos e serviços do dia a dia;
💙 Ah! Por aqui comemoramos o Dia do Colaborador do Grupo Autoglass enviando um mimo a todos os colaboradores. 

Pra desenvolver sua carreira: 
🚀 Oportunidade de crescimento profissional;
🚀 Cultura de feedback e desenvolvimento;  
🚀 Acesso ao Portal de Educação Corporativa Grupo Autoglass com mais de 200 cursos gratuitos e com emissão de certificado;
🚀 Galena: Descontos em mais de 150 mil cursos para colaboradores;
🚀Um ambiente de trabalhado altamente colaborativo e desafiador. No Grupo Autoglass, você encontrará oportunidade de crescimento e uma cultura de inovação e melhoria contínua muito forte!

Para melhorar o seu dia no trabalho presencial: 
☕ Café da manhã e da tarde;
💆‍️ Momento relax: Massagem relaxante no seu posto de trabalho;
🎮 Área anexa na Sede com sala gamer, cafeteria, barbearia, salão de beleza e muito mais!

Para melhorar o seu dia no trabalho remoto: 
💰 Auxílio homeoffice;
💻 Enviamos máquina e todos os equipamentos para sua casa;
💺 se necessário, equipamos a sua casa com móveis para o homeoffice.

Vem ser Grupo Autoglass!","Etapa 1: Cadastro
1
Cadastro | Etapa 2: Informações Importantes
2
Informações Importantes | Etapa 3: Redação Online
3
Redação Online | Etapa 4: Painel em Grupo
4
Painel em Grupo | Etapa 5: Entrevista com o RH
5
Entrevista com o RH | Etapa 6: Entrevista com o Gestor
6
Entrevista com o Gestor | Etapa 7: Avaliação Psicológica
7
Avaliação Psicológica | Etapa 8: Exame Admissional
8
Exame Admissional | Etapa 9: Contratação
9
Contratação"
Cientista de Dados - Machine Learning | Grupo Autoglass,Publicada em 29 de abril de 2025,Não informado,"Efetivo
Efetivo","Remoto
Remoto",Sim,"Olá! :)

Já pensou em fazer parte de um grupo brasileiro movido pelo propósito de criar soluções para melhorar a vida das pessoas?

Estamos em busca de um(a) profissional para atuar no Núcleo de Inovação e melhoria, como Cientista de Dados.
Este profissional atuará com modelos de Machine Learning, desenvolvendo demandas estratégicas internamente.

Se você gosta de trabalhar com uma abordagem mais estratégica, tem o olhar para melhoria contínua, resolução de problemas, facilidade com números, atividades lógicas, e quer trabalhar em uma empresa que está crescendo a cada dia mais, então o Grupo Autoglass é o seu lugar!

Candidate-se hoje!","Realizar estudos de dados;
Atuar na construção de modelos de inteligência artificial;
Aplicar técnicas de Data Science gerando valor para o negócio;
Participar de projetos estratégicos envolvendo outras áreas – apoiando na construção de modelos e na metodologia;
Analisar dados: definir objetivos, estipular indicadores e métricas, coletar dados, interpretar e expor resultados;
Aplicar conhecimentos técnicos em estudos pontuais;
Criar insights e propor estudos diferenciados referente ao nosso setor.","Requisitos da vaga:
Formação Acadêmica: Superior completo ou em andamento em Engenharias, Estatística, Matemática, Ciência da Computação, Sistemas de Informação ou áreas correlatas.
Conhecimentos Técnicos:
Domínio de SQL para manipulação e consulta de bases de dados.
Proficiência em linguagens de programação voltadas para análise de dados, como Python ou R.
Excel Avançado, incluindo a utilização de tabelas dinâmicas, fórmulas complexas e análise de dados.
Experiência Profissional:
Experiência sólida com análise e extração de dados a partir de diferentes fontes.
Experiência com limpeza e modelagem de dados.
Habilidade em trabalhar com grandes volumes de dados de forma eficiente.
Experiência com Modelagem Preditiva e Machine Learning.
Competências Complementares:
Capacidade de trabalhar em equipe e colaborar com stakeholders para entender requisitos de negócios e traduzir em soluções analíticas.
Pensamento crítico e habilidade para resolver problemas complexos.

Valorizamos se você tiver:
Conhecimento em Ferramentas de Visualização de Dados: Experiência com Tableau, Power BI ou outras ferramentas de Business Intelligence.
Experiência com Big Data.
Experiência com Projetos Avançados: Participação em projetos de analytics avançados, como previsão de demanda, segmentação de clientes, ou otimização de processos.
Certificações Relacionadas: Certificações em análise de dados, ciência de dados ou machine learning.","O que o Grupo Autoglass proporciona?  

Pra cuidar da sua saúde física e mental: 
🩺 Plano de saúde sem mensalidade para você e seus dependentes;
🦷 Plano odontológico opcional extensivo à dependentes;
💙 Atendimento psicológico; 
🤰🏻 Programa da Gestante com licença maternidade estendida; 
🏋️‍ Wellhub (Desconto em academias).  

Pra apoiar seu dia a dia: 
🚌 Vale transporte; 
🛒 Vale Refeição ou Alimentação. No Natal, te enviamos uma cesta bem recheada; 
😎 Oportunidade de trabalhar e trocar conhecimentos diários com um time incrível e acolhedor; 
🤑 Allya: Aplicativo com descontos em diversos estabelecimentos e serviços do dia a dia;
💙 Ah! Por aqui comemoramos o Dia do Colaborador do Grupo Autoglass enviando um mimo a todos os colaboradores. 

Pra desenvolver sua carreira: 
🚀 Oportunidade de crescimento profissional;
🚀 Cultura de feedback e desenvolvimento;  
🚀 Acesso ao Portal de Educação Corporativa Grupo Autoglass com mais de 200 cursos gratuitos e com emissão de certificado;
🚀 Galena: Descontos em mais de 150 mil cursos para colaboradores;
🚀Um ambiente de trabalhado altamente colaborativo e desafiador. No Grupo Autoglass, você encontrará oportunidade de crescimento e uma cultura de inovação e melhoria contínua muito forte!

Para melhorar o seu dia no trabalho presencial: 
☕ Café da manhã e da tarde;
💆‍️ Momento relax: Massagem relaxante no seu posto de trabalho;
🎮 Área anexa na Sede com sala gamer, cafeteria, barbearia, salão de beleza e muito mais!

Para melhorar o seu dia no trabalho remoto: 
💰 Auxílio homeoffice;
💻 Enviamos máquina e todos os equipamentos para sua casa;
💺 se necessário, equipamos a sua casa com móveis para o homeoffice.

Vem ser Grupo Autoglass!","Etapa 1: Cadastro
1
Cadastro | Etapa 2: Informações Importantes
2
Informações Importantes | Etapa 3: Entrevista com o RH
3
Entrevista com o RH | Etapa 4: Redação Online
4
Redação Online | Etapa 5: Entrevista com o Gestor
5
Entrevista com o Gestor | Etapa 6: Teste Prático + Avaliação Psicológica
6
Teste Prático + Avaliação Psicológica | Etapa 7: Exame Admissional
7
Exame Admissional | Etapa 8: Contratação
8
Contratação"
Cientista de Dados,Publicada em 22 de abril de 2025,"São Paulo - SP
São Paulo - SP","Efetivo
Efetivo","Híbrido
Híbrido",Sim,"Na NIO, acreditamos que a tecnologia conecta pessoas e transforma o futuro. Somos uma empresa inovadora e focada em excelência, operando com uma cultura dinâmica e colaborativa. Nosso time trabalha com autonomia, paixão e compromisso, sempre em busca dos melhores resultados.

Estamos em busca de um Cientista de Dados - Especialista talentoso e motivado para se juntar à nossa equipe. Você irá atuar em um ambiente desafiador e dinâmico, utilizando suas habilidades para analisar dados complexos, identificar tendências e gerar insights estratégicos que impulsionarão o crescimento da V.tal. Sua expertise será crucial para otimizar nossos processos, tomar decisões mais assertivas e garantir a excelência em nossos serviços.
Responsabilidades e atribuições: ","• Liderar projetos de modelagem preditiva.
• Criar, treinar e validar modelos estatísticos e machine learning complexos
• Garantir a performance e interpretabilidade dos modelos, com métricas e reavaliações.
• Colaborar com áreas de negócio para gerar insights.
• Apoiar a evolução técnica do time e a maturidade analítica da empresa.","• Experiência sólida com Python, SQL, BigQuery, scikit-learn, XGBoost e afins.
•  Conhecimento em cloud e pipelines de modelagem.
•  Boa comunicação, visão estratégica e autonomia.
•  Desejável: experiência com ML Ops","Benefícios:
Vale Alimentação e/ou Refeição
Vale Transporte
Assistência Médica
Assistência Odontológica
Seguro de Vida
Previdência Privada
Programa de participação nos resultados (PPR)
Auxílio Farmácia
Auxílio creche
Flexibilidade de horário
Clube de Vantagens V.tal
Licença maternidade estendida (6 meses)
Licença paternidade estendida (20 dias)","Etapa 1: Cadastro
1
Cadastro | Etapa 2: Entrevista com Atração & Seleção
2
Entrevista com Atração & Seleção | Etapa 3: Entrevista com a Gestão Imediata
3
Entrevista com a Gestão Imediata | Etapa 4: Entrevista com a Gestão Sênior
4
Entrevista com a Gestão Sênior | Etapa 5: Proposta
5
Proposta | Etapa 6: Contratação
6
Contratação"
Cientista de Dados Especialista em Crédito,Publicada em 01 de abril de 2025,Não informado,"Efetivo
Efetivo","Remoto
Remoto",Sim,"Você é apaixonado por dados e tem experiência com modelos de crédito?

Estamos em busca de um Cientista de Dados talentoso para se juntar à nossa equipe e ajudar a transformar dados em insights valiosos para decisões estratégicas.

Te identificou? Cadastre o teu currículo e participe do nosso processo seletivo.

Vem fazer parte do Time! 💙","Coletor dados e construir features/books de modelagem;
Buscar por inovação no uso de dados alternativos tanto de bureaus, quanto openfinance, SCR e Device, bem como dados proprietários buscando robustecer os processos de decisão de crédito. Será líder do projeto estratégico “Mais Dados”.
Realizar Backtests com fornecedores de dados e modelos.
Desenvolver modelos para otimização de risco/retorno em crédito: application, behavior, collection, renda presumida, perda esperada, Raroc.
Desenvolver projeções para indicadores (FPD, PDD).
Implantar modelos junto aos times de engenharia de dados e tecnologia.
Fazer o desenvolvimento do monitoramento de desempenho e estabilidade dos modelos.","Sólida experiência em desenvolvimento de modelos para crédito e cobrança.
Experiência em diferentes técnicas de modelagem (regressão logística, clustering e técnicas de machine learning).
Forte habilidade estatística.
SQL/Python/R, Bibliotecas de ML (usamos python).
Nível superior em Estatística, Matemática, Data Science ou áreas afins.

Competências Comportamentais:

Capacidade Analítica;
Capacidade de comunicação clara e eficaz, facilitando a interação com diferentes áreas e fornecedores;
Visão estratégica para evolução da área e melhoria contínua dos processos;
Senso de urgência e capacidade de tomar decisões;
Organização e gestão eficiente do tempo para equilibrar demandas operacionais e estratégicas;
Foco em inovação e melhoria da experiência do usuário;","Importante:

Atuação Remota.
Contratação Imediata.

É LEGAL VOCÊ SABER! 💙💙

Salário Atrativo;
Vale Alimentação;
Plano de Saúde Nacional;
Day Off no mês do aniversário;","Etapa 1: Cadastro
1
Cadastro | Etapa 2: Pesquisa Comportamental PI
2
Pesquisa Comportamental PI | Etapa 3: Análise Interna
3
Análise Interna | Etapa 4: Entrevista com RH
4
Entrevista com RH | Etapa 5: Entrevista com Gestor (a)
5
Entrevista com Gestor (a) | Etapa 6: Contratação
6
Contratação"
Cientista de Dados,Publicada em 17 de março de 2025,"Rio de Janeiro - RJ
Rio de Janeiro - RJ","Efetivo
Efetivo","Híbrido
Híbrido",Sim,"Somos a equipe de BI da Beep Saúde, guardiões da cultura de dados que impulsiona o futuro da empresa.

Estamos buscando um(a) cientista de dados talentoso e motivado para utilizar técnicas avançadas de análise de dados para identificar oportunidades e solucionar desafios de negócio. Este papel exigirá capacidade analítica excepcional e habilidades técnicas sólidas para manipular grandes conjuntos de dados.

A Beep vem crescendo bastante e com esse crescimento, novos desafios estão surgindo. Buscamos uma pessoa que nos ajude a superar esses desafios, tornando nossos dados cada vez mais essenciais na geração de insights valiosos para a tomada de decisão","Analisar dados para identificar padrões, tendências e oportunidades de otimização.
Desenvolver e implementar modelos preditivos e de otimização.
Avaliar e aprimorar os modelos existentes utilizando abordagens baseadas em dados.
Desenvolver ferramentas e aplicações para suportar as soluções de dados.
Identificar novas oportunidades de atuação, com uma visão sistêmica da empresa, e propor soluções inovadoras.
Traduzir análises complexas em insights acionáveis para diferentes stakeholders.
Manter-se atualizado sobre as melhores práticas e tendências emergentes em ciência de dados e tecnologias relacionadas.","Experiência comprovada em análise de dados, modelagem estatística e aprendizado de máquina.
Domínio de Python e SQL, bem como ferramentas de análise de dados.
Desejável experiência com GCP.
Excelentes habilidades de comunicação e capacidade de trabalhar em equipe.
Capacidade de trabalhar de forma independente, gerenciando prazos e prioridades.","💰 Benefícios para os Beepers:

Para sua saúde e de seus dependentes – Plano de Saúde e Odontológico | Sulamérica.
Benefício Farmácia: até 40% de desconto em medicamentos.
Pacote de alimentação: VA/VR
Pensando na sua saúde física e mental: GymPass / Total Pass /Seguro de Vida.
Para seu desenvolvimento: descontos em instituições de ensino parceiras.
Vale transporte.","Etapa 1: Cadastro
1
Cadastro | Etapa 2: Entrevista com RH
2
Entrevista com RH | Etapa 3: Entrevista com Gestor
3
Entrevista com Gestor | Etapa 4: Entrevista com Diretoria
4
Entrevista com Diretoria | Etapa 5: Proposta
5
Proposta | Etapa 6: Contratação
6
Contratação"
[Ambev Tech] Cientista de Dados Pleno e Senior,Publicada em 06 de fevereiro de 2025,Não informado,"Efetivo
Efetivo","Remoto
Remoto",Sim,"Somos o Hub de Tecnologia da Ambev e trabalhamos como protagonistas da transformação digital de uma das maiores indústrias de bebidas do mundo. Do campo ao copo, nossas soluções, realizadas com tecnologia de ponta por pessoas excelentes, entregam ainda mais escalabilidade, inovação e confiabilidade para as mais diversas áreas da companhia.  
Somos mais de 1500 colaboradores pelo Brasil e América Latina, incluindo as cidades das nossas unidades – Blumenau (SC), Maringá (PR), São Paulo (SP), Jaguariúna (SP) e Buenos Aires (ARG). 

Na área de Data & Analytics, estruturamos e processamos grandes volumes de dados para transformar informações em decisões estratégicas e insights acionáveis. Nosso time trabalha nas frentes de engenharia de dados, ciência de dados e BI, utilizando tecnologias modernas que compõem a nossa tech stack. Com uma cultura data-driven, garantimos que todas as áreas da Ambev tenham acesso a dados confiáveis, escaláveis e seguros para impulsionar inovação e eficiência operacional. 
 Vem promover ainda mais razões para brindar com a gente! 🚀🍻 ","A rotina como Cientista de Dados inclui:

Compreender desafios de negócio, identificar oportunidades e desenvolver modelos de aprendizado de máquina ou pesquisa operacional para tomada de decisão; 
Aplicar técnicas de visualização de dados para analisar problemas, detectar oportunidades e comunicar resultados; 
Construir modelos preditivos utilizando aprendizado de máquina para gerar insights estratégicos; 
Modelar problemas de negócio utilizando pesquisa operacional, implementando soluções computacionais eficientes; 
Apresentar resultados de forma clara para as áreas de negócio, mantendo o rigor técnico e científico; 
Traduzir descobertas dos modelos em recomendações acionáveis para o negócio; 
Monitorar o desempenho dos modelos e garantir a qualidade dos resultados; 
Desenvolver e treinar analistas com as principais teorias e aplicações de aprendizado de máquina, inteligência artificial e pesquisa operacional. 

E claro, nossos valores são muitos importantes, pois foram eles que nos trouxeram até aqui. Se você gosta de trabalhar em equipe, lida com projetos de forma proativa e curte desafios, vem com a gente!","Experiência no desenvolvimento de sistemas de recomendação e personalização de conteúdo, utilizando abordagens como collaborative filtering, content-based filtering, deep learning e reinforcement learning;
Linguagens: Python, SQL;
Ferramentas: principais bibliotecas de ciência de dados e pesquisa operacional (Pandas, NumPy, Matplotlib, Scikit-learn, Keras, OR-Tools);
Estatística: conceitos fundamentais como variáveis aleatórias, distribuições de probabilidade, testes de hipóteses;
Aprendizado de máquina: experiência com modelos supervisionados e não supervisionados;
Bancos de dados: conhecimento avançado em SQL e modelagem de banco de dados relacional (joins, group by, order by, chaves primárias, secundárias e estrangeiras;
Inglês para escrita e conversação.","Benefícios de trabalhar com a gente 
 Pra te apoiar financeiramente: 
Vale refeição ou alimentação; 
Vale transporte; 
Bônus PPR (Programa de Participação nos Resultados); 
Abono assiduidade (14º salário); 
IAPP (Instituto Ambev de Previdência Privada). 
 Pra cuidar do seu bem-estar e qualidade de vida: 
Plano de saúde; 
Convênio odontológico; 
Seguro de vida; 
Telemedicina DASA (todas as especialidades 24h/dia, 7 dias/semana) 
Licenças maternidade e paternidade estendidas (60 e 15 dias, respectivamente); 
Wellhub (antigo Gympass); 
Auxílio creche 
 Pro seu desenvolvimento profissional: 
Auxílio educação; 
Self Learning (auxílio em cursos, certificações e idiomas); 
Self Friday (sexta-feira à tarde livre para estudos e autocuidado). 
 E ainda tem mais! 
Mercado Tech (desconto mensal em produtos Ambev *apenas nas cidades de nossas unidades); 
Brahma Express (desconto de 20% na plataforma); 
Day off de aniversário; 
 Modelo de trabalho 
Atualmente temos como modelos de trabalho os formatos híbrido e remoto, variando de acordo com o tipo e o escopo da vaga.  
No modelo híbrido, o trabalho pode ser realizado em uma de nossas unidades na frequência de 3 dias por semana. Já no modelo remoto, pode ser realizado em qualquer cidade do Brasil (é necessária a residência fixa em território nacional). 
 Benefícios do modelo remoto de trabalho: 
Auxílio Home office inicial (para apoiar na montagem de seu espaço); 
Auxílio Home Office mensal; ","Etapa 1: Cadastro
1
Cadastro | Etapa 2: Conheça a Ambev Tech!
2
Conheça a Ambev Tech! | Etapa 3: Triagem
3
Triagem | Etapa 4: Conversa inicial
4
Conversa inicial | Etapa 5: Avaliação técnica
5
Avaliação técnica | Etapa 6: Entrevistas
6
Entrevistas | Etapa 7: Proposta
7
Proposta | Etapa 8: Contratação
8
Contratação"
Não encontrado,Não informado,Não informado,Não informado,Não informado,Não,Não informado,Não informado,Não informado,Não informado,Não informado
Não encontrado,Não informado,Não informado,Não informado,Não informado,Não,Não informado,Não informado,Não informado,Não informado,Não informado
Cientista de Dados,Publicada em 04 de junho de 2021,Não informado,Não informado,Não informado,Não,"Vaga para nosso BANCO DE TALENTOS

Procuramos Cientista de Dados, que apoiem o crescimento da empresa e proponham KPIs de sucesso e seu acompanhamento. Trabalhamos com grandes volumes de dados e transformamos em informação de performance minuto a minuto. A melhoria contínua do produto é o nosso principal objetivo, além de entender como podemos agregar cada vez mais ao mercado financeiro.
Você deve ser capaz de trabalhar com grandes volumes de dados em real time e criar análises e visualizações estruturadas a partir deles (planilhas já não nos atendem mais).

Somos inquietos, somos desbravadores e estamos em constante transformação.
Por isso, estamos na busca constante de crescimentos do nosso time com profissionais inovadores, que desafiam os limites e estejam preparados para embarcar em uma cultura totalmente nômade.
SOMOS NÔMADES, NOSSAS VAGAS SÃO PARA QUALQUER LUGAR!

Seja qual for o seu gênero, orientação sexual, idade, raça, etnia, crença ou deficiência, todos são bem-vindos no nosso time.","Fornecer relatórios e dashboards operacionais e financeiros para níveis executivos, clientes e gestão interna;
Participar da construção de metas e KPIs da empresa;
Estar apto a transformar a área de relatórios gerenciais, com implantação de novas ferramentas como ERP;
Alta capacidade em análise e manipulação de base de dados de B.I.;
Aplicar as técnicas em ciência de dados para a resolução de problemas complexos de negócio, sempre orientado aos resultados mais relevantes para a companhia;
Buscar melhorias nos processos de Business Intelligence e Big Data da empresa, garantindo a aplicação de melhores práticas e atualizando os processos internos.","Conhecimento em linguagem de programação Phyton, R ou Scala;
Conhecimento em SQL e NoSQL;
Graduação em andamento/completa em Matemática, Estatística ou áreas correlatadas;
Muita vontade para desbravar.","Os desbravadores tem:
Horário flexível, aqui você é responsável por se organizar;
Cultura ágil, aqui todos os desbravadores utilizam metodologias ágeis no dia a dia;
No dress code, seja 100% você;
Vale transporte;
Vale refeição ou alimentação FLEX;
Gympass;
Plano odontológico Bradesco;
Plano de saúde Amil;
Seguro de vida Metlife;
Bem estar psicológico gratuito;
Brivia Academy, treinamentos para aperfeiçoamento;
Bônus salarial;
Associação e descontos na ANAMID;
E o melhor de todos: trabalhe de onde você quiser, somos nômades e estamos 100% em home office!",Não informado
Não encontrado,Não informado,Não informado,Não informado,Não informado,Não,Não informado,Não informado,Não informado,Não informado,Não informado
