Nome da empresa,rating da empresa,cargo,faixa salarial (min),faixa salarial (max),salário médio,número de vagas
Itaú Unibanco (Itaú BBA e Rede),4.4,Cientista De Dados,7000,13000,10000,257
IBM,3.9,Cientista De Dados,4000,10000,7000,65
Hospital Israelita Albert Einstein,4.4,Cientista De Dados,12000,14000,13000,153
Banco Bradesco,4.1,Cientista De Dados,6000,11000,8000,278
Semantix,2.8,Cientista De Dados,7000,13000,8000,38
Stefanini,4,Cientista De Dados,4000,8000,7000,272
Stone,4.1,Cientista De Dados,9000,16000,10000,68
Propz,4.2,Cientista De Dados,5000,8000,6000,0
Nubank,4.4,Cientista De Dados,12000,20000,13000,13
Kunumi,4.6,Cientista De Dados,7000,16000,9000,0
NeuroTech,4.5,Cientista De Dados,6000,12000,6000,9
Globo,4.2,Cientista De Dados,6000,10000,9000,2
Ambev Tech,4.2,Cientista De Dados,8000,15000,10000,36
Radix Engenharia e Software,4.3,Cientista De Dados,6000,9000,8000,0
Sicredi,4.4,Cientista De Dados,4000,9000,6000,599
TOTVS,4.2,Cientista De Dados,7000,15000,10000,259
Atlântico,4.5,Cientista De Dados,6000,11000,8000,0
Suzano,4.4,Cientista De Dados,12000,14000,13000,51
Banco do Brasil,4.3,Cientista De Dados,5000,12000,6000,0
Neoway,4.4,Cientista De Dados,7000,14000,10000,10
Santander,3.8,Cientista De Dados,8000,13000,9000,1
Oper,4.4,Cientista De Dados,4000,6000,5000,1
americanas s.a.,3.6,Cientista De Dados,6000,12000,8000,270
Universidade de São Paulo (USP),4.4,Cientista De Dados,2000,9000,5000,0
Dasa,3.5,Cientista De Dados,6000,16000,10000,323
Softplan,4.2,Cientista De Dados,7000,12000,10000,36
Grupo Globo,4.1,Cientista De Dados,6000,10000,9000,1
Ambev,4.3,Cientista De Dados,7000,10000,9000,217
Petrobras,4.5,Cientista De Dados,5000,17000,13000,434
Hotmart,4.1,Cientista De Dados,6000,18000,10000,10
iFood,4.2,Cientista De Dados,6000,13000,12000,65
Grupo Casas Bahia,3.8,Cientista De Dados,10000,11000,10000,307
Accenture,3.7,Cientista De Dados,5000,9000,7000,49
Experian,4.3,Cientista De Dados,9000,12000,10000,748
Ipiranga,4,Cientista De Dados,5000,9000,6000,35
Gupy,4.1,Cientista De Dados,7000,14000,12000,9
PicPay,3.8,Cientista De Dados,8000,11000,9000,43
Mercado Livre,4.2,Cientista De Dados,8000,18000,9000,503
RD Station,4,Cientista De Dados,8000,12000,10000,18
Google,4.6,Cientista De Dados,6000,19000,8000,4
Unimed,4.1,Cientista De Dados,4000,8000,7000,409
Big Data Brasil,4.2,Cientista De Dados,6000,12000,11000,0
CI&T,4.1,Cientista De Dados,6000,13000,9000,287
Banco Safra,3.6,Cientista De Dados,6000,12000,8000,0
Magazine Luiza,4.2,Cientista De Dados,9000,11000,10000,2
Monks,3.4,Cientista De Dados,3000,6000,4000,9
Grupo MRV,3.8,Cientista De Dados,6000,9000,7000,336
Braskem,4.3,Cientista De Dados,8000,15000,12000,1
Vert Solucoes em TI,3.7,Cientista De Dados,5000,11000,8000,1
4intelligence,3.7,Cientista De Dados,4000,9000,5000,0
Microsoft,4.1,Cientista De Dados,3000,18000,5000,3
GLOBAL HITSS,3.9,Cientista De Dados,12000,14000,13000,138
Shape,3.8,Cientista De Dados,10000,19000,12000,0
Bradesco Seguros,4.1,Cientista De Dados,10000,15000,13000,0
Freelancer,4.2,Cientista De Dados,3000,12000,6000,34
Centro de Estudos e Sistemas Avançados do Recife - C.E.S.A.R,4.2,Cientista De Dados,5000,10000,6000,11
Aquarela Advanced Analytics,4.3,Cientista De Dados,4000,5000,5000,1
Banco Itaú,4.3,Cientista De Dados,10000,19000,14000,0
IBM,3.9,Cientista De Dados,4000,7000,5000,65
Itaú Unibanco (Itaú BBA e Rede),4.4,Cientista De Dados,6000,8000,7000,257
Cielo,4,Cientista De Dados,10000,12000,11000,176
SulAmérica,3.7,Cientista De Dados,6000,15000,13000,0
A3Data,3.9,Cientista De Dados,5000,13000,6000,9
Lojas Renner,3.8,Cientista De Dados,8000,14000,11000,139
ClearSale,4.2,Cientista De Dados,8000,12000,10000,2
Natura,4.2,Cientista De Dados,8000,16000,12000,48
Qintess,3,Cientista De Dados,7000,10000,7000,74
Porto,4.4,Cientista De Dados,11000,14000,13000,124
Autonomo,4.4,Cientista De Dados,2000,9000,4000,0
IHM stefanini,4.2,Cientista De Dados,6000,11000,7000,0
AutoAvaliar,4.4,Cientista De Dados,7000,15000,14000,0
Loft,3.6,Cientista De Dados,8000,13000,11000,50
Algar,4.3,Cientista De Dados,2000,5000,4000,31
Vivo (Telefônica Brasil),4.4,Cientista De Dados,3000,9000,8000,559
Beegol,4.7,Cientista De Dados,4000,8000,6000,0
Alelo,4.3,Cientista De Dados,7000,10000,9000,0
Elo7,3.6,Cientista De Dados,10000,12000,10000,0
DataRisk,4.2,Cientista De Dados,5000,7000,5000,1
Compass Uol,3.8,Cientista De Dados,3000,10000,7000,57
ArcelorMittal,4.3,Cientista De Dados,2000,15000,8000,687
Localiza&Co,4.2,Cientista De Dados,4000,8000,6000,863
Hospital Israelita Albert Einstein,4.4,Cientista De Dados,8000,15000,10000,153
will bank,4.1,Cientista De Dados,10000,21000,13000,16
Open Co,3.8,Cientista De Dados,8000,71000,11000,3
Grupo Boticário,4.3,Cientista De Dados,7000,14000,9000,253
Grupo Stefanini,3.9,Cientista De Dados,6000,10000,9000,0
Tok&Stok,3.7,Cientista De Dados,8000,10000,9000,57
Zé Delivery,3.7,Cientista De Dados,7000,13000,9000,0
PagBank,3.9,Cientista De Dados,7000,11000,8000,133
Dextra,4.5,Cientista De Dados,4000,12000,7000,0
Martins,4,Cientista De Dados,6000,7000,6000,1
FALCONI,3.6,Cientista De Dados,6000,9000,6000,5
CAST,4.2,Cientista De Dados,12000,41000,12000,0
Zoox Smart Data,4.3,Cientista De Dados,6000,8000,7000,0
SEBRAE,4.3,Cientista De Dados,11000,14000,13000,0
idwall,4,Cientista De Dados,7000,10000,10000,13
Fundação Getulio Vargas,3.9,Cientista De Dados,8000,13000,8000,0
Programmer's - Beyond IT,4.5,Cientista De Dados,6000,12000,11000,14
Instituto de Pesquisas ELDORADO,4.4,Cientista De Dados,7000,15000,11000,5
Jump Label,4.3,Cientista De Dados,57,90,60,0
EloGroup,4.2,Cientista De Dados,9000,23000,10000,3
GOL Linhas Aéreas,3.9,Cientista De Dados,5000,8000,8000,99
Inter,3.4,Cientista De Dados,9000,16000,11000,0
Creditas,4.1,Cientista De Dados,8000,20000,15000,20
IMAGEM Geosistemas,3.5,Cientista De Dados,5000,8000,7000,8
Samsung Electronics,3.7,Cientista De Dados,5000,7000,5000,626
Minsait,3.7,Cientista De Dados,7000,10000,8000,133
Google,4.6,Cientista De Dados,7000,29000,10000,4
"CloudWalk, Inc.",4.4,Cientista De Dados,7000,8000,8000,0
Secretária de Saúde do Estado do Ceará,3.8,Cientista De Dados,5000,8000,7000,0
BRQ,4.1,Cientista De Dados,8000,13000,9000,0
Olist,4,Cientista De Dados,11000,18000,15000,0
Guiabolso,4.1,Cientista De Dados,6000,8000,7000,0
Robô Laura,3.8,Cientista De Dados,3000,4000,3000,0
MadeiraMadeira,3.7,Cientista De Dados,5000,10000,7000,103
Hospital Albert Einstein,4.5,Cientista De Dados,9000,20000,15000,0
BTG Pactual,3.8,Cientista De Dados,7000,11000,7000,15
Atento (Brazil),3.5,Cientista De Dados,2000,15000,13000,15
Foton Informatica,4.4,Cientista De Dados,7000,12000,9000,9
Adiante Recebíveis,3.6,Cientista De Dados,8000,8000,8000,0
FieldPRO,3.8,Cientista De Dados,8000,12000,8000,0
dti digital,4.3,Cientista De Dados,6000,8000,6000,0
Axur. Digital Risk Protection,4.5,Cientista De Dados,5000,15000,11000,3
banco BV,4.4,Cientista De Dados,6000,12000,8000,42
Blip,3.4,Cientista De Dados,4000,12000,5000,15
Embraer,4.3,Cientista De Dados,10000,12000,11000,74
Loggi,3.8,Cientista De Dados,15000,17000,16000,57
Icatu Seguros,4.2,Cientista De Dados,6000,7000,6000,0
Claro,4.2,Cientista De Dados,9000,13000,13000,151
Keyrus,4,Cientista De Dados,8000,13000,9000,176
Capco,3.8,Cientista De Dados,8000,14000,13000,615
Shelter IT Soluções Tecnologias Inteligentes,1.6,Cientista De Dados,3000,14000,10000,0
Technium - AI for EveryOne,5,Cientista De Dados,3000,5000,5000,0
Kognita LAB,4.2,Cientista De Dados,5000,9000,6000,0
Sympla,3.7,Cientista De Dados,6000,8000,8000,29
Dell Technologies,3.8,Cientista De Dados,17000,25000,18000,328
NeoGrid,3.5,Cientista De Dados,8000,31000,11000,0
Jusbrasil,3.6,Cientista De Dados,19000,21000,20000,0
XP Inc.,4.1,Cientista De Dados,6000,10000,7000,32
Spassu tecnologia,3.9,Cientista De Dados,5000,9000,6000,7
Grupo Recovery,3.9,Cientista De Dados,958,12000,7000,0
Data Science Brigade,4.4,Cientista De Dados,5000,5000,5000,0
Marketdata,3.9,Cientista De Dados,4000,11000,5000,7
TELUS Digital,3.5,Cientista De Dados,5000,6000,5000,1
Farmers Edge,3,Cientista De Dados,1000,12000,8000,5
Serasa,3.9,Cientista De Dados,4000,17000,5000,31
GOL Linhas Aéreas,3.9,Cientista De Dados,7000,9000,8000,99
Stepwise,4.3,Cientista De Dados,1000,2000,2000,0
EY,3.7,Cientista De Dados,2000,7000,3000,12
Boston Consulting Group,4.2,Cientista De Dados,9000,13000,10000,1
Neogrid Tecnologia e Informação,3.8,Cientista De Dados,5000,10000,5000,0
Almaviva Solutions,4.6,Cientista De Dados,7000,10000,8000,14
Cinnecta,4.6,Cientista De Dados,3000,7000,6000,0
CLAMED Farmácias,4,Cientista De Dados,6000,7000,6000,297
Avenue Code,3.4,Cientista De Dados,14000,16000,15000,0
Google,4.6,Cientista De Dados,22000,30000,26000,4
Governo do Estado de São Paulo,3.5,Cientista De Dados,3000,6000,5000,0
Meta,3.8,Cientista De Dados,10000,13000,12000,3
Mutual Solar,3,Cientista De Dados,5000,5000,5000,0
Amazon,3.6,Cientista De Dados,1000,3000,2000,25
act digital,3.5,Cientista De Dados,6000,14000,10000,72
InfoPrice,3.6,Cientista De Dados,2000,6000,4000,0
Deloitte,3.8,Cientista De Dados,7000,14000,11000,23
Inter,3.4,Cientista De Dados,6000,7000,7000,0
Banco Mercantil do Brasil,3.9,Cientista De Dados,1000,10000,6000,3
DataUnique Tecnologia,4.8,Cientista De Dados,1000,3000,2000,0
FestaLab,4.6,Cientista De Dados,11000,11000,11000,0
Itaú Unibanco (Itaú BBA e Rede),4.4,Cientista De Dados,242,3000,1000,255
White Martins,4,Cientista De Dados,6000,8000,7000,0
Serpro,4.5,Cientista De Dados,6000,12000,9000,1
AIS Digital,3.9,Cientista De Dados,5000,5000,5000,0
BEES,3.5,Cientista De Dados,15000,15000,15000,0
Freelance,4.2,Cientista De Dados,2000,3000,3000,0
99,4,Cientista De Dados,14000,18000,16000,0
Grupo Autoglass,4.3,Cientista De Dados,7000,9000,8000,109
Universidade Federal de Juiz de Fora (UFJF),4.6,Cientista De Dados,2000,6000,4000,0
Saint-Gobain,4,Cientista De Dados,10000,11000,10000,224
Venturus Centro de Inovação Tecnológica,4.6,Cientista De Dados,11000,18000,14000,0
Banco Nacional de Desenvolvimento Econômico e Social,4.7,Cientista De Dados,26000,27000,26000,0
MedRoom,4.9,Cientista De Dados,5000,6000,5000,0
Dom Rock,2.9,Cientista De Dados,5000,9000,7000,0
Luizalabs,4.4,Cientista De Dados,13000,20000,17000,0
Monte Bravo Corretora,3.6,Cientista De Dados,5000,7000,6000,0
Votorantim Cimentos,4,Cientista De Dados,5000,10000,7000,27
Zup Innovation,4.2,Cientista De Dados,8000,13000,11000,33
Macnica,3.5,Cientista De Dados,6000,7000,7000,153
IBM,3.9,Cientista De Dados,2000,2000,2000,65
Enforce,2.4,Cientista De Dados,7000,12000,9000,0
Suzano,4.4,Cientista De Dados,4000,8000,6000,51
Linx,3.8,Cientista De Dados,5000,8000,6000,19
Dom Rock,2.9,Cientista De Dados,5000,6000,5000,0
BairesDev,4.1,Cientista De Dados,12000,16000,14000,1
C6 Bank,4.2,Cientista De Dados,8000,23000,15000,11
Deloitte,3.8,Cientista De Dados,6000,9000,7000,23
QuintoAndar,3.9,Cientista De Dados,10000,12000,11000,56
ADVISIA Analytics,4.6,Cientista De Dados,5000,12000,8000,0
Universidade Federal do Rio de Janeiro,4.2,Cientista De Dados,2000,2000,2000,0
SENAI-SP,4.1,Cientista De Dados,9000,11000,10000,14
Sistema FIEC,4.2,Cientista De Dados,6000,6000,6000,0
Neomove,4.3,Cientista De Dados,4000,4000,4000,0
Dataside,4.4,Cientista De Dados,3000,4000,3000,0
Mundiale,3.8,Cientista De Dados,3000,6000,5000,3
Grupo OLX,4.1,Cientista De Dados,7000,9000,8000,12
Rei do Pitaco,4.4,Cientista De Dados,13000,14000,13000,0
nstech,3,Cientista De Dados,7000,9000,8000,0
FiTec,4.4,Cientista De Dados,6000,8000,7000,8
Ambev,4.3,Cientista De Dados,2000,5000,4000,217
Nenhuma,3.8,Cientista De Dados,2000,17000,9000,0
Ubivis,4.5,Cientista De Dados,2000,3000,2000,0
Indra,3.7,Cientista De Dados,6000,9000,7000,108
Indicium,4.5,Cientista De Dados,5000,21000,13000,10
iFood,4.2,Cientista De Dados,2000,3000,2000,65
Argus (Brazil),2.9,Cientista De Dados,5000,8000,7000,0
Carrefour,3.7,Cientista De Dados,2000,11000,7000,3
Universidade Federal do Maranhão (UFMA),4.4,Cientista De Dados,3000,12000,8000,0
Escale,3.8,Cientista De Dados,9000,13000,11000,3
Shift Technology,4.1,Cientista De Dados,150000,160000,155000,12
Trustly,3.9,Cientista De Dados,7000,25000,16000,27
everis,3.7,Cientista De Dados,5000,8000,6000,1
BHS Soluções,4.5,Cientista De Dados,8000,8000,8000,5
Jump Label,4.3,Cientista De Dados,29,70,49,0
Kumulus,3.9,Cientista De Dados,4000,7000,5000,7
TC,3.6,Cientista De Dados,9000,10000,9000,9
Uber,3.8,Cientista De Dados,20000,981000,500000,5
Frete.com,3.1,Cientista De Dados,8000,18000,13000,0
Grupo OLX,4.1,Cientista De Dados,5000,15000,10000,12
Vibra Energia,3.8,Cientista De Dados,2000,12000,7000,61
AeC Centro de Contatos,3.5,Cientista De Dados,6000,11000,8000,167
Sidia,3.7,Cientista De Dados,5000,6000,5000,22
Pontificia Universidade Católica do Rio Grande do Sul (PUC-RS),3.9,Cientista De Dados,2000,6000,4000,0
Banco PAN,3.8,Cientista De Dados,7000,12000,10000,10
Nubank,4.4,Cientista De Dados,2000,3000,2000,13
BB Tecnologia e Serviços,3.4,Cientista De Dados,5000,7000,6000,0
Brasilprev Seguros e Previdência,4.3,Cientista De Dados,4000,16000,10000,3
SENAI,4.2,Cientista De Dados,3000,5000,4000,12
Hand Talk,3.8,Cientista De Dados,7000,21000,14000,0
Enacom,3.1,Cientista De Dados,3000,5000,4000,0
ContaAzul,3.8,Cientista De Dados,4000,5000,4000,16
Sicoob,4.3,Cientista De Dados,5000,18000,12000,18
Amazon,3.6,Cientista De Dados,2000,8000,5000,25
Proffer,4.5,Cientista De Dados,1000,4000,2000,0
Grupo SBF,3.6,Cientista De Dados,13000,15000,14000,36
Segfy,3.3,Cientista De Dados,11000,13000,12000,0
Klavi,4.1,Cientista De Dados,5000,5000,5000,4
Hospital Alemão Oswaldo Cruz,4.1,Cientista De Dados,5000,9000,7000,7
Ford Motor Company,4,Cientista De Dados,5000,10000,7000,823
Tractian,4,Cientista De Dados,9000,9000,9000,0
Locomotiva,4.2,Cientista De Dados,3000,3000,3000,0
Chama The App,4.4,Cientista De Dados,7000,7000,7000,0
Exército Brasileiro,4.2,Cientista De Dados,5000,8000,6000,3
Keeggo,3.7,Cientista De Dados,10000,14000,12000,0
Hausz Pisos e Ambientes,2.7,Cientista De Dados,4000,6000,5000,0
Mutant,3.6,Cientista De Dados,10000,10000,10000,26
Infosys,3.6,Cientista De Dados,9000,9000,9000,3
Wipro,3.6,Cientista De Dados,3000,5000,4000,4
CTIS,3.6,Cientista De Dados,8000,11000,10000,22
Capgemini,3.8,Cientista De Dados,5000,9000,7000,4
VPware,5,Cientista De Dados,17000,21000,19000,0
Sonda,3.7,Cientista De Dados,4000,5000,4000,22
ClickBus,3.4,Cientista De Dados,4000,7000,6000,8
Claro,4.2,Cientista De Dados,10000,16000,13000,151
Ecobonuz,4.5,Cientista De Dados,5000,5000,5000,0
Cortex Intelligence,3.9,Cientista De Dados,8000,10000,9000,13
ITAU USA Asset Management,4.1,Cientista De Dados,8000,30000,19000,1
Bateleur,4.4,Cientista De Dados,2000,2000,2000,0
GeekHunter,4.2,Cientista De Dados,9000,9000,9000,0
HVAR Consulting,4.6,Cientista De Dados,5000,6000,6000,10
Artefact,4.1,Cientista De Dados,8000,9000,8000,27
Dersalis,3.3,Cientista De Dados,7000,10000,9000,0
Centro de Estudos e Sistemas Avançados do Recife - C.E.S.A.R,4.2,Cientista De Dados,1000,6000,4000,11
Leega,4.1,Cientista De Dados,6000,7000,6000,39
UFMG - Universidade Federal de Minas Gerais,4.5,Cientista De Dados,1000,4000,2000,0
Zenvia,3.7,Cientista De Dados,5000,6000,5000,4
Tecnisys Tecnologias Inovadoras,4.1,Cientista De Dados,3000,5000,4000,0
ScientifiCloud,5,Cientista De Dados,4000,5000,5000,0
Accurate Software,4.4,Cientista De Dados,6000,13000,9000,2
Trade Technology,3.9,Cientista De Dados,3000,4000,4000,0
CWI Software,4.3,Cientista De Dados,7000,8000,8000,14
BITKA,4.6,Cientista De Dados,7000,12000,10000,0
Callink Servicos de Call Center,4,Cientista De Dados,2000,3000,2000,26
Youse Seguros,3.8,Cientista De Dados,5000,11000,8000,7
Lanlink Informática,3.7,Cientista De Dados,6000,10000,8000,65
BRF,3.8,Cientista De Dados,12000,13000,12000,417
TIM BRASIL,4.1,Cientista De Dados,6000,7000,6000,206
NEXXYS,4.4,Cientista De Dados,9000,10000,9000,0
Universidade Estadual Paulista (UNESP),4.6,Cientista De Dados,4000,15000,10000,0
EMBRAER,4.2,Cientista De Dados,11000,11000,11000,0
Bayer,4.2,Cientista De Dados,11000,12000,12000,643
Trybe (Brazil),4,Cientista De Dados,7000,9000,8000,0
Raízen,3.9,Cientista De Dados,8000,13000,10000,487
Grupo CCR,4.2,Cientista De Dados,14000,18000,16000,198
Nenhuma,3.8,Cientista De Dados,5000,5000,5000,0
Anheuser-Busch InBev,3.7,Cientista De Dados,150000,280000,215000,179
Procergs,4.5,Cientista De Dados,9000,10000,9000,0
Hospital Sírio-Libanês,4.2,Cientista De Dados,8000,8000,8000,0
APPMAX,3.9,Cientista De Dados,4000,5000,5000,25
Proffer,4.5,Cientista De Dados,6000,7000,7000,0
Petlove,3.9,Cientista De Dados,5000,5000,5000,220
TransUnion,4.4,Cientista De Dados,8000,12000,10000,187
Riachuelo,4,Cientista De Dados,10000,12000,11000,598
Capital City Public Charter School,3.8,Cientista De Dados,10000,10000,10000,9
Confederação Nacional da Indústria,3.5,Cientista De Dados,8000,8000,8000,0
aftersale,3.9,Cientista De Dados,4000,4000,4000,0
Engesoftware Tecnologia,4.2,Cientista De Dados,5000,5000,5000,7
IBM Business Services,3.9,Cientista De Dados,10000,10000,10000,0
Neodent,4.2,Cientista De Dados,5000,5000,5000,19
Brognoli construções,3,Cientista De Dados,1000,2000,1000,0
Harpia Health Solutions,5,Cientista De Dados,2000,2000,2000,0
Forza JMalucelli,3.6,Cientista De Dados,8000,8000,8000,80
Skynet Informatica,4,Cientista De Dados,386,416,401,0
Whirlpool Corporation,3.7,Cientista De Dados,6000,6000,6000,141
JDO,5,Cientista De Dados,3000,4000,3000,0
UDS Tecnologia,4.1,Cientista De Dados,71,78,74,67
Extreme Digital Solutions,3.8,Cientista De Dados,5000,5000,5000,18
Taking,3.7,Cientista De Dados,48,52,50,125
Levels,-0.10000000149011612,Cientista De Dados,2000,3000,3000,0
SulAmérica,3.7,Cientista De Dados,13000,14000,14000,0
Ambev Tech,4.2,Cientista De Dados,25000,28000,26000,36
Hospital Alemão Oswaldo Cruz,4.1,Cientista De Dados,7000,7000,7000,7
NDD Tech,3.9,Cientista De Dados,4000,4000,4000,44
Wildlife Studios,4,Cientista De Dados,14000,15000,14000,1
BB Transporte,4.1,Cientista De Dados,2000,2000,2000,0
Munai,4.2,Cientista De Dados,5000,5000,5000,0
"Ministério da Ciência, Tecnologia e Inovação",3.8,Cientista De Dados,6000,6000,6000,0
MBOCHIP,4.6,Cientista De Dados,5000,5000,5000,0
Paschoalotto,3.7,Cientista De Dados,3000,3000,3000,20
EatTasty,2.8,Cientista De Dados,6000,6000,6000,0
Universidade Federal do Paraná (UFPR),4.2,Cientista De Dados,4000,4000,4000,0
Intelipost,3.3,Cientista De Dados,5000,5000,5000,9
Stellantis,3.6,Cientista De Dados,7000,8000,7000,1
Caixa Econômica Federal,4.4,Cientista De Dados,21000,23000,22000,0
EEmovel,3.8,Cientista De Dados,2000,2000,2000,0
Stone,4.1,Cientista De Dados,2000,3000,3000,68
Aplicativo Ewally,3.5,Cientista De Dados,10000,11000,11000,0
Climatempo Meteorologia,3.4,Cientista De Dados,7000,8000,8000,0
Linux Foundation,4.3,Cientista De Dados,17000,19000,18000,4
MilkofStone Prospecção de Dados,-0.10000000149011612,Cientista De Dados,19000,21000,20000,0
Universidade Federal da Bahia (UFBA),4.1,Cientista De Dados,4000,4000,4000,0
Vert Analytics,4.2,Cientista De Dados,7000,7000,7000,0
Arcos Dourados Comercio De Alimentos,3.6,Cientista De Dados,10000,10000,10000,0
Cobli,3.6,Cientista De Dados,7000,7000,7000,7
Qyon,3.8,Cientista De Dados,11000,11000,11000,0
Quero Educação,3.8,Cientista De Dados,2000,2000,2000,30
Santos Lab Comercio e Industria Aeroespacial,4.3,Cientista De Dados,8000,8000,8000,0
Tembici,3.4,Cientista De Dados,13000,14000,13000,16
Brazil Translations,3.1,Cientista De Dados,1000,1000,1000,0
EY,3.7,Cientista De Dados,6000,6000,6000,12
G4F Soluções,3.8,Cientista De Dados,9000,10000,10000,1
Eng4 Holding,5,Cientista De Dados,12000,14000,13000,0
Qsoft (Brazil),3.8,Cientista De Dados,5000,5000,5000,0
CondoConta,3.6,Cientista De Dados,13000,14000,14000,4
All Pets - Petshop e Banho e tosa,5,Cientista De Dados,6000,6000,6000,0
Bravium,3.4,Cientista De Dados,5000,6000,6000,5
LACTEC,4,Cientista De Dados,5000,6000,5000,0
Verx Tecnologia,4.5,Cientista De Dados,9000,10000,10000,0
digio,3.7,Cientista De Dados,6000,6000,6000,22
Prefeitura Municipal de Araucária,4.2,Cientista De Dados,4000,4000,4000,0
Airbus,4.2,Cientista De Dados,7000,7000,7000,2
Xerpay,3.9,Cientista De Dados,7000,7000,7000,0
Parafuzo,4.3,Cientista De Dados,4000,4000,4000,0
Votorantim,4,Cientista De Dados,7000,7000,7000,11
ZRP Aplicações Informáticas,4.7,Cientista De Dados,9000,9000,9000,1
Hand Talk,3.8,Cientista De Dados,4000,4000,4000,0
MGM Engenharia,3.8,Cientista De Dados,4000,4000,4000,0
Digiage Technologies,4.6,Cientista De Dados,11000,12000,11000,0
CEAGRE,5,Cientista De Dados,3000,4000,3000,0
Izio,3.6,Cientista De Dados,2000,2000,2000,0
Universidade Federal do Espírito Santo (UFES),4.4,Cientista De Dados,955,1000,995,0
Universidade Federal do Pará (UFPA),4.7,Cientista De Dados,10000,10000,10000,0
CredPago,3.7,Cientista De Dados,6000,6000,6000,0
Universidade Federal de Goiás (UFG),4.5,Cientista De Dados,2000,2000,2000,0
Nvoip,3.4,Cientista De Dados,673,728,700,0
GS Networks,4.4,Cientista De Dados,3000,3000,3000,0
Lebellamafia,3.3,Cientista De Dados,9000,9000,9000,0
Procaps,3.9,Cientista De Dados,12000,12000,12000,0
UOL,4.1,Cientista De Dados,14000,15000,14000,6
Salomão Zoppi Diagnósticos,3.6,Cientista De Dados,1000,1000,1000,0
Alea Vivo,3,Cientista De Dados,1000,1000,1000,41
Andaimes Urbe,3.3,Cientista De Dados,9000,10000,10000,0
Direcional Engenharia,3.6,Cientista De Dados,5000,5000,5000,15
Ambipar Bank,2,Cientista De Dados,7000,7000,7000,0
BRLink,4,Cientista De Dados,1000,1000,1000,0
First Decision Tecnologias Inovadoras,4.2,Cientista De Dados,1000,1000,1000,4
Varejo Integrado Servicos e Tecnologia,4.2,Cientista De Dados,10000,10000,10000,0
Special Vet Cosmético Animal,4,Cientista De Dados,3000,3000,3000,0
Linear Softwares,4,Cientista De Dados,4000,5000,4000,0
Equinor,4.4,Cientista De Dados,10000,10000,10000,8
Unilever,4.1,Cientista De Dados,8000,9000,9000,472
Logit,3,Cientista De Dados,1000,1000,1000,16
LARC Consult,4.6,Cientista De Dados,17000,19000,18000,0
Polibras,3.5,Cientista De Dados,5000,5000,5000,0
Tribunal de Justiça da Paraíba (TJ/PB),4.4,Cientista De Dados,5000,5000,5000,0
Polícia Militar do Estado de Pernambuco (PMPE),3.6,Cientista De Dados,5000,5000,5000,0
A Odisseia,5,Cientista De Dados,5000,5000,5000,0
Renault do Brasil,4.3,Cientista De Dados,3000,3000,3000,3
Insight Engenharia de Comunicação,4.7,Cientista De Dados,4000,5000,4000,0
Bluemetrix (Brazil),2.4,Cientista De Dados,1000,1000,1000,0
Esfera (Brazil),5,Cientista De Dados,9000,10000,9000,0
Armco,4,Cientista De Dados,3000,4000,4000,0
Spread,4.1,Cientista De Dados,11000,11000,11000,114
Hapvida Saúde,3.7,Cientista De Dados,6000,6000,6000,2
Algar,4.3,Cientista De Dados,9000,9000,9000,31
Syngenta,4,Cientista De Dados,8000,8000,8000,360
beAnalytic (Brazil),4.6,Cientista De Dados,3000,4000,3000,0
Monks,3.4,Cientista De Dados,3000,3000,3000,9
SES,4,Cientista De Dados,955,1000,994,87
Instituto Unibanco,3.3,Cientista De Dados,7000,8000,8000,0
Volan,-0.10000000149011612,Cientista De Dados,6000,6000,6000,0
Didi Chuxing,4,Cientista De Dados,59000,65000,62000,332
UniCesumar,3.9,Cientista De Dados,12000,13000,13000,152
4Yousee,4.3,Cientista De Dados,8000,8000,8000,0
DHL Supply Chain,3.7,Cientista De Dados,7000,7000,7000,27
Conselho Nacional de Justiça (CNJ),4,Cientista De Dados,10000,10000,10000,0
Shopee,3.7,Cientista De Dados,2000,2000,2000,2
Musa,3.3,Cientista De Dados,11000,12000,12000,0
Afilio,2.6,Cientista De Dados,6000,6000,6000,1
Nubank,4.4,Cientista De Dados,10000,10000,10000,13
Insper,4.4,Cientista De Dados,5000,5000,5000,4
Atlas Quantum,3.8,Cientista De Dados,13000,14000,13000,0
Webmotors,4.1,Cientista De Dados,58,63,60,8
Prefeitura Municipal de Goiânia,3.2,Cientista De Dados,5000,5000,5000,0
Confidencial,4,Cientista De Dados,29000,31000,30000,72
Xapo Cofre e Carteira,-0.10000000149011612,Cientista De Dados,31000,33000,32000,0
Informatica,4,Cientista De Dados,7000,7000,7000,27
Globo,4.2,Cientista De Dados,7000,7000,7000,2
Bradesco,4.1,Cientista De Dados,15000,16000,15000,0
Numera People Analytics,4.1,Cientista De Dados,4000,4000,4000,0
Onset Tecnologia,4.1,Cientista De Dados,3000,4000,3000,13
Quorum,3.6,Cientista De Dados,3000,3000,3000,5
Globo,4.2,Cientista De Dados,1000,2000,2000,2
F1RST Digital Services,4,Cientista De Dados,6000,6000,6000,0
Alphabot Investimentos,5,Cientista De Dados,8000,8000,8000,0
Secretaria de Estado de Saúde de Minas Gerais (SES-MG),3.4,Cientista De Dados,116000,124000,120000,0
Grupo GPS,3.4,Cientista De Dados,3000,3000,3000,59
Freelancer,4.2,Cientista De Dados,3000,3000,3000,34
Encora,3.9,Cientista De Dados,12000,13000,13000,169
Projeto BINGO,5,Cientista De Dados,4000,4000,4000,0
Coca-Cola Amatil,3.3,Cientista De Dados,10000,10000,10000,545
Compra Agora,3.7,Cientista De Dados,13000,14000,14000,0
NeoGrid,3.5,Cientista De Dados,1000,1000,1000,0
dunnhumby,4.3,Cientista De Dados,7000,7000,7000,72
MedRoom,4.9,Cientista De Dados,4000,5000,5000,0
4zoom,4.7,Cientista De Dados,15000,16000,15000,0
Banco do Brasil,4.3,Cientista De Dados,10000,10000,10000,0
Nuveo,4.2,Cientista De Dados,12000,12000,12000,0
Techvizz,5,Cientista De Dados,1000,2000,1000,0
Vale,4.2,Cientista De Dados,1000,2000,2000,174
Lojas C&A Modas,3.6,Cientista De Dados,10000,10000,10000,0
NTT DATA,3.8,Cientista De Dados,6000,6000,6000,4
Visiona Tecnologia Espacial,4.3,Cientista De Dados,10000,10000,10000,0
Plugar,3.6,Cientista De Dados,2000,2000,2000,0
CNJ,4,Cientista De Dados,949,1000,988,0
Fraport,4,Cientista De Dados,3000,3000,3000,149
Instituto de Pesquisas Econômica Aplicada (Ipea),4.5,Cientista De Dados,30000,32000,31000,0
Prodesp,3.8,Cientista De Dados,7000,8000,7000,0
Optimus Serviços do Brasil (OSBR),4.8,Cientista De Dados,10000,10000,10000,0
Conveste,2.7,Cientista De Dados,10000,10000,10000,0
Grupo Boticário,4.3,Cientista De Dados,5000,5000,5000,253
CFC,3.8,Cientista De Dados,2000,2000,2000,50
Mindsight (Brazil),3.9,Cientista De Dados,5000,5000,5000,0
Mindsight (Brazil),3.9,Cientista De Dados,5000,5000,5000,0
Software Practices Lab,4.6,Cientista De Dados,9000,9000,9000,0
COPEL,3.8,Cientista De Dados,11000,13000,12000,0
Thera Consulting,3.9,Cientista De Dados,17000,19000,18000,0
MGK Soluções Industriais,3,Cientista De Dados,12000,13000,12000,0
Algar Tech,3.8,Cientista De Dados,4000,4000,4000,25
Wellhub,4.2,Cientista De Dados,12000,12000,12000,38
Visagio,4.2,Cientista De Dados,2000,2000,2000,11
PowerOfData,4.7,Cientista De Dados,7000,8000,7000,0
Quality,3.6,Cientista De Dados,8000,8000,8000,1
Sherwin-Williams,3.7,Cientista De Dados,5000,5000,5000,3
EvcomX,5,Cientista De Dados,8000,8000,8000,0
Janssen-Cilag,3.9,Cientista De Dados,6000,6000,6000,0
Linx,3.8,Cientista De Dados,4000,4000,4000,19
Redeflex,3.4,Cientista De Dados,3000,3000,3000,75
Concert Technologies Brasil,4.1,Cientista De Dados,11000,12000,12000,0
GBR Comunicação,3.1,Cientista De Dados,8000,9000,9000,0
Amaris Consulting,3.5,Cientista De Dados,103,113,108,1
BizCapital,4.6,Cientista De Dados,6000,7000,6000,0
Fácil Espaider,4.3,Cientista De Dados,5000,6000,6000,0
Condor Connect,-0.10000000149011612,Cientista De Dados,15000,16000,15000,0
Brainiall,1,Cientista De Dados,19000,21000,20000,0
NPL Brasil,3.7,Cientista De Dados,10000,10000,10000,0
Kstack,4.8,Cientista De Dados,134000,143000,138000,0
Autarquia Municipal de Trânsito e Cidadania,4,Cientista De Dados,794,848,821,0
Fiverr Inc.,4.2,Cientista De Dados,1000,1000,1000,24
Wisebyte,3,Cientista De Dados,7000,8000,8000,0
Associação Paulista para o Desenvolvimento da Medicina (SPDM/PAIS),4.2,Cientista De Dados,5000,6000,5000,155
Qery,3.6,Cientista De Dados,4000,4000,4000,0
SEBRAE,4.3,Cientista De Dados,6000,7000,7000,0
Nagro Crédito Agro,4.1,Cientista De Dados,3000,3000,3000,3
Hurb,3,Cientista De Dados,10000,11000,10000,0
InFlux English School,3.9,Cientista De Dados,2000,3000,2000,3
ELO Consultoria,4.4,Cientista De Dados,77,83,80,0
Mau Nenhum Açaí e Doceria,4.3,Cientista De Dados,4000,4000,4000,0
UFMG - Universidade Federal de Minas Gerais,4.5,Cientista De Dados,3000,3000,3000,0
Alterdata Software,3.8,Cientista De Dados,4000,4000,4000,0
Bioma Investimentos,4.5,Cientista De Dados,3000,4000,4000,0
Tribunal de Justiça de Minas Gerais (TJMG),4.4,Cientista De Dados,9000,10000,10000,0
PUC Minas,3.7,Cientista De Dados,24000,26000,25000,0
Kaza Oito Decoracoes,-0.10000000149011612,Cientista De Dados,6000,6000,6000,0
Conexa Saúde,3,Cientista De Dados,9000,10000,10000,0
A de Agro,4.5,Cientista De Dados,6000,6000,6000,0
BBL,4.1,Cientista De Dados,5000,5000,5000,0
Maitha Tech,4.4,Cientista De Dados,12000,12000,12000,17
Vallourec & Sumitomo Tubos do Brasil,4,Cientista De Dados,34,36,35,0
Câmara dos Dirigentes Lojistas de Porto Alegre (CDL-POA),3.7,Cientista De Dados,5000,5000,5000,8
Whole Foods Market,3.6,Cientista De Dados,10000,10000,10000,3
BairesDev,4.1,Cientista De Dados,10000,10000,10000,1
Zeta 360º,-0.10000000149011612,Cientista De Dados,7000,7000,7000,0
Usiminas,3.9,Cientista De Dados,7000,7000,7000,9
Ericsson-Worldwide,4,Cientista De Dados,7000,8000,8000,1
Associação dos Aposentados e Pensionistas da Sabesp,5,Cientista De Dados,3000,3000,3000,0
SPRO it solutions,3.9,Cientista De Dados,20,22,21,0
V4 Company,4,Cientista De Dados,4000,4000,4000,899
Cappra Data Science,-0.10000000149011612,Cientista De Dados,7000,7000,7000,0
ACTECH -ALUMINA CHEMICAL TECHNOLOGY,3.5,Cientista De Dados,5000,5000,5000,0
Plansul,3.8,Cientista De Dados,10000,10000,10000,8
Just a Little Data,3.3,Cientista De Dados,16000,17000,16000,6
Alvoar Lácteos,4,Cientista De Dados,7000,7000,7000,75
Centro de Gestão e Estudos Estratégicos (CGEE),4.3,Cientista De Dados,3000,4000,4000,0
Odonto Excellence,3.6,Cientista De Dados,7000,7000,7000,5
AEVO,4.1,Cientista De Dados,58000,62000,60000,0
Expresso São Miguel,4.1,Cientista De Dados,5000,5000,5000,57
CATENO Gestão de Contas de Pagamento,3,Cientista De Dados,14000,15000,15000,0
COMPSIS,4.3,Cientista De Dados,1000,1000,1000,0
Praso,3.9,Cientista De Dados,13000,13000,13000,0
Votorantim,4,Cientista De Dados,6000,6000,6000,11
ICTS (Brazil),3.6,Cientista De Dados,1000,1000,1000,0
Murabei,5,Cientista De Dados,5000,5000,5000,0
Companhia de Saneamento Ambiental do Distrito Federal (CAESB),4.5,Cientista De Dados,3000,3000,3000,0
banQi,3.7,Cientista De Dados,15000,16000,15000,2
GE,4.1,Cientista De Dados,6000,7000,6000,27
Hypera Pharma,3.9,Cientista De Dados,11000,13000,12000,0
Grupo LPJ,3.8,Cientista De Dados,7000,7000,7000,0
Appen,3.7,Cientista De Dados,1000,2000,2000,0
Captalys,3.2,Cientista De Dados,14000,15000,14000,0
Supermercados Mercocentro,4,Cientista De Dados,4000,4000,4000,0
Dataprev,3.8,Cientista De Dados,12000,12000,12000,0
Kunumi,4.6,Cientista De Dados,7000,7000,7000,0
Mstech,3.4,Cientista De Dados,95000,104000,100000,0
Ministério da Saúde,4.3,Cientista De Dados,13000,14000,13000,0
Universidade Federal do Rio de Janeiro,4.2,Cientista De Dados,2000,2000,2000,0
Hospital Israelita Albert Einstein,4.4,Cientista De Dados,4000,4000,4000,153
MINEHR,4.9,Cientista De Dados,6000,7000,7000,0
Cake & Bake,4.5,Cientista De Dados,2000,2000,2000,0
Prevent Sênior,4.2,Cientista De Dados,116000,125000,120000,0
Care Plus,4,Cientista De Dados,8000,9000,9000,0
"Realize Crédito, Financiamento e Investimento",4,Cientista De Dados,6000,6000,6000,8
Mediar (CA),4.8,Cientista De Dados,5000,5000,5000,0
Hekima,4.3,Cientista De Dados,7000,7000,7000,0
Plusoft,3.7,Cientista De Dados,10000,10000,10000,8
Farmbits,5,Cientista De Dados,6000,6000,6000,0
Inpasa Agroindustrial,3.7,Cientista De Dados,3000,4000,3000,83
ACP Group (Brazil),4.6,Cientista De Dados,4000,5000,4000,0
The Garden of Che,5,Cientista De Dados,7000,7000,7000,0
Banco Nacional de Desenvolvimento Econômico e Social,4.7,Cientista De Dados,1000,2000,2000,0
Bankly,4.1,Cientista De Dados,9000,10000,9000,0
Livelo,3.8,Cientista De Dados,14000,16000,15000,20
Mirante Tecnologia,4.1,Cientista De Dados,7000,7000,7000,61
Infomatics Services,2.9,Cientista De Dados,5000,5000,5000,0
Ministério Público do Estado do Rio de Janeiro,4.6,Cientista De Dados,667,733,700,0
Cogna,4,Cientista De Dados,9000,10000,9000,670
MSD,4.1,Cientista De Dados,10000,11000,10000,467
Cytrion Software Solutions,2.4,Cientista De Dados,97000,104000,100000,1
Prodemge,4.3,Cientista De Dados,7000,7000,7000,0
Igreja Memorial Batista,-0.10000000149011612,Cientista De Dados,3000,4000,4000,0
KeyCash,2.7,Cientista De Dados,18000,19000,18000,0
Bancorbrás,4.3,Cientista De Dados,4000,4000,4000,0
Romaga Manutenção e Reparos de Motores Diesel,3.5,Cientista De Dados,1000,1000,1000,0
Universidade Federal de Campina Grande (UFCG),4.5,Cientista De Dados,4000,5000,5000,0
Fundação para o Desenvolvimento Científico e Tecnológico em Saúde,4.7,Cientista De Dados,11000,12000,12000,0
ioasys,4.1,Cientista De Dados,3000,3000,3000,0
GEP,3.9,Cientista De Dados,5000,5000,5000,108
Reino Alimentos,4.3,Cientista De Dados,2000,2000,2000,0
FIRJAN,3.9,Cientista De Dados,11000,12000,12000,0
Universidade Federal de Lavras (UFLA),4.7,Cientista De Dados,2000,2000,2000,0
Universidade Federal Rural de Pernambuco (UFRPE),4.2,Cientista De Dados,4000,4000,4000,0
Grupo Voalle,3.2,Cientista De Dados,4000,5000,5000,0
IFX,3.8,Cientista De Dados,14000,16000,15000,0
MEANTRIX,-0.10000000149011612,Cientista De Dados,5000,5000,5000,0
La Sapienza Università,3.7,Cientista De Dados,9000,10000,10000,10
Instituto de Gestão Estratégica de Saúde do Distrito Federal,3.6,Cientista De Dados,3000,3000,3000,0
Muchmore Digital,4.2,Cientista De Dados,11000,12000,12000,0
Prefeitura de São Paulo,4.1,Cientista De Dados,5000,6000,6000,0
Agropisco,1,Cientista De Dados,5000,5000,5000,0
Prefeitura de São Paulo,4.1,Cientista De Dados,5000,6000,6000,0
Artificial Intelligence Solutions,3,Cientista De Dados,5000,5000,5000,0
Alpargatas S.A.,3.8,Cientista De Dados,5000,5000,5000,0
Olho do Dono,4.3,Cientista De Dados,10000,10000,10000,0
Rappi,3.6,Cientista De Dados,58000,63000,60000,0
Volvo Group,4.2,Cientista De Dados,13000,15000,14000,686
Tria Software,3.9,Cientista De Dados,6000,6000,6000,1
AZ Tecnologia em Gestão,4.1,Cientista De Dados,9000,10000,10000,0
Amaris Consulting,3.5,Cientista De Dados,11000,13000,12000,1
Secretaria da Fazenda do Estado do Rio Grande do Sul (SEFAZ-RS),4.5,Cientista De Dados,19000,21000,20000,0
Philips,3.8,Cientista De Dados,18000,19000,19000,832
Intelie,4,Cientista De Dados,10000,10000,10000,0
Voyager,4,Cientista De Dados,8000,8000,8000,1
Adiante Recebíveis,3.6,Cientista De Dados,3000,4000,4000,0
Epimed Solutions,4.4,Cientista De Dados,4000,5000,5000,0
Instituto Brasileiro de Economia (Ibre),3.7,Cientista De Dados,7000,7000,7000,0
Cilia,4.2,Cientista De Dados,9000,9000,9000,0
Portal Telemedicina,3.9,Cientista De Dados,5000,5000,5000,0
Coco Bambu,3.3,Cientista De Dados,6000,7000,6000,36
Visual Mix,3.3,Cientista De Dados,5000,6000,6000,0
Five Acts,4.2,Cientista De Dados,173000,186000,180000,0
Fiocruz,4.4,Cientista De Dados,5000,5000,5000,0
Estudando,4.6,Cientista De Dados,6000,6000,6000,0
A55,3.4,Cientista De Dados,22000,24000,23000,0
SellersFunding,4.3,Cientista De Dados,13000,15000,14000,0
Multiplan Empreendimentos,4.2,Cientista De Dados,10000,11000,10000,0
Diebold Nixdorf,3.6,Cientista De Dados,8000,9000,8000,281
Murabei,5,Cientista De Dados,34,37,35,0
Ergoncredit,1.6,Cientista De Dados,6000,7000,6000,0
MartTech,3.5,Cientista De Dados,8000,8000,8000,0
Distrito,4.1,Cientista De Dados,14000,15000,14000,0
Electrolux,4.3,Cientista De Dados,4000,5000,5000,112
Zippi,4.6,Cientista De Dados,11000,11000,11000,0
THS Tecnologia,4,Cientista De Dados,5000,5000,5000,4
K2 Partnering Solutions,3.6,Cientista De Dados,57,62,60,8
Assertiva,3.8,Cientista De Dados,10000,10000,10000,0
Fundação de Amparo à Ciência e Tecnologia do Estado de Pernambuco,3.8,Cientista De Dados,2000,2000,2000,0
Rentcars.com,3.6,Cientista De Dados,117000,129000,123000,8
LTrace Geophysical Solutions,5,Cientista De Dados,8000,8000,8000,0
Semantix,2.8,Cientista De Dados,193000,209000,201000,38
Correios,4,Cientista De Dados,3000,3000,3000,0
PUC Minas,4.4,Cientista De Dados,4000,4000,4000,0
Atvos,4,Cientista De Dados,16000,17000,16000,0
PUCPR,4.1,Cientista De Dados,3000,3000,3000,0
Banco BBM,4.2,Cientista De Dados,223000,238000,230000,0
Mobiauto,3.8,Cientista De Dados,6000,7000,7000,0
FLOW Executive Finders,3.5,Cientista De Dados,57000,61000,59000,0
Grupo Recovery,-0.10000000149011612,Cientista De Dados,15000,17000,16000,0
B3,4.2,Cientista De Dados,10000,11000,10000,22
FGV Direito Rio,3.7,Cientista De Dados,1000,1000,1000,0
Logiks,3.1,Cientista De Dados,10000,10000,10000,0
Sistema Federação das Indústrias no Estado de Mato Grosso,4,Cientista De Dados,5000,6000,6000,0
Cencosud,3.7,Cientista De Dados,12000,13000,13000,562
IBGE,4.3,Cientista De Dados,4000,4000,4000,0
ABC,3.9,Cientista De Dados,10000,10000,10000,8
Mercado Pago,4,Cientista De Dados,13000,15000,14000,4
Telemont,3.6,Cientista De Dados,3000,3000,3000,178
Intertechne,4.4,Cientista De Dados,13000,15000,14000,44
Data Lawyer,4.8,Cientista De Dados,5000,6000,6000,3
Assurance IT,3.9,Cientista De Dados,3000,3000,3000,0
Lynx Process,4.1,Cientista De Dados,8000,9000,9000,7
Dotz,3.6,Cientista De Dados,7000,7000,7000,12
QueroQuitar,2.9,Cientista De Dados,86,93,89,0
John Deere,4.3,Cientista De Dados,2000,2000,2000,661
LinkedIn,4,Cientista De Dados,9000,9000,9000,4
Instituto Federal de Pernambuco (IFPE),3.8,Cientista De Dados,290,312,301,0
MR Pagamentos,2.6,Cientista De Dados,1000,1000,1000,0
União Química,3.5,Cientista De Dados,4000,5000,5000,0
Copersucar,3.9,Cientista De Dados,5000,6000,5000,6
General Motors (GM),3.6,Cientista De Dados,14000,15000,14000,551
CAPS III,4.3,Cientista De Dados,2000,2000,2000,0
Juntos Somos Mais,4.3,Cientista De Dados,6000,6000,6000,0
Governo Do Estado Rio Grande Do Sul,3.3,Cientista De Dados,13000,14000,13000,0
Artefact,4,Cientista De Dados,10000,11000,10000,0
dti digital,4.3,Cientista De Dados,4000,4000,4000,0
Indeorum,4.2,Cientista De Dados,3000,4000,4000,0
Dinâmica,3.7,Cientista De Dados,6000,6000,6000,5
NAVA Technology for Business,4.2,Cientista De Dados,12000,13000,13000,6
Intelipost,3.3,Cientista De Dados,1000,2000,1000,9
LexisNexis Risk Solutions,4.1,Cientista De Dados,19000,21000,20000,214
Grupo GCB,4.2,Cientista De Dados,5000,5000,5000,0
Kavak,3.4,Cientista De Dados,13000,14000,13000,78
Instituto Metrópole Digital (IMD),4.3,Cientista De Dados,3000,3000,3000,0
GF3,-0.10000000149011612,Cientista De Dados,2000,2000,2000,0
Grupo UNINTER,4.2,Cientista De Dados,961,1000,996,39
Escritório Contábil Mezzomo,4.3,Cientista De Dados,576,625,600,0
Bernhoeft,4.2,Cientista De Dados,4000,4000,4000,14
Motorola Mobility,4.2,Cientista De Dados,12000,14000,13000,3
Callink Servicos de Call Center,4,Cientista De Dados,11000,12000,12000,26
CroSoften Tecnologia,3.9,Cientista De Dados,953,1000,997,0
adidas,3.9,Cientista De Dados,4000,4000,4000,1
Baristo Café,4.5,Cientista De Dados,912,987,949,0
AMARO,3.6,Cientista De Dados,8000,8000,8000,0
Secretaria de Estado de Planejamento e Orçamento,4.4,Cientista De Dados,4000,5000,4000,0
Polícia Civil do Estado de Minas Gerais (PCMG),3.7,Cientista De Dados,4000,5000,4000,0
Efí,3.8,Cientista De Dados,6000,6000,6000,8
WEG,4.2,Cientista De Dados,5000,5000,5000,220
Órama,3.6,Cientista De Dados,7000,7000,7000,0
Darwin Seguros,3.7,Cientista De Dados,5000,5000,5000,9
FACULDADE DE TECNOLOGIA DE SÃO PAULO,3.8,Cientista De Dados,3000,4000,3000,0
Universidade Federal de Viçosa (UFV),4.7,Cientista De Dados,3000,3000,3000,0
Transparencia Brasil,5,Cientista De Dados,5000,6000,6000,0
Localiza&Co,4.2,Cientista De Dados,5000,6000,6000,863
Gerdau,4.1,Cientista De Dados,20000,22000,21000,160
Walt Disney Company,3.8,Cientista De Dados,3000,3000,3000,1
Serasa,3.9,Cientista De Dados,14000,15000,14000,31
Neural Technologies,3.3,Cientista De Dados,4000,4000,4000,2
IOB,4.2,Cientista De Dados,14000,16000,15000,0
CNH Industrial,3.7,Cientista De Dados,24000,26000,25000,338
Argus Media,3.9,Cientista De Dados,12000,12000,12000,32
Grupo Bimbo,3.9,Cientista De Dados,10000,10000,10000,528
Cibra Omimex Group,3.8,Cientista De Dados,9000,9000,9000,12
SpecLab,5,Cientista De Dados,3000,3000,3000,0
TELUS Digital,3.5,Cientista De Dados,3000,3000,3000,1
Hence Analytics,5,Cientista De Dados,19000,21000,20000,0
Accenture Solutions,3.8,Cientista De Dados,9000,9000,9000,0
Money Money Invest,3.9,Cientista De Dados,7000,7000,7000,0
Office of Juvenile Justice,2.7,Cientista De Dados,4000,4000,4000,0
Berkeley Student Cooperative,3.9,Cientista De Dados,60000,64000,62000,5
OutThink,4.1,Cientista De Dados,2000,3000,3000,1
Petz,3.4,Cientista De Dados,6000,6000,6000,517
Ministério da Justiça Brasília,4.2,Cientista De Dados,8000,9000,9000,0
Instituto Euvaldo Lodi,4.6,Cientista De Dados,2000,3000,2000,0
BITKA,4.6,Cientista De Dados,2000,3000,3000,0
F2 Data,4.5,Cientista De Dados,70000,75000,72000,0
Kumulus,3.9,Cientista De Dados,1000,1000,1000,7
Crown Voice,3,Cientista De Dados,2000,2000,2000,0
Instituto Nacional de Pesquisas Espaciais (INPE),4.2,Cientista De Dados,3000,3000,3000,0
Assesso Informática,4.5,Cientista De Dados,11000,11000,11000,0
Coopersystem,4.5,Cientista De Dados,49,53,51,0
Central Garden & Pet,3.4,Cientista De Dados,3000,3000,3000,164
Julius Baer,4.1,Cientista De Dados,18000,19000,18000,92
Specsavers,3.4,Cientista De Dados,5000,5000,5000,2
Grupo Fleury,3.8,Cientista De Dados,218000,239000,229000,205
Nestlé,4.3,Cientista De Dados,12000,13000,13000,909
Precato,3.8,Cientista De Dados,1000,1000,1000,0
Minds,4.3,Cientista De Dados,12000,13000,12000,1
Market Mining,5,Cientista De Dados,11000,12000,12000,0
Nova Era Equipamentos Industriais,4.5,Cientista De Dados,6000,6000,6000,36
Argos,3.7,Cientista De Dados,5000,6000,6000,8
BRF,3.8,Cientista De Dados,2000,2000,2000,417
Farmácias Pague Menos,3.6,Cientista De Dados,4000,4000,4000,702
Unisys,3.4,Cientista De Dados,14000,15000,14000,381
Ficticia,3.6,Cientista De Dados,19000,21000,20000,0
Pluxee,3.9,Cientista De Dados,4000,4000,4000,136
Gauge (Brazil),3.6,Cientista De Dados,1000,2000,2000,1
Orys,4.2,Cientista De Dados,6000,6000,6000,9
Bravo Mob,-0.10000000149011612,Cientista De Dados,6000,6000,6000,0
Footstats,3.3,Cientista De Dados,12000,13000,12000,0
4intelligence,3.7,Cientista De Dados,2000,2000,2000,0
Xcelis Consultoria,4.2,Cientista De Dados,4000,5000,4000,0
Universidade do Estado do Amazonas (UEA),4.3,Cientista De Dados,3000,3000,3000,0
Marinha do Brasil,4,Cientista De Dados,11000,13000,12000,0
Adiante Recebíveis,3.6,Cientista De Dados,9000,10000,10000,0
Secretaria de Estado da Segurança Pública e da Defesa Social (Brazil),4.5,Cientista De Dados,625,676,650,0
Universidade Estadual de Santa Cruz,4.1,Cientista De Dados,387,419,403,0
TecBan,4.1,Cientista De Dados,2000,3000,3000,62
Elektro Eletricidade e Serviços,4.1,Cientista De Dados,5000,5000,5000,5
São Martinho,4.1,Cientista De Dados,6000,7000,7000,0
Arcom Brasil,3.8,Cientista De Dados,3000,3000,3000,1
Lumini IT Solutions,2.8,Cientista De Dados,7000,7000,7000,2
Maida. Heath,3.9,Cientista De Dados,2000,2000,2000,9
Órama,3.6,Cientista De Dados,5000,5000,5000,0
SellersFunding,4.3,Cientista De Dados,10000,10000,10000,0
Ministério da Justiça,4.1,Cientista De Dados,8000,9000,8000,0
EVO Payments,3.3,Cientista De Dados,6000,6000,6000,8
Magazine Luiza,4.2,Cientista De Dados,2000,2000,2000,2
Ministério da Justiça,4.1,Cientista De Dados,8000,9000,8000,0
Porto,4.4,Cientista De Dados,7000,7000,7000,124
ConstruCompany,3.8,Cientista De Dados,3000,3000,3000,0
Kantar IBOPE Media,4,Cientista De Dados,8000,9000,9000,1
RHI Magnesita,4,Cientista De Dados,5000,5000,5000,80
Isket,3.9,Cientista De Dados,4000,5000,5000,0
Mondelēz International,4.2,Cientista De Dados,11000,11000,11000,1
Vagas Tecnologia,3.2,Cientista De Dados,13000,13000,13000,5
"Escola Superior de Agricultura ""Luiz de Queiroz""",4.7,Cientista De Dados,4000,4000,4000,0
Stefanini Group,4.2,Cientista De Dados,8000,9000,9000,0
Ministério da Gestão e da Inovação em Serviços Públicos,4.4,Cientista De Dados,9000,9000,9000,0
Eletrobras Eletrosul,4.1,Cientista De Dados,761,824,793,0
Cadmus,4.1,Cientista De Dados,8000,9000,8000,0
Stonia Ice Creamland,3.7,Cientista De Dados,964,1000,1000,0
Grupo Oncoclínicas,3.9,Cientista De Dados,12000,13000,13000,13
New Bacon,3.1,Cientista De Dados,3000,3000,3000,0
Minds,4.3,Cientista De Dados,8000,8000,8000,1
Aplicativo Ewally,3.5,Cientista De Dados,10000,11000,10000,0
Grupo OLX,4.1,Cientista De Dados,2000,2000,2000,12
Orantes.C,1,Cientista De Dados,3000,3000,3000,0
Stack Tecnologia,4.8,Cientista De Dados,8000,8000,8000,0
Ubots,3.8,Cientista De Dados,2000,2000,2000,0
Sem Parar,3.9,Cientista De Dados,11000,12000,11000,85
Horus Soluções,3.9,Cientista De Dados,2000,3000,2000,0
Beegol,4.7,Cientista De Dados,5000,5000,5000,0
Imobiliária Central,4.2,Cientista De Dados,4000,4000,4000,0
Indicium,4.5,Cientista De Dados,3000,3000,3000,10
Oi,3.8,Cientista De Dados,99000,105000,102000,6
Galvão Advogados Associados,3.6,Cientista De Dados,7000,8000,7000,0
McDonald's,3.6,Cientista De Dados,1000,1000,1000,67
Universidade Unigranrio,3.8,Cientista De Dados,5000,5000,5000,0
Proffer,4.5,Cientista De Dados,115000,124000,120000,0
Zerum,3.8,Cientista De Dados,5000,5000,5000,0
Adler Pelzer Group,3.2,Cientista De Dados,2000,2000,2000,58
DataRisk,4.2,Cientista De Dados,2000,3000,3000,1
Microsoft,4.1,Cientista De Dados,6000,6000,6000,3
Mobi2Buy,3.9,Cientista De Dados,3000,4000,4000,0
Itera,3.8,Cientista De Dados,10000,12000,11000,0
Mercado Livre,4.2,Cientista De Dados,8000,9000,8000,503
Hospital Albert Einstein,4.5,Cientista De Dados,2000,3000,3000,0
Jump Label,4.3,Cientista De Dados,62,68,65,0
Facily,3.9,Cientista De Dados,10000,12000,11000,0
RecargaPay,4.2,Cientista De Dados,9000,10000,9000,34
Smarkio,4,Cientista De Dados,3000,3000,3000,0
Plurix,5,Cientista De Dados,1000,1000,1000,0
AI Solutions,-0.10000000149011612,Cientista De Dados,5000,5000,5000,0
Ministério da Gestão e da Inovação em Serviços Públicos,4.4,Cientista De Dados,8000,9000,8000,0
Amazon,3.6,Cientista De Dados,4000,4000,4000,25
Diatec,3.4,Cientista De Dados,1000,1000,1000,1
Unigex,3.9,Cientista De Dados,10,10,10,0
Zoss Marketing e Tecnologia,3,Cientista De Dados,4000,4000,4000,0
Muchmore,4,Cientista De Dados,14000,16000,15000,0
"Instituto Federal de Educação, Ciência e Tecnologia do Ceará",4.7,Cientista De Dados,3000,3000,3000,16
Banco Fibra,3.3,Cientista De Dados,11000,13000,12000,0
Co-op,3.6,Cientista De Dados,5000,5000,5000,551
Rentcars.com,3.6,Cientista De Dados,13000,13000,13000,8
iPass,3,Cientista De Dados,13000,15000,14000,0
iPass,3,Cientista De Dados,13000,15000,14000,0
Arsal - Agência Reguladora de Serviços Públicos de Alagoas,4.3,Cientista De Dados,6000,6000,6000,0
Sistema FIEC,4.2,Cientista De Dados,6000,6000,6000,0
EME,3.7,Cientista De Dados,38000,41000,40000,2
Governo de Minas Gerais,3.6,Cientista De Dados,19000,21000,20000,0
INPUT,3.2,Cientista De Dados,4000,4000,4000,2
Stoodi,3.6,Cientista De Dados,9000,9000,9000,0
Universidade Federal do Rio Grande do Sul (UFRS),4.4,Cientista De Dados,1000,2000,1000,0
UFMG Consultoria Jr.,4.5,Cientista De Dados,1000,2000,1000,0
Pipefy,3.8,Cientista De Dados,15000,16000,15000,0
Delfos,5,Cientista De Dados,9000,9000,9000,0
BeGrowth,3.9,Cientista De Dados,8000,8000,8000,0
Generativa,-0.10000000149011612,Cientista De Dados,10000,10000,10000,0
Clarity Health,-0.10000000149011612,Cientista De Dados,7000,7000,7000,0
Indicium,4.5,Cientista De Dados,963,1000,999,10
University of Oxford,4.2,Cientista De Dados,8000,8000,8000,227
Pagar.me,3.7,Cientista De Dados,10000,11000,11000,0
Unisoma,3.7,Cientista De Dados,5000,5000,5000,1
Elo7,3.6,Cientista De Dados,8000,9000,9000,0
Manfing,4.7,Cientista De Dados,3000,3000,3000,1
Landis+Gyr,3.5,Cientista De Dados,1000,2000,1000,77
Tamboro Eduacional,3.6,Cientista De Dados,2000,2000,2000,0
Blue (Brazil),3.2,Cientista De Dados,4000,4000,4000,14
aca.so,3.7,Cientista De Dados,6000,7000,7000,0
YouData,3.6,Cientista De Dados,97,105,101,0
UmmaHookah,-0.10000000149011612,Cientista De Dados,7000,8000,7000,0
FUNDEC,3.6,Cientista De Dados,3000,3000,3000,0
DataRisk,4.2,Cientista De Dados,12000,14000,13000,1
BASF,4.1,Cientista De Dados,7000,8000,8000,524
UFSCAR - Universidade Federal de São Carlos,4.5,Cientista De Dados,7000,7000,7000,0
Banco de Brasília,4.3,Cientista De Dados,5000,5000,5000,0
CEIA,4.9,Cientista De Dados,4000,4000,4000,0
TARS Tecnologia,3.6,Cientista De Dados,4000,4000,4000,0
EDP,3.9,Cientista De Dados,7000,8000,7000,20
Autonomo,4.4,Cientista De Dados,5000,5000,5000,0
Wellness Management Innovation,4.1,Cientista De Dados,5000,5000,5000,2
Cointimes,3.5,Cientista De Dados,3000,3000,3000,0
CVC Corp,3.9,Cientista De Dados,7000,8000,8000,30
Grupo ReGra,3.9,Cientista De Dados,6000,6000,6000,0
TAG IMF,3.9,Cientista De Dados,12000,14000,13000,0
Stack Tecnologias,5,Cientista De Dados,8000,9000,9000,0
Abril Comunicações,4.2,Cientista De Dados,171000,189000,180000,0
Optimum Soluções Estratégicas,4.4,Cientista De Dados,5000,5000,5000,0
Turno,4,Cientista De Dados,14000,16000,15000,0
Tribunal de Justiça do Estado do Rio Grande do Sul (TJRS),4.3,Cientista De Dados,7000,7000,7000,0
Kimberly-Clark,4,Cientista De Dados,3000,3000,3000,696
SAP,4.2,Cientista De Dados,3000,3000,3000,2
3M,3.9,Cientista De Dados,12000,13000,13000,782
Corandini Assessoria,3.9,Cientista De Dados,1000,1000,1000,0
Kumatec,2.8,Cientista De Dados,19000,21000,20000,0
Dexco,3.9,Cientista De Dados,9000,9000,9000,5
4Solution Group,4,Cientista De Dados,10000,10000,10000,21
Padaria Pão Quente,4.1,Cientista De Dados,965,1000,1000,0
Trackmob,3.8,Cientista De Dados,6000,6000,6000,0
Guazzelli Advocacia Empresarial,5,Cientista De Dados,14000,16000,15000,0
TESTE,4,Cientista De Dados,7000,7000,7000,0
LSD,4.6,Cientista De Dados,1000,2000,1000,0
Manserv,3.8,Cientista De Dados,14000,16000,15000,520
CNPq,4.3,Cientista De Dados,381,412,397,0
TV Morena,4.3,Cientista De Dados,949,1000,988,0
Wise-Up!,3.3,Cientista De Dados,1000,2000,1000,0
Grupo RBS,3.9,Cientista De Dados,9000,10000,10000,33
Ferrini Administração de Bens e Condomínios,3,Cientista De Dados,383,413,398,0
BIX Tecnologia,4.2,Cientista De Dados,115000,124000,119000,0
Guidance Experts,4.9,Cientista De Dados,9000,9000,9000,0
Movidesk,4.1,Cientista De Dados,11000,11000,11000,0
Inetum,3.2,Cientista De Dados,6000,6000,6000,2
BIP,3.9,Cientista De Dados,5000,5000,5000,433
Lanlink Informática,3.7,Cientista De Dados,955,1000,1000,65
Universidade Federal do Espírito Santo (UFES),4.4,Cientista De Dados,1000,2000,1000,0
Akita Comercio De Pecas,3.2,Cientista De Dados,2000,2000,2000,0
Neon Pagamentos,3.7,Cientista De Dados,8000,9000,8000,8
Nenhuma (Brazil),3.6,Cientista De Dados,14000,16000,15000,0
Zema (Brazil),4.3,Cientista De Dados,3000,3000,3000,92
Armac (Brazil),3.4,Cientista De Dados,8000,8000,8000,113
Eleflow Big Data,4.7,Cientista De Dados,6000,7000,6000,2
Laboratório Nacional de Computação Científica (LNCC),4.7,Cientista De Dados,3000,3000,3000,0
Maxerience,4.2,Cientista De Dados,11000,11000,11000,0
Autonomo,4.4,Cientista De Dados,10000,10000,10000,0
Curso SuperModulos,5,Cientista De Dados,29,31,30,0
Maida. Heath,3.9,Cientista De Dados,8000,9000,8000,9
QQQ Group,3.7,Cientista De Dados,2000,2000,2000,0
COPPE/UFRJ,4.6,Cientista De Dados,5000,5000,5000,0
Instituto BVRio,4.3,Cientista De Dados,7000,8000,8000,0
Câmara dos Deputados,4.4,Cientista De Dados,15000,17000,16000,0
Observatório da Indústria,4.8,Cientista De Dados,5000,6000,5000,0
Solvis Brasil,3.7,Cientista De Dados,4000,4000,4000,0
Fundação Hospitalar do Estado de Minas Gerais (FHEMIG),4.2,Cientista De Dados,4000,5000,4000,0
Arbaza Alimentos,4.3,Cientista De Dados,7000,8000,7000,6
Natosafe,5,Cientista De Dados,148000,162000,155000,0
Vallourec,3.8,Cientista De Dados,10000,11000,10000,46
GrupoSC,3.3,Cientista De Dados,18000,20000,19000,154
TecBan,4.1,Cientista De Dados,2000,3000,2000,62
Brisa Robotica,5,Cientista De Dados,5000,6000,5000,0
Vindi,4,Cientista De Dados,6000,6000,6000,1
Marilan Alimentos,4.2,Cientista De Dados,12000,12000,12000,31
Learn To Fly,4.2,Cientista De Dados,7000,7000,7000,0
Fundação Getulio Vargas,3.9,Cientista De Dados,3000,4000,4000,0
Cognitivo.ai,4.3,Cientista De Dados,82,89,85,0
Sauter Tecnologia,4.1,Cientista De Dados,2000,3000,3000,0
Instituto Tecnológico Vale,4.4,Cientista De Dados,3000,3000,3000,0
Atlas Quantum,3.2,Cientista De Dados,14000,15000,14000,0
Valid,4.2,Cientista De Dados,3000,4000,3000,25
Colégio Leonardo Da Vinci,4,Cientista De Dados,5000,6000,6000,0
Dataside,4.4,Cientista De Dados,4000,4000,4000,0
H. Costa Advocacia e Contabilidade,4,Cientista De Dados,3000,4000,4000,0
ONR,3.8,Cientista De Dados,17000,19000,18000,0
Zallpy Digital,4.4,Cientista De Dados,10000,10000,10000,55
Teros,3.1,Cientista De Dados,8000,9000,8000,0
Colgate-Palmolive,4.2,Cientista De Dados,10000,11000,11000,511
Quero Educação,3.8,Cientista De Dados,5000,5000,5000,30
Cayena,3.8,Cientista De Dados,9000,9000,9000,14
POUPEX,4.1,Cientista De Dados,5000,5000,5000,0
Xtrategy4,5,Cientista De Dados,4000,4000,4000,0
Cignifi,4.5,Cientista De Dados,5000,5000,5000,0
Farmácia Ponto Popular,4.4,Cientista De Dados,4000,5000,4000,0
UniSuper,4.2,Cientista De Dados,5000,5000,5000,13
A3Data,3.9,Cientista De Dados,10000,10000,10000,9
SENAI-SP,4.1,Cientista De Dados,11000,12000,12000,14
Raccoon,3.8,Cientista De Dados,3000,3000,3000,0
Wine.com.br,3.5,Cientista De Dados,8000,8000,8000,12
Fiocruz,4.4,Cientista De Dados,1000,1000,1000,0
Grupo GCB,4.2,Cientista De Dados,6000,6000,6000,0
BTG Pactual,3.8,Cientista De Dados,6000,7000,6000,15
epharma,4.2,Cientista De Dados,8000,8000,8000,0
Agrotis,3.3,Cientista De Dados,2000,3000,3000,18
Reckitt,3.8,Cientista De Dados,4000,4000,4000,606
AmorSaúde,3.7,Cientista De Dados,6000,7000,7000,17
McKinsey & Company,4.1,Cientista De Dados,12000,13000,13000,595
TIVIT,3.9,Cientista De Dados,10000,10000,10000,0
americanas s.a.,3.6,Cientista De Dados,1000,2000,1000,270
Embratel,4.3,Cientista De Dados,9000,10000,10000,1
Agro Baggio,4.7,Cientista De Dados,6000,6000,6000,0
Status Marketing,2.8,Cientista De Dados,2000,2000,2000,0
Platform Builders,4,Cientista De Dados,13000,15000,14000,4
Departamento de Ciência da Computação UFMG,4.5,Cientista De Dados,5000,5000,5000,0
Vale,4.2,Cientista De Dados,9000,10000,9000,174
ENGIE,4.2,Cientista De Dados,5000,5000,5000,2
Transppass,3.5,Cientista De Dados,8,8,8,0
Universidade Federal do Rio de Janeiro,4.2,Cientista De Dados,3000,3000,3000,0
Fiat Automóveis,4,Cientista De Dados,24000,26000,25000,0
Cognitivo.ai,4.3,Cientista De Dados,2000,2000,2000,0
Decathlon,4,Cientista De Dados,15000,16000,15000,2
GlobalWeb,3.9,Cientista De Dados,10000,10000,10000,0
Universidade de São Paulo (USP),4.4,Cientista De Dados,26000,28000,27000,0
Gráfica Gonçalves,3.9,Cientista De Dados,2000,2000,2000,0
1STi Soluções em Tecnologia,3.9,Cientista De Dados,3000,4000,4000,2
Câmara dos Deputados,4.4,Cientista De Dados,53000,57000,55000,0
IBGE,4.3,Cientista De Dados,3000,3000,3000,0
Aquarela Advanced Analytics,4.3,Cientista De Dados,5000,5000,5000,1
NeuroTech,4.5,Cientista De Dados,6000,6000,6000,9
Kroton Educacional,4.1,Cientista De Dados,6000,6000,6000,2
BizCapital,4.6,Cientista De Dados,7000,7000,7000,0
Proeti Cosmeticos e Bronze,-0.10000000149011612,Cientista De Dados,2000,2000,2000,0
Grupo Planning,4.1,Cientista De Dados,4000,5000,4000,31
B3,4.2,Cientista De Dados,10000,11000,11000,22
Seedz,2.7,Cientista De Dados,5000,5000,5000,0
QUAASAR,5,Cientista De Dados,9000,9000,9000,0
Dentsu,3.6,Cientista De Dados,5000,6000,6000,834
Salt RH,5,Cientista De Dados,17000,19000,18000,0
Data Machina,4.3,Cientista De Dados,5000,6000,5000,0
SmartQuant Investimentos,-0.10000000149011612,Cientista De Dados,5000,5000,5000,0
YDUQS,4.2,Cientista De Dados,9000,10000,9000,96
GAO Tecnologia,3.8,Cientista De Dados,8000,9000,8000,0
Hidrovias do Brasil,3.9,Cientista De Dados,12000,14000,13000,6
TDS (Brazil),4,Cientista De Dados,4000,4000,4000,0
Finch Soluções,3.9,Cientista De Dados,11000,11000,11000,0
Relevo (Brazil),4.6,Cientista De Dados,12000,14000,13000,8
Movida Seminovos,3.5,Cientista De Dados,9000,9000,9000,0
Tribunal de Contas do Estado de Pernambuco (TCE-PE),4.7,Cientista De Dados,5000,6000,6000,0
Pacto Mais Tecnologia,3.6,Cientista De Dados,7000,8000,8000,0
Raia Drogasil,3.4,Cientista De Dados,13000,14000,13000,2
Leroy Merlin,4,Cientista De Dados,12000,14000,13000,1
Minu,3.8,Cientista De Dados,5000,5000,5000,0
Slalom,3.7,Cientista De Dados,95000,103000,99000,20
FCamara,4,Cientista De Dados,12000,13000,13000,143
Secretaria de Finanças do Estado de Rondônia,4.2,Cientista De Dados,5000,5000,5000,0
Instituto de Educação Superior de Brasília,3.6,Cientista De Dados,579,621,600,0
Kyros Tecnologia,4.2,Cientista De Dados,7000,7000,7000,0
Transporte Translovato,3.5,Cientista De Dados,1000,1000,1000,2
Equifax,3.7,Cientista De Dados,7000,7000,7000,336
Redasset,3.5,Cientista De Dados,8000,9000,9000,0
Inter,3.4,Cientista De Dados,2000,2000,2000,0
Prefeitura da Cidade do Rio de Janeiro,3.9,Cientista De Dados,12000,12000,12000,0
Okiar,3,Cientista De Dados,6000,6000,6000,0
Anima Educação,3.8,Cientista De Dados,2000,2000,2000,5
Cognizant Technology Solutions,3.6,Cientista De Dados,3000,3000,3000,1
Rezende Transportes,-0.10000000149011612,Cientista De Dados,6000,6000,6000,0
Santander Tecnologia e Inovação,4.2,Cientista De Dados,3000,3000,3000,0
Ciberian,4.4,Cientista De Dados,77000,84000,81000,0
Drogaria Venancio,3.4,Cientista De Dados,4000,4000,4000,28
DBC,4.4,Cientista De Dados,10000,10000,10000,1
Techboard Informática,3.2,Cientista De Dados,13000,14000,13000,0
shopper.com.br,3,Cientista De Dados,4000,4000,4000,16
Montpelier Consultoria,4.2,Cientista De Dados,2000,2000,2000,0
Xu Law Offices,-0.10000000149011612,Cientista De Dados,6000,6000,6000,0
V4 Company,4,Cientista De Dados,1000,2000,1000,899
Meta Servicos de Instalacao e Manutencoes,4.7,Cientista De Dados,10000,10000,10000,0
Fifteen Hundred Consultoria,4.4,Cientista De Dados,7000,7000,7000,0
AIDS Healthcare Foundation,3,Cientista De Dados,5000,5000,5000,146
Centro de Gestão e Estudos Estratégicos (CGEE),4.3,Cientista De Dados,4000,4000,4000,0
Vitta,3.6,Cientista De Dados,10000,10000,10000,0
Zenklub,3.7,Cientista De Dados,14000,15000,15000,0
Superior Tribunal de Justiça (STJ),4.7,Cientista De Dados,7000,8000,8000,0
Saúde e Vida,4.9,Cientista De Dados,4000,5000,5000,0
Universidade Federal de Uberlândia (UFU),4.4,Cientista De Dados,2000,2000,2000,2
Beblue,3.3,Cientista De Dados,7000,8000,8000,0
Alldax Contabilidade e Consultoria,3.3,Cientista De Dados,4000,4000,4000,0
XP Inc.,4.1,Cientista De Dados,7000,7000,7000,32
Nuvem Tecnologia,4.3,Cientista De Dados,7000,7000,7000,0
Sonda,3.7,Cientista De Dados,10000,12000,11000,22
Atlântico,4.5,Cientista De Dados,1000,2000,1000,0
FCamara,4,Cientista De Dados,20000,22000,21000,143
Energisa,4.2,Cientista De Dados,9000,9000,9000,93
Secretaria Municipal de Educação,4.2,Cientista De Dados,3000,3000,3000,0
Fundação Butantan,4,Cientista De Dados,6000,6000,6000,0
Kinoplex,4.1,Cientista De Dados,2000,2000,2000,0
Iniciativa FIS,2,Cientista De Dados,7000,7000,7000,0
Workana,4.2,Cientista De Dados,29,31,30,28
Transportes Fatima,4.3,Cientista De Dados,2000,2000,2000,0
Orizon (Brazil),4,Cientista De Dados,8000,9000,9000,5
ICTS (Brazil),3.6,Cientista De Dados,14000,16000,15000,0
R2 Produções,3.4,Cientista De Dados,4000,5000,5000,0
Dataprev,3.8,Cientista De Dados,1000,1000,1000,0
Particular,4.3,Cientista De Dados,19000,21000,20000,0
BairesDev,4.1,Cientista De Dados,10000,10000,10000,1
Pontificia Universidade Católica do Rio Grande do Sul (PUC-RS),3.9,Cientista De Dados,1000,1000,1000,0
GreenAnt,4.4,Cientista De Dados,5000,5000,5000,0
Jacto Agrícola,4,Cientista De Dados,5000,6000,6000,13
Whirlpool Of INDIA,4,Cientista De Dados,6000,6000,6000,0
Quod (Brazil),3.6,Cientista De Dados,2000,2000,2000,15
Aché Laboratórios Farmacêuticos,4.1,Cientista De Dados,6000,6000,6000,39
Mercado Eletrônico,4.4,Cientista De Dados,12000,13000,12000,0
PowerOfData,4.7,Cientista De Dados,9000,9000,9000,0
Belo Investment Research,4.4,Cientista De Dados,30000,32000,31000,0
Bluebell,3.5,Cientista De Dados,7000,8000,8000,58
Enacom,3.1,Cientista De Dados,4000,5000,5000,0
Dadosfera,3.4,Cientista De Dados,3000,4000,3000,7
Google,4.6,Cientista De Dados,969,1000,1000,4
Agenciou,4.9,Cientista De Dados,871,934,903,0
Itaú Unibanco (Itaú BBA e Rede),4.4,Cientista De Dados,10000,10000,10000,255
NanoString,3.6,Cientista De Dados,6000,6000,6000,0
servidor publico,4.2,Cientista De Dados,10000,10000,10000,0
Itix Soluções em Tecnologia,4.6,Cientista De Dados,2000,2000,2000,0
Arcotech,3.9,Cientista De Dados,8000,8000,8000,0
CPFL Energia,4,Cientista De Dados,9000,9000,9000,88
Biofy Technologies,2.9,Cientista De Dados,3000,3000,3000,0
COMPSIS,4.3,Cientista De Dados,21000,23000,22000,0
Hepta Tecnologia E Informatica,3.6,Cientista De Dados,1000,1000,1000,5
Escritório de Advocacia,4.4,Cientista De Dados,14000,16000,15000,0
Raia Drogasil,3.4,Cientista De Dados,9000,9000,9000,2
Itaú Unibanco (Itaú BBA e Rede),4.4,Cientista De Dados,19000,21000,20000,255
GreenAnt,4.4,Cientista De Dados,7000,7000,7000,0
Belge Consultoria,3.3,Cientista De Dados,13000,15000,14000,0
Brasil Paralelo,4.2,Cientista De Dados,15000,15000,15000,29
Algar Tech,3.8,Cientista De Dados,5000,5000,5000,25
GetNinjas,2.6,Cientista De Dados,13000,13000,13000,0
Gutex Malhas E Tecidos,4,Cientista De Dados,2000,2000,2000,0
Tech Inovação Tecnológica para a Agropecuária,4.5,Cientista De Dados,9000,9000,9000,0
B2w Digital,3.8,Cientista De Dados,10000,10000,10000,0
Macuco Safari,3.9,Cientista De Dados,5000,5000,5000,0
Companhia Própria,4.6,Cientista De Dados,8000,8000,8000,0
VR,3.8,Cientista De Dados,10000,10000,10000,0
COMPSIS,4.3,Cientista De Dados,4000,4000,4000,0
InventCloud,3.3,Cientista De Dados,5000,5000,5000,6
Atria,3.3,Cientista De Dados,16000,17000,16000,0
Dadosfera,3.4,Cientista De Dados,6000,7000,7000,7
Qive,3.8,Cientista De Dados,10000,10000,10000,0
Grupo Alertrack,2.6,Cientista De Dados,5000,5000,5000,0
Stefanini,4,Cientista De Dados,6000,6000,6000,272
T-Systems,3.7,Cientista De Dados,9000,9000,9000,43
Suzano,4.4,Cientista De Dados,7000,7000,7000,51
PMZ,4.2,Cientista De Dados,13000,14000,14000,0
Fiabilité,4.4,Cientista De Dados,2000,2000,2000,0
Segware,4.4,Cientista De Dados,7000,8000,7000,1
Unimed,4.1,Cientista De Dados,10000,11000,11000,409
Oktagon Games,4.6,Cientista De Dados,4000,4000,4000,0
MINEHR,4.9,Cientista De Dados,10000,10000,10000,0
Newell Brands,3.4,Cientista De Dados,4000,4000,4000,687
Serviço de Monitoramento de Equipamentos (SEMEQ),3.6,Cientista De Dados,4000,5000,4000,9
"""Centro Paula Souza (ETEC, FATEC, SDECTI)""",3.8,Cientista De Dados,2000,3000,3000,0
Grupo Petrópolis,4,Cientista De Dados,7000,8000,8000,887
Kalunga,3.7,Cientista De Dados,8000,8000,8000,10
Novato,5,Cientista De Dados,5000,5000,5000,0
Mottu,3.9,Cientista De Dados,7000,7000,7000,35
QMC Telecom International,3.5,Cientista De Dados,7000,7000,7000,0
Rede InterTV,3.6,Cientista De Dados,69000,75000,72000,0
Easy Taxi,3.5,Cientista De Dados,7000,8000,8000,102
KAMI (BR),3.7,Cientista De Dados,14000,16000,15000,0
Grupo Autoglass,4.3,Cientista De Dados,7000,8000,8000,109
Involves,3.9,Cientista De Dados,9000,10000,9000,2
Softplan,4.2,Cientista De Dados,8000,8000,8000,36
Uncover (Brazil),3.8,Cientista De Dados,12000,12000,12000,0
Ambev Tech,4.2,Cientista De Dados,6000,7000,7000,36
Atlas.IA,5,Cientista De Dados,6000,6000,6000,0
Preddata,5,Cientista De Dados,3000,3000,3000,0
Icatu Seguros,4.2,Cientista De Dados,1000,1000,1000,0
ADITI Gestão e TI,4.6,Cientista De Dados,5000,5000,5000,0
Pottencial Seguradora,4.1,Cientista De Dados,154000,166000,160000,9
VIRTUS (Brazil),4.5,Cientista De Dados,8000,9000,9000,0
Claro,3.9,Cientista De Dados,10000,10000,10000,0
LM Consulting,3.9,Cientista De Dados,8000,8000,8000,10
Shark Power Games,3.6,Cientista De Dados,1000,1000,1000,0
Coelho da Fonseca,3.2,Cientista De Dados,8000,8000,8000,0
Uber,3.8,Cientista De Dados,9000,9000,9000,5
Techer,3.9,Cientista De Dados,6000,6000,6000,0
Futurum Capital,2.7,Cientista De Dados,12000,13000,13000,0
Liber Capital,3.3,Cientista De Dados,8000,9000,8000,5
Saber Reabilitação,4.2,Cientista De Dados,4000,5000,5000,0
Concessionária Rota do Atlântico,4,Cientista De Dados,2000,2000,2000,0
Secretaria da Educação do Estado de São Paulo (SEDUC/SP),3.4,Cientista De Dados,5000,5000,5000,1
polsecAi,3.3,Cientista De Dados,6000,6000,6000,0
Avantare,3.7,Cientista De Dados,1000,1000,1000,0
Loopt,4.1,Cientista De Dados,8000,8000,8000,37
Court of the State of Mato Grosso,3.8,Cientista De Dados,7000,7000,7000,0
Positivo TecnologIA,3.6,Cientista De Dados,9000,9000,9000,109
Porto,4.4,Cientista De Dados,1000,2000,2000,124
Centro Universitário do Norte (Uninorte),3.7,Cientista De Dados,8000,8000,8000,3
Centauro Loja de Esporte,3.8,Cientista De Dados,10000,11000,11000,294
Management Solutions,3.8,Cientista De Dados,3000,3000,3000,123
Data Rudder,4.3,Cientista De Dados,11000,13000,12000,0
Grupo A,4,Cientista De Dados,16000,17000,16000,6
Fundação Cearense de Pesquisa e Cultura,4.1,Cientista De Dados,3000,3000,3000,0
Universidade de Brasília (UBN),4.3,Cientista De Dados,381,415,398,0
Data Lawyer,4.8,Cientista De Dados,6000,7000,7000,3
Colégio Aliado,3.8,Cientista De Dados,19,21,20,0
Vitória Diesel,4.1,Cientista De Dados,7000,7000,7000,3
ClearSale,4.2,Cientista De Dados,8000,9000,9000,2
Grupo 3778,3.5,Cientista De Dados,9000,10000,10000,1
Sicoob Central Cecremg,3.8,Cientista De Dados,5000,5000,5000,0
Metacon,5,Cientista De Dados,4000,4000,4000,0
Grupo Digi,3.8,Cientista De Dados,7000,8000,7000,0
Lojas Renner,3.8,Cientista De Dados,10000,10000,10000,139
NewSun Energy Brazil,3.5,Cientista De Dados,5000,5000,5000,0
Engesoftware Tecnologia,4.2,Cientista De Dados,12000,13000,12000,7
Data Marketplace,3.7,Cientista De Dados,17000,19000,18000,0
Exemplaria Solutions,4.5,Cientista De Dados,11000,13000,12000,0
Autonomo,4.4,Cientista De Dados,2000,2000,2000,0
IMAGEM Geosistemas,3.5,Cientista De Dados,98000,106000,102000,8
Fundação Getulio Vargas,3.9,Cientista De Dados,4000,4000,4000,0
Universidade Estadual de Mato Grosso do Sul (UEMS),4.4,Cientista De Dados,7000,7000,7000,0
Quero Educação,3.8,Cientista De Dados,5000,5000,5000,30
Accelera Technologies,4.5,Cientista De Dados,15000,16000,16000,0
In Forma Software,4.2,Cientista De Dados,3000,4000,4000,0
Grupo de Soluções em Alimentação,3.8,Cientista De Dados,1000,1000,1000,52
FortBrasil,4.3,Cientista De Dados,6000,6000,6000,0
ASDF Web Hosting,4.5,Cientista De Dados,8000,8000,8000,0
Oncase,4.2,Cientista De Dados,8000,9000,9000,0
Mendelics,4.2,Cientista De Dados,5000,6000,5000,2
Veste,3.4,Cientista De Dados,11000,12000,11000,35
Grupo Pardini,3.6,Cientista De Dados,2000,2000,2000,0
NAVA Technology for Business,4.2,Cientista De Dados,7000,8000,8000,6
Celesc,4.1,Cientista De Dados,4000,4000,4000,0
Grupo Marista,4.2,Cientista De Dados,7000,8000,7000,123
Governo do Estado de Minas Gerais,3.7,Cientista De Dados,14000,15000,14000,0
BlueOne Software,-0.10000000149011612,Cientista De Dados,2000,2000,2000,0
WMcCann,3.6,Cientista De Dados,5000,5000,5000,0
Liv Up,4.4,Cientista De Dados,8000,8000,8000,20
Vitrio,4.1,Cientista De Dados,4000,5000,4000,0
Servinformación,4.1,Cientista De Dados,2000,2000,2000,0
Avila Capital Markets,3,Cientista De Dados,5000,5000,5000,0
Wikolli,5,Cientista De Dados,2000,2000,2000,0
Compass,3.9,Cientista De Dados,4000,4000,4000,64
Capital Investimentos,4.1,Cientista De Dados,952,1000,993,0
Petrobras Energía,4.5,Cientista De Dados,2000,2000,2000,0
Bwtech,3.7,Cientista De Dados,5000,6000,6000,4
Bayer,4.2,Cientista De Dados,2000,2000,2000,643
ioasys,4.1,Cientista De Dados,6000,6000,6000,0
Syngenta,4,Cientista De Dados,10000,10000,10000,360
PJBank,3.6,Cientista De Dados,3000,3000,3000,0
3CON (Brazil),4.3,Cientista De Dados,6000,7000,7000,4
MadeinWeb,4,Cientista De Dados,15000,15000,15000,0
Ministério da Infraestrutura,4.4,Cientista De Dados,4000,4000,4000,0
Etus Media,4,Cientista De Dados,7000,7000,7000,3
Método Telecomunicações,4.1,Cientista De Dados,10000,10000,10000,0
SEDUC Secretaria da Educação do Ceará (SEDUC/CE),4,Cientista De Dados,8000,8000,8000,0
TP,4.3,Cientista De Dados,1000,1000,1000,3
Equatorial Energia,4,Cientista De Dados,3000,3000,3000,34
Refinaria de Dados,-0.10000000149011612,Cientista De Dados,14000,16000,15000,0
OSF Digital,3.5,Cientista De Dados,3000,3000,3000,10
Tech Mahindra,3.5,Cientista De Dados,2000,2000,2000,443
LBC Advocacia & Consultoria Jurídica,3.8,Cientista De Dados,10000,10000,10000,0
MUFG,3.5,Cientista De Dados,34000,38000,36000,1
GLOBO,4.2,Cientista De Dados,9000,10000,10000,47
Universidade Federal Fluminense (UFF),4.5,Cientista De Dados,1000,2000,1000,0
DOT digital group,3.7,Cientista De Dados,6000,7000,6000,41
Lambda3,3.8,Cientista De Dados,13000,14000,14000,0
Dell Lead,4.3,Cientista De Dados,7000,8000,7000,0
Sheik Estamparia,3.4,Cientista De Dados,2000,2000,2000,0
Real Auto Ônibus,4.1,Cientista De Dados,10000,11000,10000,1
DISH,2.8,Cientista De Dados,6000,7000,6000,14
CI&T,4.1,Cientista De Dados,10000,10000,10000,287
SIQ Systems,4,Cientista De Dados,52,56,54,0
Universidade Federal de Pernambuco (UFPE),4.3,Cientista De Dados,1000,1000,1000,0
Radix Engenharia e Software,4.3,Cientista De Dados,3000,4000,4000,0
Construart,4.4,Cientista De Dados,555,601,578,0
Advance Auto Parts,3.1,Cientista De Dados,41000,44000,42000,17
EBANX,3.8,Cientista De Dados,14000,16000,15000,0
Objective (Brazil),3.9,Cientista De Dados,11000,12000,12000,46
CAPES,4,Cientista De Dados,2000,2000,2000,0
Cielo,3.8,Cientista De Dados,11000,12000,11000,67
Agroterenas,3.8,Cientista De Dados,674,728,701,0
Justa Soluções Financeiras,3.1,Cientista De Dados,5000,6000,6000,0
Anatel,4.3,Cientista De Dados,22000,24000,23000,0
Facilit Tecnologia,3.6,Cientista De Dados,2000,3000,3000,0
Havan,4.2,Cientista De Dados,10000,10000,10000,5
Acqio,3.8,Cientista De Dados,8000,8000,8000,0
Sigalei,3.9,Cientista De Dados,3000,4000,4000,0
Alelo,4.3,Cientista De Dados,6000,6000,6000,0
Tupi Consultoria,-0.10000000149011612,Cientista De Dados,14000,15000,15000,0
CLT International,3.4,Cientista De Dados,7000,7000,7000,1
Hospital Israelita Albert Einstein,4.4,Cientista De Dados,18000,20000,19000,0
Fundace,4.3,Cientista De Dados,3000,3000,3000,0
Intelia,4,Cientista De Dados,5000,5000,5000,0
Arbo Imóveis,3.6,Cientista De Dados,3000,3000,3000,0
Banco Modal,3.9,Cientista De Dados,16000,17000,16000,0
Clubbi,4,Cientista De Dados,14000,15000,15000,0
Abstrato.co,3.6,Cientista De Dados,12000,12000,12000,0
Invillia,3.8,Cientista De Dados,19000,21000,20000,99
Grupo 3778,3.5,Cientista De Dados,8000,8000,8000,1
Atlas Governance,3.6,Cientista De Dados,8000,8000,8000,3
SRM Asset Management,3.3,Cientista De Dados,13000,15000,14000,0
Universidade Federal do ABC (UFABC),4.4,Cientista De Dados,2000,2000,2000,0
Aperam,3.9,Cientista De Dados,6000,6000,6000,4
ITWV Soluções Inteligentes,2.7,Cientista De Dados,11000,12000,11000,0
Laboratório Nacional de Computação Científica (LNCC),4.7,Cientista De Dados,4000,4000,4000,0
Axes Tecnologia,3.6,Cientista De Dados,43,47,45,0
CNPq,4.3,Cientista De Dados,384,416,400,0
Ricardo Menezes Advocacia e Consultoria,-0.10000000149011612,Cientista De Dados,4000,4000,4000,0
Movida Aluguel de Carros,3.3,Cientista De Dados,24000,26000,25000,572
Multidoor,1.6,Cientista De Dados,1000,2000,1000,0
Senai Paraná,3.6,Cientista De Dados,2000,3000,3000,0
MRO Logistics,3,Cientista De Dados,3000,3000,3000,19
Tecgraf,4.1,Cientista De Dados,8000,8000,8000,7
Tribunal de Contas da União (TCU),4.8,Cientista De Dados,1000,2000,2000,0
Senior Sistemas,4.1,Cientista De Dados,12000,13000,12000,180
Ministério da Economia,4.1,Cientista De Dados,8000,9000,8000,0
Santander,3.8,Cientista De Dados,6000,7000,7000,1
Governo do Estado do Rio de Janeiro,4,Cientista De Dados,7000,7000,7000,0
Federação das Indústrias do Estado do Paraná (FIEP),3.3,Cientista De Dados,5000,5000,5000,0
Predify,4,Cientista De Dados,5000,6000,6000,0
Ferres e Associados,3,Cientista De Dados,4000,5000,5000,0
Não+Pelo,3.6,Cientista De Dados,5000,5000,5000,0
Allianz,3.9,Cientista De Dados,14000,14000,14000,435
Carpa Analytics,5,Cientista De Dados,12000,13000,13000,0
Elgscreen,4.3,Cientista De Dados,116,125,120,0
37.78 Tecnologia,3.6,Cientista De Dados,6000,7000,6000,0
Globant,3.8,Cientista De Dados,13000,15000,14000,240
BRF,3.8,Cientista De Dados,1000,1000,1000,417
ATM IT,4,Cientista De Dados,4000,4000,4000,0
Impulso Gov,4.3,Cientista De Dados,2000,2000,2000,0
Target Software,4.5,Cientista De Dados,11000,12000,11000,3
DOT digital group,3.7,Cientista De Dados,8000,8000,8000,41
ASAAS,4.4,Cientista De Dados,12000,12000,12000,0
JQuant,4,Cientista De Dados,10000,10000,10000,0
4all Tecnologia,3.4,Cientista De Dados,4000,5000,4000,0
Buser,3.7,Cientista De Dados,8000,9000,9000,0
RedeTV!,2.9,Cientista De Dados,3000,4000,3000,19
Legal Labs,3.7,Cientista De Dados,4000,4000,4000,0
Foxconn,3.1,Cientista De Dados,7000,7000,7000,0
Acerto,4,Cientista De Dados,7000,8000,8000,0
SiDi,4.3,Cientista De Dados,6000,6000,6000,14
Centro de Informática e Automação do Estado de Santa Catarina,4.1,Cientista De Dados,1000,1000,1000,0
Somos Educação,4.1,Cientista De Dados,14000,15000,14000,0
Poder Judiciario Estado Do Rio De Janeiro,3.9,Cientista De Dados,18000,20000,19000,0
Randstad,4.1,Cientista De Dados,8000,8000,8000,7
Vyaire Medical,3.1,Cientista De Dados,3000,4000,4000,2
Testing Company,4.5,Cientista De Dados,2000,2000,2000,0
Visteon Amazonas,4.1,Cientista De Dados,2000,2000,2000,0
Wittel,3.3,Cientista De Dados,12000,13000,13000,0
BlueShift Brasil,4.1,Cientista De Dados,67,72,70,0
Fábrica de Negócios,3.8,Cientista De Dados,4000,4000,4000,0
Avansys Tecnologia,4.3,Cientista De Dados,6000,6000,6000,0
Contabs Assessoria Empresarial,3.1,Cientista De Dados,5000,5000,5000,0
Cinnecta,4.6,Cientista De Dados,3000,3000,3000,0
Genial Investimentos,3.9,Cientista De Dados,8000,8000,8000,18
Crefaz,3.6,Cientista De Dados,2000,2000,2000,47
Estética Artes Gráficas,5,Cientista De Dados,5000,5000,5000,0
Grupo ABL,3.8,Cientista De Dados,4000,5000,5000,4
CERC,3.2,Cientista De Dados,7000,8000,7000,21
Narcotics Anonymous World Services,4.3,Cientista De Dados,5000,5000,5000,6
KPMG,3.7,Cientista De Dados,3000,3000,3000,15
DataRisk,4.2,Cientista De Dados,11000,12000,12000,1
SENAI,4.2,Cientista De Dados,7000,7000,7000,12
Provu,3.4,Cientista De Dados,5000,6000,6000,0
The Great Annual Savings Group,4.4,Cientista De Dados,2000,2000,2000,0
Auto Avaliar,4.3,Cientista De Dados,10000,10000,10000,5
Editora Abril S/A,3.6,Cientista De Dados,8000,8000,8000,1
Voyager Business Technology,4.7,Cientista De Dados,196000,213000,204000,0
Criart Serviços,3.7,Cientista De Dados,2000,2000,2000,0
Ekan,2.7,Cientista De Dados,25000,27000,26000,0
Nutrien,3.5,Cientista De Dados,13000,14000,13000,716
Força Aérea Brasileira,4.1,Cientista De Dados,8000,9000,8000,0
UFSCAR - Universidade Federal de São Carlos,4.5,Cientista De Dados,9000,10000,10000,0
Polícia Militar do Estado de São Paulo (PMESP),3.6,Cientista De Dados,19000,21000,20000,0
COSTDRIVERS,4.6,Cientista De Dados,5000,5000,5000,0
Universidade do Estado do Rio de Janeiro (UERJ),4.3,Cientista De Dados,1000,2000,1000,0
Centro Universitario Alves Faria,4.3,Cientista De Dados,23,25,24,0
idwall,4,Cientista De Dados,11000,13000,12000,13
Beegol,4.7,Cientista De Dados,5000,5000,5000,0
Netflix,4.2,Cientista De Dados,19000,21000,20000,533
Bnex,3.7,Cientista De Dados,8000,8000,8000,0
Core Synesis,4,Cientista De Dados,21000,23000,22000,0
Uber,3.8,Cientista De Dados,3000,3000,3000,5
Universidade Federal do Rio Grande do Sul (UFRS),4.4,Cientista De Dados,665,729,697,0
Microsoft,4.1,Cientista De Dados,10000,10000,10000,3
Wiz Co,3.8,Cientista De Dados,6000,7000,6000,0
Itaú Unibanco (Itaú BBA e Rede),4.4,Cientista De Dados Pleno,10000,15000,13000,255
Itaú Unibanco (Itaú BBA e Rede),4.4,Cientista De Dados Sênior,13000,20000,17000,255
Itaú Unibanco (Itaú BBA e Rede),4.4,Cientista De Dados Júnior,6000,9000,7000,255
Itaú Unibanco (Itaú BBA e Rede),4.4,Data Scientist,9000,14000,11000,255
Nubank,4.4,Data Scientist,11000,17000,14000,13
IBM,3.9,Data Scientist,6000,14000,9000,65
Nubank,4.4,Senior Data Scientist,17000,22000,20000,13
iFood,4.2,Data Scientist,10000,17000,12000,65
Banco Bradesco,4.1,Cientista De Dados Júnior,6000,8000,6000,278
Banco Bradesco,4.1,Data Scientist,7000,12000,9000,278
Mercado Livre,4.2,Data Scientist,11000,17000,14000,503
Accenture,3.7,Data Science Consultant,9000,11000,10000,49
Itaú Unibanco (Itaú BBA e Rede),4.4,Senior Data Scientist,15000,20000,19000,255
Globo,4.2,Cientista De Dados Sênior,11000,13000,12000,2
Wildlife Studios,4,Data Scientist,17000,22000,20000,1
Loft,3.6,Data Scientist,8000,15000,13000,50
ADVISIA Analytics,4.6,Data Scientist,11000,14000,12000,0
Globo,4.2,Cientista De Dados Pleno,7000,9000,8000,2
Accenture,3.7,Data Science Analyst,5000,7000,6000,49
IBM,3.9,Cientista De Dados Júnior,4000,6000,4000,65
PicPay,3.8,Cientista De Dados Pleno,9000,11000,10000,43
Santander,3.8,Cientista De Dados Sênior,10000,14000,11000,1
Stefanini,4,Cientista De Dados Pleno,6000,9000,7000,272
McKinsey & Company,4.1,Data Scientist,12000,17000,15000,595
Ambev Tech,4.2,Data Scientist,9000,14000,10000,36
Accenture,3.7,Data Scientist,5000,7000,6000,49
iFood,4.2,Senior Data Scientist,14000,19000,17000,65
americanas s.a.,3.6,Cientista De Dados Júnior,5000,6000,5000,270
Magazine Luiza,4.2,Cientista De Dados Júnior,8000,9000,9000,2
Banco Bradesco,4.1,Cientista De Dados Pleno,9000,14000,12000,278
Itaú Unibanco (Itaú BBA e Rede),4.4,Cientista De Dados II,12000,15000,13000,255
Nubank,4.4,Data Science Manager,24000,54000,28000,13
QuintoAndar,3.9,Data Scientist,9000,15000,12000,56
Nubank,4.4,Lead Data Scientist,23000,33000,26000,13
Mercado Livre,4.2,Cientista De Dados Pleno,12000,16000,14000,503
PicPay,3.8,Cientista De Dados Sênior,12000,16000,14000,43
PicPay,3.8,Data Scientist,8000,10000,9000,43
Creditas,4.1,Data Scientist,8000,12000,9000,20
Centro de Estudos e Sistemas Avançados do Recife - C.E.S.A.R,4.2,Data Scientist,7000,9000,8000,11
PicPay,3.8,Senior Data Scientist,12000,15000,13000,43
IBM,3.9,Cientista De Dados Pleno,6000,8000,6000,65
Ambev Tech,4.2,Cientista De Dados Sênior,10000,15000,13000,36
Itaú Unibanco (Itaú BBA e Rede),4.4,Cientista de Dados I,6000,10000,7000,255
Kunumi,4.6,Data Scientist,6000,12000,7000,0
CI&T,4.1,Data Scientist,7000,10000,9000,287
Globo,4.2,Cientista De Dados Júnior,5000,6000,5000,2
Boston Consulting Group,4.2,Data Scientist,10000,16000,13000,1
Globo,4.2,Senior Data Scientist,10000,14000,12000,2
iFood,4.2,Data Science Manager,30000,44000,42000,65
Big Data Brasil,4.2,Cientista De Dados Júnior,4000,6000,6000,0
banco BV,4.4,Cientista De Dados Pleno,8000,12000,10000,42
EY,3.7,Cientista De Dados Sênior,8000,11000,9000,12
Raízen,3.9,Cientista De Dados Sênior,10000,14000,12000,487
CI&T,4.1,Senior Data Scientist,11000,14000,13000,287
McKinsey & Company,4.1,Senior Data Scientist,15000,33000,17000,595
Ambev Tech,4.2,Senior Data Scientist,13000,19000,15000,36
Accenture,3.7,Senior Data Scientist,7000,11000,9000,49
Atlântico,4.5,Cientista De Dados Júnior,3000,4000,4000,0
Nubank,4.4,Cientista De Dados Pleno,12000,16000,13000,13
Radix Engenharia e Software,4.3,Cientista De Dados Pleno,7000,9000,8000,0
Banco Bradesco,4.1,Cientista De Dados Sênior,11000,17000,13000,278
IBM,3.9,Cientista De Dados Sênior,9000,19000,12000,65
"CloudWalk, Inc.",4.4,Data Scientist,8000,10000,8000,0
Santander,3.8,Data Scientist,9000,16000,10000,1
americanas s.a.,3.6,Data Scientist,6000,9000,8000,270
Neoway,4.4,Data Scientist,8000,13000,11000,10
Banco Bradesco,4.1,Data Scientist I,8000,8000,8000,278
Mercado Livre,4.2,Senior Data Scientist,19000,22000,20000,503
Wildlife Studios,4,Senior Data Scientist,22000,26000,25000,1
Porto,4.4,Cientista De Dados Júnior,6000,10000,7000,124
Stefanini,4,Cientista De Dados Júnior,3000,5000,5000,272
Semantix,2.8,Cientista De Dados Júnior,3000,5000,4000,38
EloGroup,4.2,Cientista De Dados Júnior,7000,8000,8000,3
Santander,3.8,Cientista De Dados Pleno,8000,12000,8000,1
Compass Uol,3.8,Cientista De Dados Pleno,6000,8000,7000,57
Semantix,2.8,Cientista De Dados Sênior,8000,12000,10000,38
Uber,3.8,Data Scientist,17000,35000,26000,5
Dell Technologies,3.8,Data Scientist,11000,20000,14000,327
Neon Pagamentos,3.7,Data Scientist,7000,14000,9000,8
FALCONI,3.6,Data Scientist,7000,10000,9000,5
ClearSale,4.2,Data Scientist,7000,16000,10000,2
Stone,4.1,Data Scientist,9000,15000,12000,68
Loft,3.6,Senior Data Scientist,15000,17000,16000,50
Itaú Unibanco (Itaú BBA e Rede),4.4,Lead Data Scientist,20000,194000,26000,255
Accenture,3.7,Data Science Manager,15000,19000,17000,49
Petrobras,4.5,Cientista De Dados Júnior,14000,18000,16000,434
ClearSale,4.2,Cientista De Dados Pleno,8000,11000,9000,2
Marketdata,3.9,Cientista De Dados Pleno,6000,8000,7000,7
Magazine Luiza,4.2,Cientista De Dados Pleno,11000,14000,12000,2
Stone,4.1,Cientista De Dados Pleno,7000,11000,10000,68
Stefanini,4,Cientista De Dados Sênior,9000,13000,12000,272
Porto,4.4,Cientista De Dados Sênior,10000,13000,11000,124
Stefanini,4,Data Scientist,4000,10000,6000,272
C6 Bank,4.2,Data Scientist,6000,14000,9000,11
Bayer,4.2,Data Scientist,13000,17000,14000,643
Thoughtworks,4.2,Senior Data Scientist,13000,17000,14000,10
NeuroTech,4.5,Cientista De Dados Júnior,4000,5000,4000,9
Semantix,2.8,Cientista De Dados Pleno,5000,7000,7000,38
Grupo Boticário,4.3,Cientista De Dados Pleno,8000,12000,10000,253
Itaú Unibanco (Itaú BBA e Rede),4.4,Cientista De Dados Pleno,5000,12000,9000,255
Centro de Estudos e Sistemas Avançados do Recife - C.E.S.A.R,4.2,Cientista De Dados Pleno,8000,10000,10000,11
Grupo Globo,4.1,Cientista De Dados Pleno,6000,8000,8000,1
Suzano,4.4,Cientista De Dados Sênior,11000,18000,13000,51
americanas s.a.,3.6,Cientista De Dados Sênior,1000,12000,10000,270
GLOBAL HITSS,3.9,Cientista De Dados Sênior,13000,15000,14000,138
Cielo,4,Cientista De Dados Sênior,9000,12000,11000,176
Bradesco Seguros,4.1,Cientista De Dados Sênior,12000,15000,13000,0
Atlântico,4.5,Data Scientist,5000,8000,6000,0
Monks,3.4,Data Scientist,3000,4000,3000,9
Experian,4.3,Data Scientist,6000,11000,9000,748
BITKA,4.6,Data Scientist,6000,10000,9000,0
Trustly,3.9,Data Scientist,14000,20000,17000,27
BEES,3.5,Data Scientist,9000,14000,11000,0
Bradesco,4.1,Data Scientist,7000,10000,9000,0
4intelligence,3.7,Data Scientist,6000,11000,10000,0
ADP,3.8,Senior Data Scientist,11000,14000,11000,2
Banco Bradesco,4.1,Data Scientist II,10000,15000,12000,278
Samsung Electronics,3.7,Cientista De Dados Júnior,6000,7000,6000,626
Ipiranga,4,Cientista De Dados Júnior,5000,7000,5000,35
Centro de Estudos e Sistemas Avançados do Recife - C.E.S.A.R,4.2,Cientista De Dados Júnior,6000,7000,6000,11
idwall,4,Cientista De Dados Pleno,9000,11000,9000,13
Banco Itaú,4.3,Cientista De Dados Pleno,13000,16000,15000,0
Atlântico,4.5,Cientista De Dados Pleno,6000,8000,6000,0
BITKA,4.6,Cientista De Dados Pleno,9000,10000,9000,0
Luizalabs,4.4,Cientista De Dados Pleno,10000,12000,11000,0
Accenture,3.7,Cientista De Dados Sênior,6000,9000,7000,49
Mercado Livre,4.2,Cientista De Dados Sênior,17000,22000,21000,503
Compass Uol,3.8,Cientista De Dados Sênior,9000,12000,10000,57
Grupo Boticário,4.3,Data Scientist,9000,12000,11000,253
Dasa,3.5,Data Scientist,8000,13000,13000,323
EY,3.7,Data Scientist,4000,7000,5000,12
Luizalabs,4.4,Data Scientist,10000,14000,11000,0
Globo,4.2,Data Scientist,7000,12000,9000,2
Boston Consulting Group,4.2,Senior Data Scientist,37000,87000,38000,1
IBM,3.9,Senior Data Scientist,8000,20000,11000,65
Itaú Unibanco (Itaú BBA e Rede),4.4,Cientista De Dados Júnior,6000,10000,7000,255
Unimed,4.1,Cientista De Dados Júnior,5000,6000,5000,409
Kumulus,3.9,Cientista De Dados Júnior,3000,4000,4000,7
EloGroup,4.2,Cientista De Dados Pleno,8000,10000,10000,3
SiDi,4.3,Cientista De Dados Pleno,8000,10000,9000,14
Ipiranga,4,Cientista De Dados Pleno,3000,9000,8000,35
Open Co,3.8,Cientista De Dados Pleno,8000,10000,9000,3
CI&T,4.1,Cientista De Dados Pleno,7000,9000,9000,287
Big Data Brasil,4.2,Cientista De Dados Pleno,10000,13000,10000,0
A3Data,3.9,Cientista De Dados Pleno,5000,6000,6000,9
Raia Drogasil,3.4,Cientista De Dados Pleno,7000,10000,9000,2
Frete.com,3.1,Cientista De Dados Pleno,8000,10000,9000,0
Icatu Seguros,4.2,Cientista De Dados Pleno,9000,11000,10000,0
Paraná Banco,3.9,Cientista De Dados Pleno,9000,11000,10000,12
Grupo Boticário,4.3,Cientista De Dados Sênior,10000,16000,11000,253
Open Co,3.8,Cientista De Dados Sênior,9000,15000,13000,3
PagBank,3.9,Cientista De Dados Sênior,9000,12000,10000,133
ClearSale,4.2,Cientista De Dados Sênior,11000,14000,12000,2
Radix Engenharia e Software,4.3,Cientista De Dados Sênior,7000,11000,10000,0
banco BV,4.4,Cientista De Dados Sênior,4000,17000,10000,42
Centro de Estudos e Sistemas Avançados do Recife - C.E.S.A.R,4.2,Cientista De Dados Sênior,12000,16000,13000,11
Itaú Unibanco (Itaú BBA e Rede),4.4,Data Scientist,7000,12000,9000,255
Microsoft,4.1,Data Scientist,17000,25000,21000,3
will bank,4.1,Data Scientist,1000,12000,11000,16
ArcelorMittal,4.3,Data Scientist,12000,15000,14000,687
Shape,3.8,Data Scientist,9000,13000,11000,0
EBANX,3.8,Data Scientist,5000,10000,8000,0
Ambev,4.3,Data Scientist,7000,13000,10000,217
Semantix,2.8,Data Scientist,5000,8000,5000,38
Dataside,4.4,Data Scientist,3000,10000,5000,0
Samsung Electronics,3.7,Data Scientist,7000,14000,9000,626
XP Inc.,4.1,Data Scientist,9000,18000,11000,32
BTG Pactual,3.8,Data Scientist,7000,14000,8000,15
Hospital Israelita Albert Einstein,4.4,Data Scientist,10000,15000,10000,153
Nubank,4.4,Data Scientist,8000,14000,10000,13
Mercado Livre,4.2,Data Science Engineer,13000,14000,13000,503
BITKA,4.6,Cientista De Dados Júnior,5000,6000,6000,0
Freelancer,4.2,Cientista De Dados Júnior,2000,6000,3000,34
PicPay,3.8,Cientista De Dados Júnior,6000,8000,7000,43
Vert Solucoes em TI,3.7,Cientista De Dados Júnior,4000,5000,5000,1
Accenture,3.7,Cientista De Dados Pleno,5000,8000,6000,49
Porto,4.4,Cientista De Dados Pleno,7000,11000,10000,124
americanas s.a.,3.6,Cientista De Dados Pleno,7000,8000,8000,270
Petlove,3.9,Cientista De Dados Pleno,7000,8000,7000,220
NeuroTech,4.5,Cientista De Dados Pleno,5000,9000,7000,9
will bank,4.1,Cientista De Dados Sênior,8000,15000,13000,16
Banco Itaú,4.3,Cientista De Dados Sênior,10000,22000,21000,0
Grupo Globo,4.1,Cientista De Dados Sênior,8000,13000,9000,1
Blip,3.4,Cientista De Dados Sênior,10000,15000,13000,15
A3Data,3.9,Cientista De Dados Sênior,8000,14000,10000,9
Stone,4.1,Cientista De Dados Sênior,11000,16000,14000,68
Nubank,4.4,Cientista De Dados Sênior,2000,19000,7000,13
Wildlife Studios,4,Staff Data Scientist,31000,55000,37000,1
John Deere,4.3,Data Scientist,6000,15000,12000,661
Suzano,4.4,Data Scientist,10000,16000,11000,51
GetNinjas,2.6,Data Scientist,8000,13000,9000,0
Thoughtworks,4.2,Data Scientist,10000,18000,13000,10
Inter,3.4,Data Scientist,7000,11000,10000,0
Big Data Brasil,4.2,Data Scientist,6000,11000,10000,0
TransUnion,4.4,Data Scientist,7000,13000,9000,187
Zé Delivery,3.7,Data Scientist,12000,13000,13000,0
Instituto de Pesquisas ELDORADO,4.4,Data Scientist,5000,13000,9000,5
A3Data,3.9,Data Scientist,4000,6000,5000,9
Grupo Globo,4.1,Data Scientist,9000,10000,9000,1
Grupo OLX,4.1,Data Scientist,13000,16000,15000,12
Bain & Company,4.3,Data Scientist,19000,28000,24000,215
Olist,4,Data Scientist,11000,19000,14000,0
Magazine Luiza,4.2,Data Scientist,9000,10000,9000,2
Semantix,2.8,Senior Data Scientist,10000,15000,13000,38
Raízen,3.9,Senior Data Scientist,9000,11000,10000,487
QuintoAndar,3.9,Senior Data Scientist,16000,17000,17000,56
Dell Technologies,3.8,Senior Data Scientist,13000,43000,19000,327
Big Data Brasil,4.2,Junior Data Scientist,7000,9000,8000,0
ADP,3.8,Lead Data Scientist,20000,22000,22000,2
Itaú Unibanco (Itaú BBA e Rede),4.4,Data Scientist II,10000,15000,13000,255
Marketdata,3.9,Cientista De Dados Júnior,5000,5000,5000,7
Mercado Livre,4.2,Cientista De Dados Júnior,4000,11000,9000,503
Engineering,3.5,Cientista De Dados Júnior,4000,5000,4000,0
CI&T,4.1,Cientista De Dados Júnior,3000,5000,4000,287
Cinnecta,4.6,Cientista De Dados Júnior,3000,4000,4000,0
Grupo Boticário,4.3,Cientista De Dados Júnior,4000,8000,4000,253
ioasys,4.1,Cientista De Dados Júnior,3000,5000,4000,0
MJV Tecnologia e Inovação,3.9,Cientista De Dados Júnior,2000,5000,4000,49
DataRisk,4.2,Cientista De Dados Júnior,5000,6000,6000,1
Inter,3.4,Cientista De Dados Pleno,5000,10000,9000,0
Vert Solucoes em TI,3.7,Cientista De Dados Pleno,6000,7000,7000,1
Banco Next,3.9,Cientista De Dados Pleno,9000,11000,9000,0
Maida. Heath,3.9,Cientista De Dados Pleno,6000,7000,6000,9
Neon Pagamentos,3.7,Cientista De Dados Pleno,7000,8000,8000,8
Intelie,4,Cientista De Dados Pleno,6000,8000,7000,0
Genial Investimentos,3.9,Cientista De Dados Pleno,9000,12000,10000,18
iFood,4.2,Cientista De Dados Pleno,6000,10000,7000,65
Dasa,3.5,Cientista De Dados Sênior,12000,15000,13000,323
Banco do Brasil,4.3,Cientista De Dados Sênior,14000,31000,20000,0
Anheuser-Busch InBev,3.7,Cientista De Dados Sênior,13000,18000,14000,179
Ipiranga,4,Cientista De Dados Sênior,8000,12000,11000,35
Natura,4.2,Cientista De Dados Sênior,10000,12000,11000,48
BRF,3.8,Cientista De Dados Sênior,8000,12000,10000,417
Softplan,4.2,Cientista De Dados Sênior,9000,15000,12000,36
Serasa,3.9,Cientista De Dados Sênior,5000,15000,10000,31
GLOBO,4.2,Cientista De Dados Sênior,9000,16000,15000,47
Kumulus,3.9,Cientista De Dados Sênior,8000,10000,10000,7
Grupo Casas Bahia,3.8,Cientista De Dados Sênior,10000,12000,11000,307
PicPay,3.8,Staff Data Scientist,18000,23000,21000,43
Banco Bradesco,4.1,Data Scientist III,13000,21000,19000,278
Accenture,3.7,Data Scientist Analyst,5000,7000,5000,49
Globo,4.2,Cientista de Dados I,5000,5000,5000,2
Mobiauto,3.8,Data Scientist,6000,7000,6000,0
Radix Engenharia e Software,4.3,Data Scientist,8000,10000,8000,0
Climatempo Meteorologia,3.4,Data Scientist,5000,11000,7000,0
Guiabolso,4.1,Data Scientist,3000,3000,3000,0
Petrobras,4.5,Data Scientist,11000,20000,14000,434
Google,4.6,Data Scientist,14000,48000,48000,4
Nuvemshop,4.3,Data Scientist,11000,18000,12000,0
ioasys,4.1,Data Scientist,8000,10000,8000,0
Softplan,4.2,Data Scientist,5000,11000,7000,36
Serasa,3.9,Data Scientist,6000,19000,8000,31
dunnhumby,4.3,Data Scientist,4000,7000,5000,72
TELUS Digital,3.5,Data Scientist,6000,12000,10000,1
TEVEC,4.1,Data Scientist,3000,6000,5000,0
BRLink,4,Data Scientist,6000,7000,6000,0
Jusbrasil,3.6,Data Scientist,6000,24000,13000,0
Catho Online,4.2,Data Scientist,12000,16000,14000,0
Localiza&Co,4.2,Data Scientist,3000,20000,6000,863
Agibank,4,Data Scientist,4000,7000,6000,248
Guiabolso,4.1,Data Scientist,6000,11000,7000,0
Shift Technology,4.1,Data Scientist,185000,336000,200000,12
Nestlé,4.3,Data Scientist,6000,15000,8000,909
DataRisk,4.2,Data Scientist,9000,13000,11000,1
Blu365,3.7,Data Scientist,6000,13000,9000,0
unico,3.8,Data Scientist,17000,58000,21000,9
Banco Bradesco,4.1,Data Scientist I,6000,10000,9000,278
Grupo Globo,4.1,Senior Data Scientist,9000,11000,10000,1
Santander,3.8,Senior Data Scientist,10000,15000,11000,1
Zé Delivery,3.7,Senior Data Scientist,11000,19000,16000,0
Big Data Brasil,4.2,Senior Data Scientist,10000,20000,17000,0
Grupo Boticário,4.3,Senior Data Scientist,15000,18000,16000,253
XP Inc.,4.1,Senior Data Scientist,18000,21000,20000,32
dunnhumby,4.3,Senior Data Scientist,9000,15000,10000,72
Neon Pagamentos,3.7,Senior Data Scientist,13000,15000,14000,8
Tractian,4,Senior Data Scientist,14000,17000,15000,0
Hotmart,4.1,Senior Data Scientist,12000,15000,13000,10
Stefanini,4,Senior Data Scientist,6000,11000,9000,272
TELUS Digital,3.5,Senior Data Scientist,12000,17000,15000,1
Bain & Company,4.3,Senior Data Scientist,18000,22000,19000,215
Globo,4.2,Lead Data Scientist,15000,16000,15000,2
Thoughtworks,4.2,Lead Data Scientist,17000,23000,22000,10
ADP,3.8,Associate Data Scientist,4000,6000,6000,2
Banco Bradesco,4.1,Data Science Manager,22000,25000,25000,278
Wildlife Studios,4,Data Science Manager,28000,35000,33000,1
A3Data,3.9,Cientista De Dados Júnior,4000,5000,4000,9
Ambev Tech,4.2,Cientista De Dados Júnior,6000,7000,6000,36
IHM stefanini,4.2,Cientista De Dados Júnior,5000,6000,6000,0
PagBank,3.9,Cientista De Dados Júnior,5000,28000,5000,133
ClearSale,4.2,Cientista De Dados Júnior,5000,6000,5000,2
Neogrid Tecnologia e Informação,3.8,Cientista De Dados Júnior,3000,5000,3000,0
APPMAX,3.9,Cientista De Dados Júnior,4000,6000,4000,25
Accenture,3.7,Cientista De Dados Júnior,3000,6000,4000,49
IBM,3.9,Cientista De Dados Júnior,4000,6000,5000,65
Kunumi,4.6,Cientista De Dados Júnior,5000,7000,6000,0
Banco Itaú,4.3,Cientista De Dados Júnior,8000,12000,11000,0
Grupo Ser Educacional,3.2,Cientista De Dados Júnior,4000,5000,5000,1
Autonomo,4.4,Cientista De Dados Júnior,2000,5000,3000,0
MadeiraMadeira,3.7,Cientista De Dados Júnior,4000,4000,4000,103
Oncase,4.2,Cientista De Dados Pleno,6000,8000,7000,0
Stefanini,4,Cientista De Dados Pleno,7000,9000,8000,272
Deloitte,3.8,Cientista De Dados Pleno,6000,8000,7000,23
Dasa,3.5,Cientista De Dados Pleno,9000,14000,10000,323
Neoway,4.4,Cientista De Dados Pleno,6000,13000,11000,10
EY,3.7,Cientista De Dados Pleno,4000,6000,5000,12
Energisa,4.2,Cientista De Dados Pleno,4000,11000,10000,93
BlueShift Brasil,4.1,Cientista De Dados Pleno,7000,11000,10000,0
Sicredi,4.4,Cientista De Dados Pleno,8000,12000,9000,599
Hotmart,4.1,Cientista De Dados Pleno,7000,11000,8000,10
Mutant,3.6,Cientista De Dados Pleno,7000,9000,8000,26
GLOBAL HITSS,3.9,Cientista De Dados Pleno,12000,14000,12000,138
Cellere,4.2,Cientista De Dados Pleno,2000,7000,6000,0
Stefanini,4,Cientista De Dados Sênior,9000,10000,9000,272
Luizalabs,4.4,Cientista De Dados Sênior,6000,16000,15000,0
Capgemini,3.8,Cientista De Dados Sênior,7000,15000,10000,4
T10,4.4,Cientista De Dados Sênior,7000,7000,7000,0
Neon Pagamentos,3.7,Cientista De Dados Sênior,5000,15000,13000,8
Banco Safra,3.6,Cientista De Dados Sênior,10000,13000,13000,0
Sicredi,4.4,Cientista De Dados Sênior,17000,21000,18000,599
Banco PAN,3.8,Cientista De Dados Sênior,12000,15000,13000,11
Magazine Luiza,4.2,Cientista De Dados Sênior,3000,15000,8000,2
Banco Bradesco,4.1,Cientista de Dados I,6000,9000,8000,278
Elo7,3.6,Data Scientist,11000,22000,12000,0
Amaris Consulting,3.5,Data Scientist,14000,16000,15000,1
Banco Itaú,4.3,Data Scientist,13000,25000,17000,0
Universidade Federal do Rio Grande do Norte (UFRN),4.4,Data Scientist,2000,4000,4000,0
Vallourec & Sumitomo Tubos do Brasil,4,Data Scientist,9000,10000,9000,0
IBM,3.9,Data Scientist,4000,10000,9000,65
Fanatee,4.1,Data Scientist,8000,13000,13000,0
HARTB,2.9,Data Scientist,2000,10000,6000,0
HP Inc.,4,Data Scientist,5000,7000,7000,162
GVDASA Sistemas,3.5,Data Scientist,4000,5000,4000,5
Blip,3.4,Data Scientist,6000,13000,10000,15
Winnin,3.8,Data Scientist,11000,22000,14000,0
Omnilogic (Brazil),3.2,Data Scientist,6000,10000,6000,0
Ipiranga,4,Data Scientist,5000,7000,5000,35
Big Data Brasil,4.2,Data Scientist,2000,2000,2000,0
idwall,4,Data Scientist,8000,11000,11000,13
Méliuz,4.6,Data Scientist,8000,13000,8000,0
ADVISIA Analytics,4.6,Data Scientist,8000,12000,10000,0
Soko (Brazil),4,Data Scientist,3000,5000,5000,0
Syngenta,4,Data Scientist,10000,13000,12000,360
NTT DATA,3.8,Data Scientist,6000,8000,6000,4
Liv Up,4.4,Data Scientist,7000,11000,9000,20
Big Data Brasil,4.2,Data Scientist,6000,9000,7000,0
Fundação Getulio Vargas,3.9,Data Scientist,1000,6000,6000,0
Petlove,3.9,Data Scientist,5000,18000,7000,220
AMARO,3.6,Data Scientist,5000,10000,8000,0
Pin People,4.6,Data Scientist,3000,5000,4000,2
Uncover (Brazil),3.8,Data Scientist,9000,12000,9000,0
Buser,3.7,Data Scientist,7000,19000,15000,0
TOTVS,4.2,Data Scientist,5000,9000,8000,259
Zup Innovation,4.2,Data Scientist,13000,33000,17000,35
Sicredi,4.4,Data Scientist,4000,8000,5000,599
Keyrus,4,Data Scientist,2000,9000,6000,176
Claro,4.2,Data Scientist,9000,10000,9000,151
QuintoAndar,3.9,Data Scientist,13000,29000,13000,56
everis,3.7,Data Scientist,4000,10000,8000,1
Mundiale,3.8,Data Scientist,3000,4000,4000,3
Amaris Consulting,3.5,Data Scientist,13000,13000,13000,1
ExxonMobil,3.6,Senior Data Scientist,10000,10000,10000,1
Experian,4.3,Senior Data Scientist,12000,23000,23000,748
Localiza&Co,4.2,Senior Data Scientist,11000,13000,13000,863
Centro de Estudos e Sistemas Avançados do Recife - C.E.S.A.R,4.2,Senior Data Scientist,12000,12000,12000,11
Banco Bradesco,4.1,Senior Data Scientist,14000,20000,16000,278
Dasa,3.5,Senior Data Scientist,13000,15000,14000,323
BEES,3.5,Senior Data Scientist,18000,22000,21000,0
Mercado Pago,4,Senior Data Scientist,12000,18000,18000,4
C6 Bank,4.2,Senior Data Scientist,13000,552000,17000,11
Loft,3.6,Junior Data Scientist,8000,8000,8000,50
Banco Bradesco,4.1,Junior Data Scientist,8000,9000,8000,278
IBM,3.9,Junior Data Scientist,3000,5000,5000,65
EloGroup,4.2,Junior Data Scientist,9000,10000,9000,3
Itaú Unibanco (Itaú BBA e Rede),4.4,Junior Data Scientist,7000,9000,9000,255
Nubank,4.4,Junior Data Scientist,9000,11000,11000,13
Centro de Estudos e Sistemas Avançados do Recife - C.E.S.A.R,4.2,Junior Data Scientist,5000,6000,6000,11
Wildlife Studios,4,Associate Data Scientist,13000,65000,13000,1
Loft,3.6,Data Science Manager,20000,25000,21000,50
Santander,3.8,Data Science Manager,32000,43000,38000,1
Itaú Unibanco (Itaú BBA e Rede),4.4,Data Science Manager,31000,49000,33000,255
FALCONI,3.6,Data Science Analyst,6000,8000,8000,5
C6 Bank,4.2,Cientista De Dados Júnior,7000,8000,8000,11
BRF,3.8,Cientista De Dados Júnior,4000,5000,5000,417
Serasa,3.9,Cientista De Dados Júnior,6000,7000,6000,31
Gaivota,3.8,Cientista De Dados Júnior,5000,6000,5000,0
Nuvem Tecnologia,4.3,Cientista De Dados Júnior,5000,5000,5000,0
Remessa Online,4.5,Cientista De Dados Júnior,6000,7000,7000,2
Cortex Intelligence,3.9,Cientista De Dados Júnior,5000,5000,5000,13
Vetta,4.1,Cientista De Dados Júnior,5000,5000,5000,33
Shape,3.8,Cientista De Dados Júnior,750,8000,7000,0
Neoway,4.4,Cientista De Dados Júnior,2000,9000,7000,10
Qualificar TI,3.5,Cientista De Dados Júnior,9000,11000,10000,0
DataRisk,4.2,Cientista De Dados Júnior,5000,6000,5000,1
Inter,3.4,Cientista De Dados Júnior,6000,7000,6000,0
Creditas,4.1,Cientista De Dados Júnior,5000,8000,6000,20
Sólides,4.1,Cientista De Dados Júnior,5000,5000,5000,44
CPFL Energia,4,Cientista De Dados Júnior,5000,6000,5000,88
Bradesco,4.1,Cientista De Dados Júnior,6000,9000,8000,0
Programmer's - Beyond IT,4.5,Cientista De Dados Júnior,3000,3000,3000,14
Instituto de Pesquisas ELDORADO,4.4,Cientista De Dados Júnior,5000,6000,6000,5
AZ Tecnologia em Gestão,4.1,Cientista De Dados Júnior,5000,8000,5000,0
UOL,4.1,Cientista De Dados Júnior,6000,6000,6000,6
Paschoalotto,3.7,Cientista De Dados Júnior,3000,4000,4000,20
Indicium,4.5,Cientista De Dados Júnior,5000,7000,6000,10
Minds,4.3,Cientista De Dados Júnior,4000,5000,4000,1
Marinha do Brasil,4,Cientista De Dados Júnior,2000,16000,2000,0
Horus,4,Cientista De Dados Júnior,2000,5000,3000,0
4intelligence,3.7,Cientista De Dados Júnior,5000,8000,5000,0
Zerum,3.8,Cientista De Dados Júnior,4000,5000,4000,0
DataRisk,4.2,Cientista De Dados Júnior,5000,5000,5000,1
Analytics2Go,3.7,Cientista De Dados Júnior,4000,5000,4000,0
iFood,4.2,Cientista De Dados Júnior,5000,8000,7000,65
Compass Uol,3.8,Cientista De Dados Júnior,5000,7000,5000,57
MEANTRIX,-0.10000000149011612,Cientista De Dados Júnior,3000,4000,4000,0
Propz,4.2,Cientista De Dados Pleno,5000,7000,6000,0
Spassu tecnologia,3.9,Cientista De Dados Pleno,14000,15000,14000,6
DP6,4.3,Cientista De Dados Pleno,6000,8000,7000,7
GOL Linhas Aéreas,3.9,Cientista De Dados Pleno,6000,8000,7000,99
PagBank,3.9,Cientista De Dados Pleno,833,8000,6000,133
Instituto de Pesquisas ELDORADO,4.4,Cientista De Dados Pleno,9000,11000,10000,5
Softplan,4.2,Cientista De Dados Pleno,6000,10000,7000,36
Shape,3.8,Cientista De Dados Pleno,12000,15000,15000,0
Zoox Smart Data,4.3,Cientista De Dados Pleno,7000,8000,8000,0
Enforce Community,3.2,Cientista De Dados Pleno,10000,11000,11000,0
Creditas,4.1,Cientista De Dados Pleno,7000,10000,10000,20
will bank,4.1,Cientista De Dados Pleno,8000,11000,10000,16
NeoGrid,3.5,Cientista De Dados Pleno,7000,9000,8000,0
XP Inc.,4.1,Cientista De Dados Pleno,7000,10000,8000,32
Dafiti,3.6,Cientista De Dados Pleno,750,6000,6000,12
Vert Analytics,4.2,Cientista De Dados Pleno,6000,7000,7000,0
Raízen,3.9,Cientista De Dados Pleno,7000,8000,7000,487
BRF,3.8,Cientista De Dados Pleno,5000,6000,5000,417
Loft,3.6,Cientista De Dados Pleno,10000,12000,11000,50
Serasa,3.9,Cientista De Dados Pleno,7000,9000,8000,31
Banco Bmg,4,Cientista De Dados Pleno,8000,9000,9000,25
Kantar IBOPE Media,4,Cientista De Dados Pleno,9000,9000,9000,1
BIP,3.9,Cientista De Dados Pleno,6000,7000,6000,433
DataRisk,4.2,Cientista De Dados Pleno,10000,12000,11000,1
Delivery Center,4.4,Cientista De Dados Pleno,6000,7000,7000,0
Ambev Tech,4.2,Cientista De Dados Pleno,8000,16000,11000,36
Loggi,3.8,Cientista De Dados Pleno,8000,11000,9000,57
ContaAzul,3.8,Cientista De Dados Pleno,7000,8000,7000,16
Banco PAN,3.8,Cientista De Dados Pleno,2000,12000,6000,11
act digital,3.5,Cientista De Dados Pleno,9000,9000,9000,72
Leroy Merlin,4,Cientista De Dados Pleno,12000,15000,14000,1
Agibank,4,Cientista De Dados Pleno,5000,11000,9000,248
Insole,2.3,Cientista De Dados Pleno,6000,7000,7000,0
Hospital Israelita Albert Einstein,4.4,Cientista De Dados Pleno,5000,7000,6000,153
Afya,4.2,Cientista De Dados Pleno,9000,9000,9000,22
SulAmérica,3.7,Cientista De Dados Sênior,10000,12000,10000,0
Inter,3.4,Cientista De Dados Sênior,13000,54000,14000,0
Olist,4,Cientista De Dados Sênior,10000,20000,20000,0
Vert Analytics,4.2,Cientista De Dados Sênior,9000,10000,9000,0
NeuroTech,4.5,Cientista De Dados Sênior,6000,20000,9000,9
Meta IT,3.9,Cientista De Dados Sênior,10000,16000,14000,154
Cora,3.7,Cientista De Dados Sênior,1000,15000,14000,13
TC,3.6,Cientista De Dados Sênior,12000,15000,12000,9
TELUS Digital,3.5,Cientista De Dados Sênior,13000,15000,15000,1
Experian,4.3,Cientista De Dados Sênior,10000,17000,15000,748
Montreal Informática,3.8,Cientista De Dados Sênior,14000,21000,19000,0
SiDi,4.3,Cientista De Dados Sênior,13000,17000,13000,14
Banco Sofisa,4.1,Cientista De Dados Sênior,10000,16000,10000,33
Raia Drogasil,3.4,Cientista De Dados Sênior,13000,15000,13000,2
Vivo (Telefônica Brasil),4.4,Cientista De Dados Sênior,12000,12000,12000,559
TOTVS,4.2,Cientista De Dados Sênior,13000,14000,13000,259
Icatu Seguros,4.2,Cientista De Dados Sênior,6000,11000,10000,0
Zup Innovation,4.2,Cientista De Dados Sênior,14000,18000,16000,35
Sympla,3.7,Cientista De Dados Sênior,10000,14000,11000,29
XP Inc.,4.1,Cientista De Dados Sênior,16000,23000,16000,32
Paschoalotto,3.7,Cientista De Dados Sênior,7000,7000,7000,20
Bradesco,4.1,Cientista De Dados Sênior,14000,22000,17000,0
Localiza&Co,4.2,Cientista De Dados Sênior,8000,15000,13000,863
EloGroup,4.2,Cientista De Dados Sênior,11000,38000,13000,3
Frete.com,3.1,Cientista De Dados Sênior,10000,14000,12000,0
Deloitte,3.8,Cientista De Dados Sênior,9000,13000,9000,23
DataRisk,4.2,Cientista De Dados Sênior,12000,14000,13000,1
Nubank,4.4,Staff Data Scientist,20000,83000,32000,13
Itaú Unibanco (Itaú BBA e Rede),4.4,Data Science Specialist,28000,32000,29000,255
Localiza&Co,4.2,Data Science Specialist,15000,21000,21000,863
dunnhumby,4.3,Applied Data Scientist,5000,7000,6000,72
Grupo Boticário,4.3,Cientista De Dados II,8000,10000,9000,253
Itaú Unibanco (Itaú BBA e Rede),4.4,Cientista de Dados I,8000,10000,9000,255
Algar,4.3,Cientista de Dados I,3000,4000,4000,31
Nestlé,4.3,Cientista de Dados I,8000,11000,9000,909
Claro,4.2,Cientista de Dados I,10000,10000,10000,151
Big Data Brasil,4.2,Cientista de Dados I,6000,6000,6000,0
Bwtech,3.7,Cientista de Dados I,5000,5000,5000,4
VTEX,4,Data Scientist,3000,3000,3000,4
ADP,3.8,Data Scientist,8000,9000,8000,2
Liberty Mutual Insurance,3.6,Data Scientist,10000,20000,15000,1
Inmetrics,3.9,Data Scientist,5000,7000,6000,0
Spassu tecnologia,3.9,Data Scientist,6000,7000,7000,6
MODEC,4.1,Data Scientist,11000,15000,13000,15
Deloitte,3.8,Data Scientist,11000,14000,12000,23
Universidade Federal de Campina Grande (UFCG),4.5,Data Scientist,5000,10000,7000,0
BairesDev,4.1,Data Scientist,12000,14000,13000,1
Qintess,3,Data Scientist,5000,8000,7000,74
LEVEE,3.8,Data Scientist,8000,30000,19000,0
Beegol,4.7,Data Scientist,8000,8000,8000,0
B3,4.2,Data Scientist,6000,9000,8000,22
Birdie (CA),4.6,Data Scientist,6000,6000,6000,0
MadeiraMadeira,3.7,Data Scientist,667,5000,3000,103
Compra Agora,3.7,Data Scientist,14000,16000,15000,0
Sinch,3.7,Data Scientist,8000,8000,8000,73
Kyndryl,3.7,Data Scientist,13000,25000,19000,1
Encora,3.9,Data Scientist,1000,14000,7000,169
Freelancer,4.2,Data Scientist,2000,5000,4000,34
Chaordic Systems,3.9,Data Scientist,5000,6000,5000,0
Leroy Merlin,4,Data Scientist,7000,15000,11000,1
NeuralMed,4.8,Data Scientist,7000,9000,8000,0
Alvarez & Marsal,4.1,Data Scientist,15000,17000,16000,970
Vert Solucoes em TI,3.7,Data Scientist,6000,14000,10000,1
Mercado Bitcoin,3.9,Data Scientist,5000,15000,10000,0
Aditum,3.9,Data Scientist,3000,8000,5000,0
banco BV,4.4,Data Scientist,6000,9000,8000,42
Votorantim,4,Data Scientist,10000,13000,12000,11
RD Station,4,Data Scientist,6000,9000,8000,18
Universidade de São Paulo (USP),4.4,Data Scientist,800,945,873,0
Gria,2.3,Data Scientist,5000,5000,5000,0
ContaAzul,3.8,Data Scientist,5000,7000,6000,16
Banco Bradesco,4.1,Data Scientist,9000,16000,12000,278
KeyCash,2.7,Data Scientist,9000,9000,9000,0
VTEX,4,Data Scientist,6000,10000,8000,4
Ericsson-Worldwide,4,Data Scientist,14000,18000,16000,1
Dafiti,3.6,Data Scientist,6000,11000,8000,12
Kenlo,2.8,Data Scientist,10000,11000,11000,5
Incognia,4.8,Data Scientist,13000,14000,13000,4
Sólides,4.1,Data Scientist,3000,3000,3000,44
Juvo,3.3,Data Scientist,16000,23000,19000,2
SiDi,4.3,Data Scientist,8000,9000,9000,14
Smarthis,4.2,Data Scientist,9000,10000,9000,12
HDI Seguros,3.8,Data Scientist,5000,10000,7000,8
Provu,3.4,Data Scientist,6000,7000,6000,0
Garena,4.2,Data Scientist,9000,9000,9000,75
GLOBO,4.2,Data Scientist,5000,7000,6000,47
Capgemini,3.8,Data Scientist,10000,21000,16000,4
LexisNexis Legal & Professional,3.7,Data Scientist,27000,27000,27000,280
Amazon Web Services,3.7,Data Scientist,19000,33000,26000,5
37.78 Tecnologia,3.6,Data Scientist,8000,17000,13000,0
Cielo,4,Data Scientist,13000,15000,14000,176
QuantumBlack,3.9,Data Scientist,10000,13000,11000,0
Quero Educação,3.8,Data Scientist,5000,6000,6000,30
Intelie,4,Data Scientist,4000,5000,5000,0
Blu,4.1,Data Scientist,6000,6000,6000,8
Pagar.me,3.7,Data Scientist,7000,8000,7000,0
HVAR Consulting,4.6,Data Scientist,5000,14000,10000,10
Involves,3.9,Data Scientist,7000,8000,8000,2
FieldPRO,3.8,Data Scientist,14000,23000,19000,0
Gerdau,4.1,Data Scientist,1000,9000,5000,160
Raro Labs,4,Data Scientist,5000,6000,6000,0
everis,3.7,Data Scientist,7000,7000,7000,1
HypeFlame,3.3,Data Scientist,6000,6000,6000,0
Procter & Gamble,4.1,Data Scientist,11000,13000,12000,674
Mercado Pago,4,Data Scientist,9000,10000,9000,4
Offerwise,3.3,Data Scientist,5000,7000,6000,0
LTrace Geophysical Solutions,5,Data Scientist,10000,10000,10000,0
BelugaDB,5,Data Scientist,6000,7000,6000,0
iFood,4.2,Data Scientist,2000,3000,2000,65
Força Aérea Brasileira,4.1,Data Scientist,3000,4000,4000,0
Pistil Data,4,Data Scientist,10000,10000,10000,0
Tata Consultancy Services,3.6,Data Scientist,7000,14000,11000,267
Grupo Fleury,3.8,Data Scientist,8000,11000,9000,205
RPMA Comunicação,3.9,Data Scientist,5000,7000,6000,0
F1RST Digital Services,4,Data Scientist,9000,11000,10000,0
CargoX,3.7,Data Scientist,7000,8000,7000,0
Itaú Unibanco (Itaú BBA e Rede),4.4,Data Scientist,2000,2000,2000,255
Peers Consulting + Technology,4.5,Data Scientist,10000,11000,10000,0
Banco Safra,3.6,Data Scientist,7000,11000,9000,0
Inventa (Brazil),3.4,Data Scientist,10000,18000,14000,0
Raízen,3.9,Data Scientist,9000,10000,9000,487
Loft,3.6,Data Scientist,16000,18000,17000,50
CyberLabs,4.1,Data Scientist,8000,10000,9000,0
Programmer's - Beyond IT,4.5,Data Scientist,8000,10000,9000,14
Universidade Federal de Pernambuco (UFPE),4.3,Data Scientist,3000,8000,6000,0
NeuroTech,4.5,Data Scientist,7000,10000,9000,9
Blip (Portugal),4.1,Data Scientist,8000,12000,10000,0
Legiti,4.7,Data Scientist,12000,16000,14000,0
EloGroup,4.2,Data Scientist,10000,12000,11000,3
Axur. Digital Risk Protection,4.5,Data Scientist,4000,7000,6000,3
RecargaPay,4.2,Data Scientist,13000,16000,15000,34
Raia Drogasil,3.4,Data Scientist,70,70,70,2
Saint-Gobain,4,Data Scientist,8000,10000,9000,224
Optimum Soluções Estratégicas,4.4,Data Scientist,7000,7000,7000,0
Proffer,4.5,Data Scientist,6000,7000,6000,0
Seedz,2.7,Data Scientist,7000,9000,8000,0
Arco Educação,3.8,Data Scientist,11000,12000,12000,50
RankMyAPP,3.5,Data Scientist,5000,7000,6000,12
Equifax,3.7,Data Scientist,11000,16000,14000,336
dr.consulta,3.2,Data Scientist,9000,10000,9000,50
LexisNexis Risk Solutions,4.1,Data Scientist,8000,57000,32000,214
Capco,3.8,Data Scientist,10000,10000,10000,615
Amazon,3.6,Data Scientist,18000,18000,18000,25
Vivo (Telefônica Brasil),4.4,Data Scientist,10000,13000,11000,559
Wildlife Studios,4,Data Scientist,3000,4000,3000,1
Dotz,3.6,Data Scientist,9000,12000,10000,12
Nenhuma,3.8,Data Scientist,10000,10000,10000,0
dti digital,4.3,Data Scientist,6000,7000,6000,0
Dhauz,4.9,Data Scientist,7000,8000,7000,0
Tractian,4,Data Scientist,160000,222000,191000,0
Itaú Unibanco (Itaú BBA e Rede),4.4,Data Science,8000,15000,11000,255
Accenture,3.7,Data Science,2000,2000,2000,49
Itaú Unibanco (Itaú BBA e Rede),4.4,Data Science,2000,2000,2000,255
IBM,3.9,Data Science,2000,2000,2000,65
Banco Bradesco,4.1,Data Science,6000,7000,7000,278
Big Data Brasil,4.2,Data Science,2000,2000,2000,0
iFood,4.2,Data Science,2000,2000,2000,65
Accenture,3.7,Data Science,8000,15000,11000,49
4intelligence,3.7,Data Science,2000,3000,3000,0
"CloudWalk, Inc.",4.4,Data Scientist I,6000,9000,7000,0
Inter,3.4,Data Scientist I,7000,8000,7000,0
Itaú Unibanco (Itaú BBA e Rede),4.4,Data Scientist I,8000,10000,9000,255
Banco Bradesco,4.1,Cientistas de dados,9000,10000,10000,278
banQi,3.7,Senior Data Scientist,12000,13000,12000,2
Alelo,4.3,Senior Data Scientist,11000,14000,13000,0
FARFETCH,3.4,Senior Data Scientist,29000,31000,30000,45
Avenue Code,3.4,Senior Data Scientist,9000,15000,12000,0
SumUp,3.5,Senior Data Scientist,19000,20000,20000,143
Encora,3.9,Senior Data Scientist,12000,14000,13000,169
Neoway,4.4,Senior Data Scientist,14000,16000,15000,10
Shift Technology,4.1,Senior Data Scientist,225000,242000,234000,12
Instituto de Pesquisas ELDORADO,4.4,Senior Data Scientist,12000,12000,12000,5
Sicredi,4.4,Senior Data Scientist,120000,159000,140000,599
EY,3.7,Senior Data Scientist,7000,7000,7000,12
Deloitte,3.8,Senior Data Scientist,10000,12000,11000,23
Banco Safra,3.6,Senior Data Scientist,13000,13000,13000,0
Artefact,4,Senior Data Scientist,12000,15000,13000,0
Banco Itaú,4.3,Senior Data Scientist,12000,24000,18000,0
will bank,4.1,Senior Data Scientist,14000,16000,15000,16
GLOBO,4.2,Senior Data Scientist,10000,13000,12000,47
Kunumi,4.6,Senior Data Scientist,13000,13000,13000,0
ClearSale,4.2,Senior Data Scientist,14000,15000,14000,2
Serasa,3.9,Senior Data Scientist,14000,17000,15000,31
EBANX,3.8,Senior Data Scientist,8000,12000,10000,0
Zup Innovation,4.2,Senior Data Scientist,13000,20000,16000,35
Artefact,4.1,Senior Data Scientist,15000,16000,15000,27
FALCONI,3.6,Senior Data Scientist,10000,16000,13000,5
Mutant,3.6,Senior Data Scientist,11000,13000,12000,26
Blip,3.4,Senior Data Scientist,12000,15000,14000,15
PagBank,3.9,Senior Data Scientist,12000,13000,13000,133
TELUS Digital,3.5,Senior Data Scientist,16000,18000,17000,1
A3Data,3.9,Senior Data Scientist,15000,16000,15000,9
AspenTech,3.3,Senior Data Scientist,18000,20000,19000,204
Radix Engenharia e Software,4.3,Senior Data Scientist,11000,12000,11000,0
Rappi,3.6,Senior Data Scientist,13000,20000,16000,0
Jusbrasil,3.6,Senior Data Scientist,23000,25000,24000,0
Sympla,3.7,Senior Data Scientist,14000,14000,14000,29
Visagio,4.2,Data Science Intern,2000,2000,2000,11
Instituto de Pesquisas ELDORADO,4.4,Data Science Intern,2000,2000,2000,5
Lojas Quero-Quero,3.8,Data Science Intern,2000,2000,2000,3
QuantumBlack,3.9,Junior Data Scientist,9000,13000,11000,0
iFood,4.2,Junior Data Scientist,6000,7000,7000,65
Indicium,4.5,Junior Data Scientist,3000,4000,4000,10
Atlântico,4.5,Junior Data Scientist,3000,5000,4000,0
"CloudWalk, Inc.",4.4,Junior Data Scientist,8000,9000,8000,0
Bradesco,4.1,Junior Data Scientist,6000,7000,6000,0
QuintoAndar,3.9,Junior Data Scientist,7000,8000,8000,56
K2 Partnering Solutions,3.6,Junior Data Scientist,4000,5000,4000,8
4intelligence,3.7,Data Scientist Intern,2000,2000,2000,0
Visagio,4.2,Data Scientist Intern,3000,3000,3000,11
LexisNexis Risk Solutions,4.1,Lead Data Scientist,20000,21000,21000,214
C6 Bank,4.2,Lead Data Scientist,19000,24000,22000,11
iFood,4.2,Lead Data Scientist,17000,27000,22000,65
DataRisk,4.2,Lead Data Scientist,16000,18000,17000,1
IBM,3.9,Lead Data Scientist,12000,20000,16000,65
The HEINEKEN Company,4.4,Lead Data Scientist,18000,19000,19000,1
DataRisk,4.2,Lead Data Scientist,16000,20000,18000,1
Raízen,3.9,Lead Data Scientist,22000,47000,34000,487
Programmer's - Beyond IT,4.5,Associate Data Scientist,3000,6000,4000,14
Mercado Livre,4.2,Data Science Manager,19000,36000,27000,503
QuintoAndar,3.9,Data Science Manager,18000,43000,30000,56
SumUp,3.5,Data Science Manager,21000,22000,22000,143
PicPay,3.8,Data Science Manager,20000,22000,21000,43
Accenture,3.7,Data Science Analyst,6000,8000,7000,49
Accenture,3.7,Data Science Consultant,9000,10000,10000,49
IBM,3.9,Data Science Consultant,3000,5000,4000,65
iFood,4.2,Data Scientist II,11000,12000,12000,65
Loft,3.6,Data Scientist II,11000,12000,12000,50
Hand Talk,3.8,Data Scientist II,5000,6000,5000,0
McKinsey & Company,4.1,Data Scientist II,22000,24000,23000,595
e-Core,4.5,Data Scientist II,7000,7000,7000,13
QuintoAndar,3.9,Data Scientist II,7000,12000,9000,56
idwall,4,Data Scientist II,10000,10000,10000,13
McKinsey & Company,4.1,Principal Data Scientist,51000,71000,61000,595
Ambev Tech,4.2,Principal Data Scientist,24000,27000,25000,36
yHub,4.2,Cientista De Dados Júnior,5000,10000,7000,0
Dom Rock,2.9,Cientista De Dados Júnior,3000,5000,4000,0
Hospital Israelita Albert Einstein,4.4,Cientista De Dados Júnior,5000,5000,5000,153
Hospital Sírio-Libanês,4.2,Cientista De Dados Júnior,34,42,38,0
Crefaz,3.6,Cientista De Dados Júnior,3000,3000,3000,47
Grupo Globo,4.1,Cientista De Dados Júnior,4000,7000,6000,1
LexisNexis Risk Solutions,4.1,Cientista De Dados Júnior,6000,7000,6000,214
Oobj Tecnologia,4.5,Cientista De Dados Júnior,3000,4000,4000,0
Acesso Soluções de Pagamento,4.1,Cientista De Dados Júnior,6000,6000,6000,0
GLOBO,4.2,Cientista De Dados Júnior,5000,8000,6000,47
NeuroTech,4.5,Cientista De Dados Júnior,4000,4000,4000,9
OI SA,4.2,Cientista De Dados Júnior,4000,5000,4000,0
NTT DATA,3.8,Cientista De Dados Júnior,4000,6000,5000,4
Gesto Saúde e Tecnologia,4,Cientista De Dados Júnior,7000,7000,7000,1
Itaú Unibanco (Itaú BBA e Rede),4.4,Cientista De Dados Júnior,2000,2000,2000,255
99,4,Cientista De Dados Júnior,3000,3000,3000,0
MedRoom,4.9,Cientista De Dados Júnior,5000,5000,5000,0
Saint-Gobain,4,Cientista De Dados Júnior,4000,4000,4000,224
Itaú Unibanco (Itaú BBA e Rede),4.4,Cientista De Dados Júnior,2000,2000,2000,255
Cogna,4,Cientista De Dados Júnior,3000,4000,4000,670
Transmissora Aliança de Energia Elétrica,4,Cientista De Dados Júnior,6000,8000,7000,0
Zoox Smart Data,4.3,Cientista De Dados Júnior,6000,6000,6000,0
IBM,3.9,Cientista De Dados Júnior,4000,4000,4000,65
Blip,3.4,Cientista De Dados Júnior,6000,7000,6000,15
banco BV,4.4,Cientista De Dados Júnior,9000,9000,9000,42
Icatu Seguros,4.2,Cientista De Dados Júnior,6000,6000,6000,0
Aquarela Advanced Analytics,4.3,Cientista De Dados Júnior,5000,5000,5000,1
Grupo Soma,3.6,Cientista De Dados Júnior,4000,5000,4000,0
DP6,4.3,Cientista De Dados Júnior,4000,5000,5000,7
Sua Música,3.8,Cientista De Dados Júnior,4000,4000,4000,0
Onibus Coletivos e Transportes,-0.10000000149011612,Cientista De Dados Júnior,5000,5000,5000,0
A.C.Camargo Cancer Center,4.2,Cientista De Dados Júnior,5000,10000,7000,0
Gestão Agropecuária,3.9,Cientista De Dados Júnior,5000,8000,6000,0
PEBMED,4.5,Cientista De Dados Júnior,5000,5000,5000,0
Predify,4,Cientista De Dados Júnior,2000,3000,3000,0
Intelia,4,Cientista De Dados Júnior,4000,5000,4000,0
Obuc,4.5,Cientista De Dados Júnior,5000,5000,5000,0
BRLink,4,Cientista De Dados Júnior,3000,4000,4000,0
Marketdata,3.9,Cientista De Dados Júnior,4000,5000,5000,7
FALCONI,3.6,Cientista De Dados Júnior,5000,6000,6000,5
BRF,3.8,Cientista De Dados Júnior,4000,4000,4000,417
Santander,3.8,Cientista De Dados Júnior,9000,9000,9000,1
AeC Centro de Contatos,3.5,Cientista De Dados Júnior,6000,6000,6000,167
Deloitte,3.8,Cientista De Dados Júnior,4000,6000,5000,23
Inmetrics,3.9,Cientista De Dados Júnior,3000,4000,4000,0
Propz,4.2,Cientista De Dados Júnior,4000,4000,4000,0
James Delivery,3.9,Cientista De Dados Júnior,3000,3000,3000,0
Elo7,3.6,Cientista De Dados Júnior,6000,6000,6000,0
SulAmérica,3.7,Cientista De Dados Júnior,4000,4000,4000,0
Radix Engenharia e Software,4.3,Cientista De Dados Júnior,5000,7000,6000,0
Ubivis,4.5,Cientista De Dados Júnior,2000,4000,3000,0
Ambev Tech,4.2,Cientista De Dados Júnior,7000,11000,9000,36
Dasa,3.5,Cientista De Dados Júnior,5000,7000,6000,323
Insole,2.3,Cientista De Dados Júnior,6000,7000,7000,0
BRQ,4.1,Cientista De Dados Júnior,3000,4000,3000,0
Companhia de Tecidos Norte,3.9,Cientista De Dados Júnior,2000,5000,4000,0
Ímpar,3.7,Cientista De Dados Júnior,3000,4000,4000,0
Capco,3.8,Cientista De Dados Júnior,7000,8000,7000,615
Google,4.6,Cientista De Dados Júnior,6000,6000,6000,4
Open Co,3.8,Cientista De Dados Júnior,6000,9000,7000,3
Luizalabs,4.4,Cientista De Dados Júnior,7000,10000,8000,0
CAST,4.2,Cientista De Dados Júnior,4000,5000,5000,0
Bradesco Seguros,4.1,Cientista De Dados Júnior,5000,7000,6000,0
Propz,4.2,Cientista De Dados Júnior,4000,7000,5000,0
Exército Brasileiro,4.2,Cientista De Dados Júnior,3000,15000,9000,3
Vert Solucoes em TI,3.7,Cientista De Dados Júnior,2000,2000,2000,1
Nielsen,3.2,Cientista De Dados Júnior,4000,4000,4000,102
NeuralMed,4.8,Cientista De Dados Júnior,2000,6000,4000,0
Dhauz,4.9,Cientista De Dados Júnior,6000,7000,6000,0
Carefy,4.3,Cientista De Dados Júnior,3000,3000,3000,0
Magazine Luiza,4.2,Cientista De Dados Júnior,9000,9000,9000,2
BIX Tecnologia,4.2,Cientista De Dados Júnior,2000,4000,3000,0
New Bacon,3.1,Cientista De Dados Júnior,3000,3000,3000,0
Unicred,4.2,Cientista De Dados Júnior,1000,5000,3000,51
Usebens Seguradora,1.6,Cientista De Dados Júnior,3000,3000,3000,0
Microsoft,4.1,Cientista De Dados Júnior,14000,25000,19000,3
Mercado Livre,4.2,Sr Data Scientist,17000,17000,17000,503
Semantix,2.8,Sr Data Scientist,8000,11000,10000,38
Suzano,4.4,Sr Data Scientist,14000,15000,15000,51
TC,3.6,Cientista De Dados Pleno,8000,10000,9000,9
Qintess,3,Cientista De Dados Pleno,6000,7000,6000,74
Almaviva Solutions,4.6,Cientista De Dados Pleno,8000,10000,9000,14
Algar,4.3,Cientista De Dados Pleno,4000,5000,5000,31
BRQ,4.1,Cientista De Dados Pleno,8000,9000,8000,0
Nestlé,4.3,Cientista De Dados Pleno,9000,11000,10000,909
Suzano,4.4,Cientista De Dados Pleno,9000,20000,14000,51
Olist,4,Cientista De Dados Pleno,11000,17000,14000,0
Trizy,4.1,Cientista De Dados Pleno,6000,7000,7000,1
Ubivis,4.5,Cientista De Dados Pleno,5000,5000,5000,0
PicPay,3.8,Cientista De Dados Pleno,9000,10000,9000,43
Experian,4.3,Cientista De Dados Pleno,8000,12000,10000,748
Indra,3.7,Cientista De Dados Pleno,7000,8000,7000,106
BlueShift Brasil,4.1,Cientista De Dados Pleno,29,77,53,0
NeuralMed,4.8,Cientista De Dados Pleno,9000,11000,10000,0
Monks,3.4,Cientista De Dados Pleno,4000,7000,5000,9
Neobpo,3.3,Cientista De Dados Pleno,6000,8000,7000,128
Qualificar TI,3.5,Cientista De Dados Pleno,12000,14000,13000,0
Adiante Recebíveis,3.6,Cientista De Dados Pleno,10000,12000,11000,0
Provu,3.4,Cientista De Dados Pleno,8000,8000,8000,0
Riachuelo,4,Cientista De Dados Pleno,8000,9000,8000,598
Alelo,4.3,Cientista De Dados Pleno,6000,7000,7000,0
DataRisk,4.2,Cientista De Dados Pleno,9000,11000,10000,1
Sólides,4.1,Cientista De Dados Pleno,8000,9000,8000,44
Let's Code,4,Cientista De Dados Pleno,8000,8000,8000,0
KPMG,3.7,Cientista De Dados Pleno,4000,4000,4000,15
ArcelorMittal,4.3,Cientista De Dados Pleno,729,12000,6000,687
MadeiraMadeira,3.7,Cientista De Dados Pleno,6000,6000,6000,103
Localiza&Co,4.2,Cientista De Dados Pleno,5000,7000,6000,863
Época Cosméticos,4,Cientista De Dados Pleno,10000,11000,11000,1
SEBRAE,4.3,Cientista De Dados Pleno,5000,12000,9000,0
Laçador Digital,5,Cientista De Dados Pleno,5000,5000,5000,0
Grupo GCB,4.2,Cientista De Dados Pleno,10000,13000,11000,0
Anheuser-Busch InBev,3.7,Cientista De Dados Pleno,10000,14000,12000,179
F1RST Digital Services,4,Cientista De Dados Pleno,11000,12000,12000,0
Avenue Code,3.4,Cientista De Dados Pleno,9000,12000,10000,0
Banco do Brasil,4.3,Cientista De Dados Pleno,88000,120000,104000,0
Track.co,3.3,Cientista De Dados Pleno,7000,8000,7000,1
Ambev,4.3,Cientista De Dados Pleno,7000,8000,7000,217
Webmotors,4.1,Cientista De Dados Pleno,8000,10000,9000,8
Atlântico,4.5,Cientista De Dados Pleno,6000,6000,6000,0
yHub,4.2,Cientista De Dados Pleno,6000,9000,8000,0
Banco Itaú,4.3,Cientista De Dados Pleno,15000,17000,16000,0
Vivo (Telefônica Brasil),4.4,Cientista De Dados Pleno,8000,9000,8000,559
Braip,3.9,Cientista De Dados Pleno,6000,6000,6000,0
Comerc Energia,4.3,Cientista De Dados Pleno,7000,9000,8000,34
C6 Bank,4.2,Cientista De Dados Pleno,9000,11000,10000,11
GLOBO,4.2,Cientista De Dados Pleno,8000,9000,9000,47
Gerdau,4.1,Cientista De Dados Pleno,6000,13000,9000,160
Trustly,3.9,Cientista De Dados Pleno,13000,18000,16000,27
TELUS Digital,3.5,Cientista De Dados Pleno,9000,14000,11000,1
Axur. Digital Risk Protection,4.5,Cientista De Dados Pleno,9000,10000,9000,3
Martins,4,Cientista De Dados Pleno,8000,9000,8000,1
Dell Lead,4.3,Cientista De Dados Pleno,5000,5000,5000,0
Cinnecta,4.6,Cientista De Dados Pleno,5000,6000,6000,0
Minds,4.3,Cientista De Dados Pleno,7000,8000,8000,1
FALCONI,3.6,Cientista De Dados Pleno,8000,8000,8000,5
GPA,3.6,Cientista De Dados Pleno,6000,7000,7000,2
POUPEX,4.1,Cientista De Dados Pleno,16000,16000,16000,0
Restoque,3.7,Cientista De Dados Pleno,6000,6000,6000,0
Kumulus,3.9,Cientista De Dados Pleno,7000,8000,8000,7
Banco Bradesco,4.1,Cientista De Dados Pleno,10000,11000,10000,278
XP Investimentos,3.6,Cientista De Dados Pleno,11000,11000,11000,0
Keyrus,4,Cientista De Dados Pleno,8000,8000,8000,176
Bradesco Seguros,3.9,Cientista De Dados Pleno,9000,11000,10000,0
Gupy,4.1,Cientista De Dados Pleno,10000,12000,11000,9
4intelligence,3.7,Cientista De Dados Pleno,6000,7000,6000,0
Pitang Agile IT,4.6,Cientista De Dados Pleno,6000,7000,6000,5
Programmer's - Beyond IT,4.5,Cientista De Dados Pleno,7000,11000,9000,14
Eleflow Big Data,4.7,Cientista De Dados Pleno,8000,10000,9000,2
Portocred,4.4,Cientista De Dados Pleno,7000,7000,7000,0
Engineering,3.5,Cientista De Dados Pleno,7000,8000,8000,0
A3Data,3.9,Cientista De Dados Pleno,5000,7000,6000,9
IMAGEM Geosistemas,3.5,Cientista De Dados Pleno,5000,5000,5000,8
Bradesco Seguros,4.1,Cientista De Dados Pleno,9000,9000,9000,0
FortBrasil,4.3,Cientista De Dados Pleno,5000,5000,5000,0
Cogna,4,Cientista De Dados Pleno,833,8000,4000,670
BEES,3.5,Cientista De Dados Pleno,14000,20000,17000,0
CPFL Energia,4,Cientista De Dados Pleno,6000,8000,7000,90
B3,4.2,Cientista De Dados Pleno,5000,13000,9000,22
Neoway,4.4,Cientista De Dados Sênior,13000,14000,14000,10
Propz,4.2,Cientista De Dados Sênior,15000,18000,16000,0
Minsait,3.7,Cientista De Dados Sênior,10000,15000,12000,134
C&A Modas,3.4,Cientista De Dados Sênior,9000,13000,11000,0
Ministério da Economia,4.1,Cientista De Dados Sênior,9000,49000,29000,0
Ambev,4.3,Cientista De Dados Sênior,11000,14000,12000,217
NeuralMed,4.8,Cientista De Dados Sênior,12000,15000,13000,0
CI&T,4.1,Cientista De Dados Sênior,10000,10000,10000,287
Jeitto Meios de Pagamento,2.9,Cientista De Dados Sênior,14000,19000,16000,22
act digital,3.5,Cientista De Dados Sênior,13000,14000,14000,72
2RP Net,3.5,Cientista De Dados Sênior,9000,10000,10000,0
Mobiauto,3.8,Cientista De Dados Sênior,9000,10000,9000,0
Lojas C&A Modas,3.6,Cientista De Dados Sênior,10000,11000,10000,0
Bradesco Seguros,3.9,Cientista De Dados Sênior,11000,12000,12000,0
MTP Métodos e Tecnologia – Brasil,3.9,Cientista De Dados Sênior,1000,11000,6000,37
Prefeitura da Cidade do Rio de Janeiro,3.9,Cientista De Dados Sênior,15000,20000,18000,0
RD Saúde,3.4,Cientista De Dados Sênior,1000,15000,8000,34
TIVIT,3.9,Cientista De Dados Sênior,10000,11000,10000,0
Grupo SBF,3.6,Cientista De Dados Sênior,18000,19000,19000,36
Gupy,4.1,Cientista De Dados Sênior,15000,15000,15000,9
Lojas Renner,3.8,Cientista De Dados Sênior,11000,11000,11000,139
Netshoes,4.2,Cientista De Dados Sênior,7000,10000,8000,0
FALCONI,3.6,Cientista De Dados Sênior,10000,11000,11000,5
EDP,3.9,Cientista De Dados Sênior,9000,10000,9000,20
iFood,4.2,Cientista De Dados Sênior,2000,13000,7000,65
Equifax,3.7,Cientista De Dados Sênior,13000,16000,15000,336
SPC Brasil,4.4,Cientista De Dados Sênior,11000,20000,16000,3
CVC Corp,3.9,Cientista De Dados Sênior,10000,12000,11000,30
Cargill,4,Cientista De Dados Sênior,24000,29000,27000,2
Mercantil do Brasil,3.8,Cientista De Dados Sênior,1000,14000,8000,0
Cortex Intelligence,3.9,Cientista De Dados Sênior,12000,15000,13000,13
Omni Financeira,4.3,Cientista De Dados Sênior,8000,10000,9000,0
GetNinjas,2.6,Cientista De Dados Sênior,10000,11000,11000,0
Kunumi,4.6,Cientista De Dados Sênior,16000,18000,17000,0
Tereos,4,Cientista De Dados Sênior,8000,8000,8000,130
Instituto de Pesquisas ELDORADO,4.4,Cientista De Dados Sênior,1000,14000,7000,5
Verx Tecnologia,4.5,Cientista De Dados Sênior,11000,12000,12000,0
Loggi,3.8,Cientista De Dados Sênior,13000,14000,14000,57
Mutant,3.6,Cientista De Dados Sênior,9000,9000,9000,26
Pagar.me,3.7,Cientista De Dados Sênior,11000,14000,13000,0
Banco Bmg,4,Cientista De Dados Sênior,13000,191000,102000,25
Hotmart,4.1,Cientista De Dados Sênior,13000,14000,13000,10
iFood,4.2,Staff Data Scientist,29000,29000,29000,65
TELUS Digital,3.5,Staff Data Scientist,21000,24000,22000,1
Neon Pagamentos,3.7,Staff Data Scientist,13000,27000,20000,8
Accenture,3.7,Data Science Associate,3000,4000,3000,49
Santander,3.8,Data Science Specialist,9000,21000,15000,1
Syngenta,4,Data Science Specialist,14000,15000,15000,360
Grupo Boticário,4.3,Data Science Specialist,16000,16000,16000,253
iFood,4.2,Data Science Specialist,16000,21000,18000,65
Banco Bradesco,4.1,Data Science Specialist,3000,22000,12000,278
Banco Bradesco,4.1,Data Scientist 2,13000,250000,131000,278
Casai,3.4,Jr. Data Scientist,12000,12000,12000,0
Banco Bradesco,4.1,Data Scientist Manager,22000,24000,23000,278
Stone,4.1,Data Scientist III,9000,11000,10000,68
Bradesco,4.1,Data Scientist III,19000,24000,22000,0
TransUnion,4.4,Data Scientist Consultant,15000,19000,17000,187
Oper,4.4,Cientista De Dados II,4000,5000,5000,1
A3Data,3.9,Cientista De Dados II,5000,8000,7000,9
ClearSale,4.2,Cientista De Dados II,9000,10000,9000,2
APPMAX,3.9,Cientista De Dados II,6000,8000,7000,25
Suzano,4.4,Cientista De Dados II,2000,10000,6000,51
Hotmart,4.1,Cientista De Dados II,7000,11000,9000,10
James Delivery,3.9,Cientista de Dados I,4000,4000,4000,0
Dasa,3.5,Cientista de Dados I,8000,8000,8000,323
Radix Engenharia e Software,4.3,Cientista de Dados I,3000,4000,3000,0
Energisa,4.2,Cientista de Dados I,6000,7000,6000,93
Banco Itaú,4.3,Cientista de Dados I,11000,12000,11000,0
APPMAX,3.9,Cientista de Dados I,4000,4000,4000,25
Uber,3.8,Cientista de Dados I,222000,240000,231000,5
Global,3.5,Cientista de Dados I,12000,12000,12000,6
Experian,4.3,Cientista de Dados I,7000,8000,8000,748
Neurotech,4.4,Cientista de Dados I,5000,6000,5000,7
Nubank,4.4,Cientista de Dados I,3000,3000,3000,13
ETERJ,3.7,Cientista de Dados I,3000,3000,3000,0
idwall,4,Cientista de Dados I,8000,9000,8000,13
NeuroTech,4.5,Cientista de Dados I,53000,56000,54000,9
Allianz,3.9,Cientista de Dados I,10000,11000,11000,435
Ambev Tech,4.2,Cientista de Dados I,11000,12000,12000,36
TIVIT,3.9,Cientista de Dados I,6000,7000,7000,0
Hand Talk,3.8,Cientista de Dados I,3000,3000,3000,0
Monks,3.4,Cientista de Dados I,3000,3000,3000,9
Inter,3.4,Cientista de Dados I,7000,7000,7000,0
GLOBAL HITSS,3.9,Cientista de Dados I,8000,9000,9000,138
NAVA Technology for Business,4.2,Cientista de Dados I,8000,9000,9000,6
RNP,4,Cientista de Dados I,1000,2000,2000,0
TOTVS,4.2,Cientista de Dados I,12000,12000,12000,259
ClearSale,4.2,Cientista de Dados I,6000,7000,7000,2
Oper,4.4,Cientista de Dados I,4000,5000,4000,1
Somapay,4.4,Cientista de Dados I,8000,8000,8000,6
Skeelo,4.1,Cientista de Dados I,5000,5000,5000,0
Localiza&Co,4.2,Cientista de Dados I,5000,6000,6000,863
RankMyAPP,3.5,Cientista de Dados I,3000,4000,4000,12
Coopersystem,4.5,Cientista de Dados I,55,59,57,0
Suzano,4.4,Cientista de Dados I,7000,7000,7000,51
FIT - Instituto de Tecnologia,3.6,Cientista de Dados I,8000,9000,9000,0
Drip,4,Cientista de Dados I,23000,24000,24000,4
Efí,3.8,Data Scientist,9000,9000,9000,8
AT Digital,4,Data Scientist,5000,5000,5000,0
Prefeitura Municipal de Teresina,4.1,Data Scientist,1000,1000,1000,0
Google DeepMind,4.2,Data Scientist,3000,3000,3000,0
Segware,4.4,Data Scientist,8000,9000,8000,1
Solution Seeker,-0.10000000149011612,Data Scientist,13000,15000,14000,0
Laboratório Nacional de Computação Científica (LNCC),4.7,Data Scientist,4000,4000,4000,0
Decode (Brazil),3.5,Data Scientist,13000,15000,14000,0
Sling Hub,4.7,Data Scientist,4000,4000,4000,0
FortBrasil,4.3,Data Scientist,3000,4000,4000,0
EMS,3.6,Data Scientist,10000,11000,11000,113
Artefact,4,Data Scientist,9000,10000,9000,0
Transaction Technologies,3.1,Data Scientist,10000,10000,10000,0
Itera,3.8,Data Scientist,5000,5000,5000,0
FREXCO (Brazil),3.3,Data Scientist,2000,3000,3000,0
Mosaico,3.6,Data Scientist,16000,18000,17000,0
Stepwise,4.3,Data Scientist,4000,4000,4000,0
DSS Tecnologia,2.8,Data Scientist,13000,14000,13000,0
BrainCare,-0.10000000149011612,Data Scientist,4000,4000,4000,0
XYZ,3.7,Data Scientist,20000,22000,21000,3
Banco de Brasília,4.3,Data Scientist,81000,87000,84000,0
Grant Thornton,3.7,Data Scientist,2000,2000,2000,2
The Insight,5,Data Scientist,4000,5000,4000,0
Banco do Brasil,4.3,Data Scientist,10000,11000,11000,0
Zippi,4.6,Data Scientist,17000,19000,18000,0
Red Hat,4.2,Data Scientist,7000,7000,7000,265
Contmatic Phoenix,3.9,Data Scientist,4000,4000,4000,2
Launch Machine,-0.10000000149011612,Data Scientist,3000,3000,3000,0
Altair Engineering,4.3,Data Scientist,43000,46000,45000,54
RIB - Analytics & Consulting,5,Data Scientist,6000,7000,6000,0
QuantBrasil,3.6,Data Scientist,10000,10000,10000,0
Wiser Educação,3.7,Data Scientist,4000,5000,5000,6
Fiocruz,4.4,Data Scientist,5000,5000,5000,0
CashMe,4.2,Data Scientist,42000,45000,44000,7
Universidade Federal de Lavras (UFLA),4.7,Data Scientist,1000,2000,2000,0
goFlux,4.1,Data Scientist,12000,12000,12000,0
Seg Truck,4.8,Data Scientist,9000,9000,9000,0
Gazeus Games,4.2,Data Scientist,9000,9000,9000,0
Secretaria de Educação do Estado da Bahia (SEDUC/BA),4.2,Data Scientist,8000,8000,8000,0
Twist (Brazil),4.7,Data Scientist,3000,3000,3000,1
Topaz,3.8,Data Scientist,13000,14000,13000,20
A55,3.4,Data Scientist,19000,21000,20000,0
Smarket Solutions,4.3,Data Scientist,5000,6000,6000,0
Brasilseg Seguradora,4.1,Data Scientist,14000,16000,15000,14
Brivia,3.5,Data Scientist,5000,5000,5000,49
Banco Único,3.8,Data Scientist,4000,4000,4000,0
Johnson & Johnson,4.1,Data Scientist,129000,138000,133000,2
Gria,2.3,Data Scientist,8000,8000,8000,0
Dataprev,3.8,Data Scientist,8000,8000,8000,0
OmniJus,2.8,Data Scientist,15000,16000,15000,0
PagBank,3.9,Data Scientist,4000,5000,5000,133
MBOCHIP,4.6,Data Scientist,1000,2000,1000,0
Adiante Recebíveis,3.6,Data Scientist,3000,4000,3000,0
BMW Group,4.1,Data Scientist,11000,12000,11000,2
Joga10,4.6,Data Scientist,7000,7000,7000,0
Venturus Centro de Inovação Tecnológica,4.6,Data Scientist,8000,8000,8000,0
Micron Technology,3.9,Data Scientist,8000,8000,8000,1
Hospital Israelita Albert Einstein,4.4,Data Scientist,14000,15000,14000,153
Inova,3.9,Data Scientist,3000,3000,3000,762
Insider Store,3.8,Data Scientist,7000,7000,7000,0
Skyscanner,3.9,Data Scientist,11000,12000,11000,0
R2 Produções,3.4,Data Scientist,6000,6000,6000,0
"Loft, LLC",3.7,Data Scientist,11000,12000,12000,0
Agência HSTK,3,Data Scientist,4000,4000,4000,0
Digital Innovation One,3.5,Data Scientist,10000,10000,10000,0
Qconcursos,3.3,Data Scientist,68000,72000,70000,0
Ball Corporation,3.8,Data Scientist,5000,5000,5000,40
Prepi,5,Data Scientist,6000,7000,6000,0
Instituto de Tecnologia Química e Biológica,3.8,Data Scientist,8000,9000,8000,0
PUC Rio,4.5,Data Scientist,10000,10000,10000,0
Grupo GCB,4.2,Data Scientist,7000,7000,7000,0
PagBank,3.9,Data Scientist,7000,7000,7000,133
Minsair Brasil,4,Data Scientist,8000,9000,8000,0
Unisys,3.4,Data Scientist,13000,15000,14000,381
BEEGO,4.1,Data Scientist,954,1000,999,0
GWTK Engenharia de Desenvolvimento,4.3,Data Scientist,6000,7000,6000,0
AMFG,3.8,Data Scientist,5000,5000,5000,0
Solstar,3.4,Data Scientist,14000,16000,15000,0
DP6,4.3,Data Scientist,4000,4000,4000,7
CyberLabs,4.1,Data Scientist,96000,104000,100000,0
Órama,3.6,Data Scientist,8000,9000,9000,0
Loopt,4.1,Data Scientist,114000,124000,119000,37
Midway Financeira,4.2,Data Scientist,11000,12000,11000,0
FICO,4.1,Data Scientist,59000,63000,61000,80
Ciência dos Dados,5,Data Scientist,10000,10000,10000,0
Prevent Sênior,4.2,Data Scientist,3000,3000,3000,0
Intelia,4,Data Scientist,70000,74000,72000,0
Roofstock,3.3,Data Scientist,19000,21000,20000,19
BairesDev,4.1,Data Scientist,15000,16000,16000,1
Let's Code,4,Data Scientist,3000,3000,3000,0
Educação Adventista,4.2,Data Scientist,5000,5000,5000,0
Tribunal de Contas da União (TCU),4.8,Data Scientist,1000,1000,1000,0
Clube do Valor,4.5,Data Scientist,1000,2000,2000,0
ADVISIA Analytics,4.6,Data Scientist,10000,11000,10000,0
UniSociesc,3.6,Data Scientist,10000,10000,10000,0
Agência Nacional do Cinema (ANCINE),3.6,Data Scientist,1000,1000,1000,0
SoluCX,3.9,Data Scientist,1000,1000,1000,3
Accenture,3.7,Data Scientist,2000,2000,2000,49
Hekima,4.3,Data Scientist,5000,5000,5000,0
Relevo,4.5,Data Scientist,3000,4000,3000,7
Teia Labs,4.6,Data Scientist,126000,136000,131000,0
Renault Group,3.9,Data Scientist,95,104,100,309
Rapicare,5,Data Scientist,34000,37000,36000,0
Upwork,3.6,Data Scientist,13000,15000,14000,0
Zenklub,3.7,Data Scientist,12000,13000,12000,0
Insight Data Science Lab,4.6,Data Scientist,4000,4000,4000,0
PUC Rio,4.5,Data Scientist,1000,1000,1000,0
Positivo TecnologIA,3.6,Data Scientist,5000,6000,6000,109
Reconverte,5,Data Scientist,2000,2000,2000,0
Algoma Steel,3.6,Data Scientist,68000,73000,70000,8
Banco Central do Brasil,4.2,Data Scientist,6000,6000,6000,0
Universidade Federal da Bahia (UFBA),4.1,Data Scientist,3000,3000,3000,0
ITAU USA Asset Management,4.1,Data Scientist,8000,9000,9000,1
Instituto de Pesquisas ELDORADO,4.4,Data Scientist,2000,2000,2000,5
Grão Espresso,4,Data Scientist,1000,1000,1000,2
Hypera Pharma,3.9,Data Scientist,10000,11000,10000,0
Indra,3.7,Data Scientist,6000,6000,6000,106
ioasys,4.1,Data Scientist,960,1000,999,0
Axur. Digital Risk Protection,4.5,Data Scientist,13000,14000,13000,3
Vale,4.2,Data Scientist,10000,10000,10000,174
Indeorum,4.2,Data Scientist,2000,2000,2000,0
Turing,3.6,Data Scientist,38,42,40,57
Nexer,3.9,Data Scientist,10000,10000,10000,104
TOTVS Techfin,3.7,Data Scientist,11000,12000,12000,0
Helmerich & Payne,3.8,Data Scientist,8000,8000,8000,26
Voith,3.8,Data Scientist,17000,18000,18000,0
GPA,3.6,Data Scientist,9000,10000,10000,2
Obviously AI,3.9,Data Scientist,42000,45000,44000,0
South Dakota School for the Deaf,4.2,Data Scientist,133000,144000,138000,0
Lojas Bemol,4.2,Data Scientist,4000,4000,4000,0
Visagio,4.2,Data Scientist,3000,3000,3000,11
Monks,3.4,Data Scientist,1000,2000,1000,9
SLB,3.9,Data Scientist,13000,14000,14000,49
GLOBAL HITSS,3.9,Data Scientist,227000,247000,237000,138
Groupe Pierre & Vacances Center Parcs,3.7,Data Scientist,7000,7000,7000,172
FIT - Instituto de Tecnologia,3.6,Data Scientist,12000,14000,13000,0
Companhia de Tecidos Norte,3.9,Data Scientist,15000,17000,16000,0
Data Rudder,4.3,Data Scientist,9000,9000,9000,0
KaBuM!,3.7,Data Scientist,11000,12000,12000,1
Vert Solucoes em TI,3.7,Data Scientist,865,943,904,1
Rumo,4.1,Data Scientist,114,125,120,89
TIVIT,3.9,Data Scientist,14000,16000,15000,0
Universidade Nova de Lisboa,4.2,Data Scientist,8000,9000,9000,0
FGV IBRE,3.5,Data Scientist,834,900,867,0
AG Energia,3.9,Data Scientist,2000,2000,2000,0
Tech2Think,-0.10000000149011612,Data Scientist,10000,10000,10000,0
Instituto Brasileiro de Economia (Ibre),3.7,Data Scientist,3000,3000,3000,0
Birdie,3,Data Scientist,11000,12000,11000,0
Ambev Tech,4.2,Data Scientist,11000,12000,12000,36
Ramarim,3.4,Data Scientist,5000,5000,5000,0
Ministério Público do Estado do Espirito Santo,4.1,Data Scientist,145000,156000,150000,0
Casai,3.4,Data Scientist,22000,24000,23000,0
Ubivis,4.5,Data Scientist,4000,5000,4000,0
Lean Sales,3.9,Data Scientist,7000,8000,8000,4
Hagens Marketing,3.3,Data Scientist,6000,6000,6000,0
Paraná Banco,3.9,Data Scientist,13000,14000,14000,12
UOL,4.1,Data Scientist,5000,5000,5000,6
NEXXYS,4.4,Data Scientist,86000,92000,89000,0
Delivery Center,4.4,Data Scientist,7000,7000,7000,0
Gauge (Brazil),3.6,Data Scientist,38000,41000,40000,1
Track.co,3.3,Data Scientist,6000,7000,7000,1
ClearSale,4.7,Data Scientist,17000,18000,17000,0
Beluga,2.8,Data Scientist,11000,12000,12000,0
Grupo Domini,3.8,Data Scientist,3000,4000,3000,0
Vert Analytics,4.2,Data Scientist,13000,14000,14000,0
SpeedLabs,3.7,Data Scientist,29000,31000,30000,0
Radix,4.1,Data Scientist,10000,10000,10000,0
Playax,-0.10000000149011612,Data Scientist,6000,7000,6000,0
Avanade,3.8,Data Scientist,4000,4000,4000,291
Turno,4,Data Scientist,14000,16000,15000,0
Moobie,4.3,Data Scientist,11000,13000,12000,0
Gupy,4.1,Data Scientist,9000,9000,9000,9
California Data Science,4,Data Scientist,19000,21000,20000,0
Universidade Federal do Rio Grande do Sul (UFRS),4.4,Data Scientist,2000,2000,2000,0
Google,4.6,Data Scientist,10000,10000,10000,4
LSD,4.6,Data Scientist,957,1000,998,0
Tyde(Brazil),-0.10000000149011612,Data Scientist,5000,6000,5000,0
Talentify.io,4.3,Data Scientist,3000,4000,4000,0
CLAMED Farmácias,4,Data Scientist,41000,44000,42000,297
Latos,-0.10000000149011612,Data Scientist,5000,5000,5000,0
Exemplaria Solutions,4.5,Data Scientist,7000,7000,7000,0
Choice Technologies Lux,3.7,Data Scientist,8000,8000,8000,0
Verx Colsulting,3.4,Data Scientist,8000,8000,8000,0
Vitrio,4.1,Data Scientist,3000,4000,3000,0
Drogaria Araújo,3.4,Data Scientist,12000,12000,12000,235
ROIT,3.8,Data Scientist,4000,4000,4000,2
Amazon,3.6,Data Scientist,7000,7000,7000,25
Buser,3.7,Data Scientist,14000,16000,15000,0
LOFT,2.9,Data Scientist,12000,14000,13000,5
Biofarma,3.9,Data Scientist,1000,2000,2000,2
Laura,3.4,Data Scientist,6000,6000,6000,178
Ferreira Costa,3.7,Data Scientist,12000,13000,13000,0
Mendelics,4.2,Data Scientist,4000,5000,4000,2
Braskem,4.3,Data Scientist,2000,2000,2000,1
HidroMares,3.4,Data Scientist,8000,8000,8000,0
Nautilus,3.4,Data Scientist,10000,10000,10000,11
Qintess,3,Data Scientist,6000,7000,7000,74
ICTS (Brazil),3.6,Data Scientist,15000,16000,15000,0
EEmovel,3.8,Data Scientist,35000,38000,36000,0
Amarante,4.6,Data Scientist,104000,113000,108000,18
BlueShift Brasil,4.1,Data Scientist,10000,10000,10000,0
Universidade Federal do Paraná (UFPR),4.2,Data Scientist,2000,2000,2000,0
Arquivar tecnologia,4,Data Scientist,7000,7000,7000,1
Experian,4.3,Data Scientist,2000,2000,2000,748
NeuralMind,4.5,Data Scientist,4000,4000,4000,0
Unilever,4.1,Data Scientist,11000,11000,11000,472
Hurb,3,Data Scientist,8000,8000,8000,0
Loggi,3.8,Data Scientist,3000,3000,3000,57
Bwtech,3.7,Data Scientist,4000,5000,5000,4
Artplan,3.8,Data Scientist,8000,9000,9000,0
Studio Sol Comunicação Digital,3.8,Data Scientist,2000,2000,2000,0
IFSP,4.4,Data Scientist,9000,9000,9000,0
ScientifiCloud,5,Data Scientist,4000,4000,4000,0
Stilingue,4.5,Data Scientist,835,906,871,0
Ford Motor Company,4,Data Scientist,8000,8000,8000,823
UL Solutions,3.5,Data Scientist,12000,13000,13000,197
PHIcure,3.3,Data Scientist,8000,9000,8000,0
Mars,4.3,Data Scientist,15000,17000,16000,851
VLI,4.1,Data Scientist,23000,25000,24000,0
Unimed,4.1,Data Scientist,13000,14000,13000,409
Fundação Cearense de Pesquisa e Cultura,4.1,Data Scientist,6000,6000,6000,0
Folha de São Paulo,3.6,Data Scientist,7000,7000,7000,0
ALLOS,3.9,Data Scientist,8000,8000,8000,82
Montreal Informática,3.8,Data Scientist,18000,19000,19000,0
N2Vec,4.5,Data Scientist,8000,9000,8000,0
Meta IT,3.9,Data Scientist,11000,12000,11000,159
Stepwise,4.3,Data Scientist,2000,2000,2000,0
conDati,4,Data Scientist,92000,100000,96000,0
Contbank,4.3,Data Scientist,14000,16000,15000,0
Jeitto Meios de Pagamento,2.9,Data Scientist,7000,8000,8000,22
FAPESP,4.6,Data Scientist,2000,2000,2000,0
Cloud Humans,3.8,Data Scientist,7000,8000,7000,0
Valiot,4.3,Data Scientist,11000,13000,12000,0
ize gestão empresarial,4.4,Data Scientist,3000,3000,3000,0
Cappra Data Science,-0.10000000149011612,Data Scientist,48,52,50,0
PagoNxt,3.5,Data Scientist,5000,6000,5000,12
AG Consultoria Empresarial (Brazil),4.3,Data Scientist,3000,3000,3000,0
Universidade Federal do Rio Grande do Norte (UFRN),4.4,Data Scientist,2000,2000,2000,0
Plusdin,3.5,Data Scientist,4000,4000,4000,0
Natura &Co,4.2,Data Scientist,14000,15000,14000,1
UNC Chapel Hill,4.1,Data Scientist,10000,10000,10000,3
PenseBem,3.8,Data Scientist,3000,3000,3000,0
Dadoscope,5,Data Scientist,4000,4000,4000,0
Axondata,5,Data Scientist,5000,5000,5000,0
HopAI,-0.10000000149011612,Data Scientist,10000,11000,11000,0
PSafe,3.9,Data Scientist,14000,16000,15000,0
Ifal,4.5,Data Scientist,116000,124000,120000,0
Lojas Renner,3.8,Data Scientist,10000,10000,10000,139
EQI Investimentos,3.9,Data Scientist,5000,5000,5000,0
Secretaria Municipal de Inovação e Tecnologia,4.1,Data Scientist,6000,6000,6000,0
Daniel Advogados,3.7,Data Scientist,12000,13000,12000,4
Prefeitura Municipal de Osvaldo Cruz,4.1,Data Scientist,860,929,894,0
Datagro,3.9,Data Scientist,6000,6000,6000,0
Xertica,3.8,Data Scientist,9000,10000,9000,0
Boston Consulting Group,4.2,Data Scientist,13000,14000,13000,1
Anheuser-Busch InBev,3.7,Data Scientist,9000,10000,10000,179
Smartbreeder,3.5,Data Scientist,1000,1000,1000,0
InterOp,3.5,Data Scientist,10000,11000,10000,0
GeBIT - Desenvolvimento de Softwares e Aplicativo,3.7,Data Scientist,4000,4000,4000,0
KIKO,3.6,Data Scientist,34000,37000,36000,6
Atlântico,4.5,Data Scientist,2000,3000,3000,0
MAiS Partners,3.4,Data Scientist,12000,13000,13000,0
Merit,3.9,Data Scientist,5000,5000,5000,0
Informa Markets,3.8,Data Scientist,129000,141000,135000,0
TK Elevator,3.6,Data Scientist,1000,2000,1000,912
Technium - AI for EveryOne,5,Data Scientist,3000,3000,3000,0
BIX Tecnologia,4.2,Data Scientist,3000,3000,3000,0
Nextly,4.9,Data Scientist,317000,342000,330000,0
Artefact,4.1,Data Scientist,9000,10000,10000,27
INTELIVIX,4.2,Data Scientist,2000,2000,2000,0
Provi,3.7,Data Scientist,16000,17000,17000,0
Mercado Libre,4.1,Data Scientist,15000,16000,15000,75
Agência Africa,3.5,Data Scientist,8000,9000,8000,1
Vivo (Telefônica Brasil),4.4,Data Scientist,4000,4000,4000,559
Enline Transmission,3,Data Scientist,4000,5000,4000,0
Sicoob,4.3,Data Scientist,1000,1000,1000,18
Advocacia-Geral da União,4.1,Data Scientist,12000,13000,13000,0
Neoway,4.4,Data Scientist,7000,7000,7000,11
Universidade Federal do Paraná (UFPR),4.2,Data Scientist,1000,1000,1000,0
J4S Tech,5,Data Scientist,2000,2000,2000,0
Whirlpool Corporation,3.7,Data Scientist,11000,11000,11000,141
RD Saúde,3.4,Data Scientist,13000,14000,14000,34
Driva,4.5,Data Scientist,4000,4000,4000,0
YouTube,4.4,Data Scientist,7000,7000,7000,169
4all Tecnologia,3.4,Data Scientist,8000,8000,8000,0
Tunts.Rocks,4.6,Data Scientist,115,124,120,0
Artefact,4.1,Data Scientist,11000,12000,12000,27
Estante Virtual,4.2,Data Scientist,14000,16000,15000,0
Exame,2.4,Data Scientist,7000,8000,7000,0
Webmotors,4.1,Data Scientist,5000,5000,5000,8
i4 Economic Regulation,-0.10000000149011612,Data Scientist,8000,9000,9000,0
BIU Tech,2.1,Data Scientist,5000,5000,5000,0
Correios,4,Data Scientist,5000,5000,5000,0
Hitachi,4,Data Scientist,8000,8000,8000,4
Orange,4,Data Scientist,6000,6000,6000,257
NDD Tech,3.9,Data Scientist,5000,6000,5000,44
Didi Chuxing,4,Data Scientist,14000,16000,15000,332
Receita Federal,4.1,Data Scientist,5000,5000,5000,0
Liberty Mutual Insurance,3.6,Data Scientist,19000,21000,20000,1
Polícia Civil do Distrito Federal,4.7,Data Scientist,196000,210000,203000,0
Pi investimentos,2.7,Data Scientist,43000,47000,45000,0
Transdesk,4.6,Data Scientist,9000,9000,9000,0
americanas s.a.,3.6,Data Scientist,7000,7000,7000,270
Nextly,4.9,Data Scientist,299000,319000,309000,0
RFB,3.5,Data Scientist,29000,31000,30000,0
Honda Financial Services,3.4,Data Scientist,5000,6000,6000,135
ClearSale,4.2,Data Scientist,8000,9000,9000,2
Trybe,3.6,Data Scientist,10000,11000,11000,2
dunnhumby,4.3,Data Scientist,2000,2000,2000,72
General Motors (GM),3.6,Data Scientist,12000,12000,12000,551
Intelimidia,3.8,Data Scientist,6000,6000,6000,0
Universidade Federal do Pampa (UNIPAMPA),4,Data Scientist,12000,14000,13000,0
CVC Corp,3.9,Data Scientist,8000,8000,8000,30
Oncase,4.2,Data Scientist,11000,12000,11000,0
TecnoMetrica,3.7,Data Scientist,4000,5000,5000,0
Agilean (Brazil),3.1,Data Scientist,6000,6000,6000,0
CNPq,4.3,Data Scientist,4000,4000,4000,0
Virta,4,Data Scientist,3000,3000,3000,0
Universidade Federal Fluminense (UFF),4.5,Data Scientist,7000,7000,7000,0
Nubank,4.4,Data Scientist,10000,11000,11000,13
Cora,3.7,Data Scientist,8000,8000,8000,13
Alice,3.7,Data Scientist,9000,10000,10000,0
Captal,3,Data Scientist,13000,14000,13000,0
Tecla T,4.7,Data Scientist,8000,8000,8000,0
Predify,4,Data Scientist,2000,2000,2000,0
Equatorial Energia,4,Data Scientist,6000,6000,6000,34
Udacity,4,Data Scientist,10000,11000,11000,27
Grupo SBF,3.6,Data Scientist,16000,17000,17000,36
Javary Games,4.6,Data Scientist,11000,12000,11000,0
CBA Sementes,4.5,Data Scientist,5000,5000,5000,0
Raid Hut,4.5,Data Scientist,3000,3000,3000,0
JQuant,4,Data Scientist,8000,8000,8000,0
CWS Platform,4,Data Scientist,4000,4000,4000,0
Institutos SENAI de Inovação,4.3,Data Scientist,2000,2000,2000,0
Instituto Metrópole Digital (IMD),4.3,Data Scientist,3000,3000,3000,0
CNPq,4.3,Data Scientist,2000,2000,2000,0
Honda,4,Data Scientist,6000,6000,6000,2
Secretária de Saúde do Estado do Ceará,3.8,Data Scientist,4000,5000,4000,0
Universidade Tecnológica Federal do Paraná (UTFPR),4.6,Data Scientist,958,1000,1000,0
Nex2me,4.7,Data Scientist,960,1000,995,0
Kognita LAB,4.2,Data Scientist,2000,2000,2000,0
Universidade de São Paulo (USP),4.4,Data Scientist,10000,11000,10000,0
Zenklub,3.7,Data Scientist,3000,3000,3000,0
Universidade Federal do Ceará (UFC),4.4,Data Scientist,668,726,697,0
KPMG,3.7,Data Scientist,23000,25000,24000,15
Grupo Petrópolis,4,Data Scientist,5000,5000,5000,887
Oracle,3.7,Data Scientist,10000,11000,11000,2
Youse Seguros,3.8,Data Scientist,15000,16000,15000,7
Fundação Getulio Vargas,3.9,Data Scientist,2000,2000,2000,0
"Realize Crédito, Financiamento e Investimento",4,Data Scientist,5000,5000,5000,8
SENAI-SP,4.1,Data Scientist,11000,11000,11000,14
Aquarela Advanced Analytics,4.3,Data Scientist,2000,2000,2000,1
Advanced Test Equipment Rentals,3.2,Data Scientist,392000,426000,409000,17
Parrot Analytics,4.2,Data Scientist,9000,9000,9000,1
DataCare,3.7,Data Scientist,767,835,801,0
Unimed - Belo Horizonte,4.1,Data Scientist,16000,17000,16000,0
Prefeitura da Cidade do Rio de Janeiro,3.9,Data Scientist,9000,10000,10000,0
Fundação Zerrenner,4.1,Data Scientist,11000,12000,12000,0
Keyrus,4,Data Scientist,3000,3000,3000,176
GRUPO CARREFOUR BRASIL,3.7,Data Scientist,45000,49000,47000,7
Setup,3,Data Scientist,3000,3000,3000,0
Netshoes,4.2,Data Scientist,174000,188000,181000,0
Trebi Generalconsult,3.7,Data Scientist,96000,104000,100000,0
Universidade Estadual de Campinas (UNICAMP),4.6,Data Scientist,2000,2000,2000,0
Grupo Euro 17 crédito,3.8,Data Scientist,12000,13000,13000,0
BRF,3.8,Data Scientist,95000,105000,100000,417
IFX,3.8,Data Scientist,12000,13000,13000,0
Menlo Pagamentos,2.4,Data Scientist,14000,15000,14000,0
Somar Meteorologia,3.7,Data Scientist,6000,7000,6000,0
Órion Assessoria Imobiliária,4.3,Data Scientist,11000,12000,12000,0
Universidade Virtual do Estado de São Paulo ( UNIVESP),4.5,Data Scientist,3000,3000,3000,0
Banco do Brasil,4.3,Data Scientist,15000,17000,16000,0
ONS Operador Nacional do Sistema Elétrico,4.5,Data Scientist,12000,13000,13000,1
Brasileiros em Cancún,5,Data Scientist,3000,3000,3000,0
IBM,3.9,Data Scientist,2000,2000,2000,65
Geotree,-0.10000000149011612,Data Scientist,193000,210000,201000,0
Cilia,4.2,Data Scientist,4000,5000,5000,0
Universidade Estadual Paulista (UNESP),4.6,Data Scientist,2000,2000,2000,0
Volvo Group,4.2,Data Scientist,14000,15000,14000,686
Junto Seguros,3.6,Data Scientist,20000,21000,21000,10
wDiscovery Soluções em Informática,4.5,Data Scientist,17,19,18,0
Zen Farma,5,Data Scientist,5000,5000,5000,0
Santander Tecnologia e Inovação,4.2,Data Scientist,7000,7000,7000,0
Pontifícia Universidade Católica de São Paulo (PUC-SP),4.1,Data Scientist,5000,5000,5000,30
BLESS,4,Data Scientist,771,839,805,7
Prefeitura do Recife,4.2,Data Scientist,7000,7000,7000,0
Delta Air Lines,4.2,Data Scientist,28000,30000,29000,157
Argus Information & Advisory Services,3.8,Data Scientist,5000,5000,5000,5
Contraflow Strategies,3.8,Data Scientist,14000,15000,15000,0
Elanco,4,Data Scientist,2000,3000,3000,250
TIM BRASIL,4.1,Data Scientist,52000,57000,54000,206
Honeywell,4.1,Data Scientist,10000,10000,10000,2
DAZN,2.9,Data Scientist,15000,16000,15000,94
Trading com Dados,-0.10000000149011612,Data Scientist,67000,72000,70000,0
Dadosfera,3.4,Data Scientist,3000,3000,3000,7
Stocci,3.9,Data Scientist,8000,8000,8000,6
Martins,4,Data Scientist,6000,6000,6000,1
RankMyAPP,3.5,Data Scientist,4000,4000,4000,12
First Student,3.8,Data Scientist,10000,10000,10000,974
Erathos,3.7,Data Scientist,5000,5000,5000,0
SENAI,4.2,Data Scientist,8000,9000,8000,13
Instituto Federal do Rio Grande do Sul (IFRS),4.3,Data Scientist,4000,4000,4000,0
CargoX,3.7,Data Scientist,2000,2000,2000,0
Moss Earth,4,Data Scientist,12000,14000,13000,0
D-Plan One,5,Data Scientist,12000,13000,13000,0
ForLogic,3.6,Data Scientist,2000,2000,2000,0
Freelancer,4.2,Data Scientist,2000,2000,2000,34
Tecnisys Tecnologias Inovadoras,4.1,Data Scientist,5000,5000,5000,0
Cogna,4,Data Scientist,9000,10000,10000,670
Sodecia,3.1,Data Scientist,4000,4000,4000,2
MINT,3.8,Data Scientist,15000,16000,15000,0
Aspen Pharmacare,3.5,Data Scientist,6000,6000,6000,1
Vanerven Solution,3.5,Data Scientist,4000,4000,4000,0
Sem Processo,3.4,Data Scientist,2000,3000,3000,0
Megit,3,Data Scientist,6000,6000,6000,0
yHub,4.2,Data Scientist,9000,10000,10000,0
Denso Ten Solutions,3.4,Data Scientist,2000,2000,2000,104
Lenovo,3.9,Data Scientist,7000,8000,8000,864
Prefeitura Municipal de Bertioga,4.5,Data Scientist,4000,5000,4000,0
Agibank,4,Data Scientist,5000,5000,5000,248
Instituto do Coração (Incor) do Hospital das Clínicas da FMUSP,3.7,Data Scientist,2000,2000,2000,0
Prefeitura Municipal de Bauru,3.9,Data Scientist,2000,2000,2000,0
V.tal,3.4,Data Scientist,12000,13000,13000,0
Arcotech,3.9,Data Scientist,8000,9000,8000,0
Centro de Gestão e Estudos Estratégicos (CGEE),4.3,Data Scientist,3000,4000,4000,0
Galena,4.2,Data Scientist,8000,8000,8000,0
Relevo (Brazil),4.6,Data Scientist,3000,3000,3000,8
Serviço Nacional de Aprendizagem Comercial,4.3,Data Scientist,10000,10000,10000,23
Cartão Elo,4,Data Scientist,10000,11000,11000,12
Martins,4,Data Scientist,5000,6000,6000,1
Robô Laura,3.8,Data Scientist,6000,6000,6000,0
Vsoft,4.7,Data Scientist,57,62,60,5
Globant,3.8,Data Scientist,8000,9000,9000,240
Centro de Estudos e Sistemas Avançados do Recife - C.E.S.A.R,4.2,Data Scientist,3000,3000,3000,11
Omni Financeira,4.3,Data Scientist,14000,16000,15000,0
PUC Minas,4.4,Data Scientist,861,927,894,0
Wellhub,4.2,Data Scientist,10000,11000,10000,38
MJV Tecnologia e Inovação,3.9,Data Scientist,173000,187000,180000,49
GE Renewable Energy,4.2,Data Scientist,2000,2000,2000,27
Santander,3.8,Data Scientist,8000,8000,8000,1
Pag!,4.1,Data Scientist,10000,10000,10000,0
NielsenIQ,3.8,Data Scientist,2000,2000,2000,532
Sauter,3.8,Data Scientist,2000,2000,2000,59
Clinicorp,3.4,Data Scientist,3000,4000,4000,17
Fundunesp,3.8,Data Scientist,8000,8000,8000,0
Samsung Eletrônica da Amazônia LTDA,4,Data Scientist,10000,11000,11000,1
Allianz,3.9,Data Scientist,186000,204000,195000,435
Yara,4,Data Scientist,24000,26000,25000,80
Yara,4,Data Scientist,24000,26000,25000,80
Yamaha,3.6,Data Scientist,8000,8000,8000,107
Presidência da República,4.6,Data Scientist,1000,1000,1000,0
Colégio Isaac Newton,5,Data Scientist,3000,3000,3000,0
NielsenIQ,3.8,Data Scientist,5000,6000,6000,532
Hand Talk,3.8,Data Scientist,890,972,931,0
Zé Delivery,3.7,Data Scientist,12000,13000,12000,0
Praso,3.9,Data Scientist,14000,15000,15000,0
Kaka på kaka,-0.10000000149011612,Data Scientist,3000,3000,3000,0
Enacom,3.1,Data Scientist,5000,5000,5000,0
Contentools,4.4,Data Scientist,4000,4000,4000,0
Deloitte,3.8,Data Scientist,10000,10000,10000,23
iSystems,4.2,Data Scientist,19000,21000,20000,0
Centro de Estudos e Sistemas Avançados do Recife - C.E.S.A.R,4.2,Data Scientist,1000,1000,1000,11
Ouribank,3.6,Data Scientist,19000,21000,20000,10
Profimetrics,3.9,Data Scientist,96000,105000,100000,0
Sonda,3.7,Data Scientist,3000,3000,3000,22
BrandLoyalty,3.9,Data Scientist,10000,10000,10000,0
JRS,3.8,Data Scientist,3000,4000,4000,0
Lopes Consultoria de Imóveis,4,Data Scientist,11000,12000,12000,6
Atacadão,3.6,Data Scientist,964,1000,999,207
Quanto,4.1,Data Scientist,9000,10000,9000,0
Finch Soluções,3.9,Data Scientist,7000,7000,7000,0
Centro Brasileiro de Pesquisas Físicas,4.5,Data Scientist,7000,8000,8000,0
Robô Laura,3.8,Data Scientist,3000,3000,3000,0
A.C.Camargo Cancer Center,4.2,Data Scientist,11000,11000,11000,0
Instituto de Proteção Ambiental do Estado do Amazonas (IPAAM),4,Data Scientist,763,827,795,0
Sonda Procwork,4.1,Data Scientist,14000,16000,15000,0
AZ Tecnologia em Gestão,4.1,Data Scientist,4000,4000,4000,0
Instituto de Pesquisa Planejamento Urbano de Curitiba (IPPUC),4.1,Data Scientist,13000,14000,14000,0
Hebrom,2.8,Data Scientist,3000,4000,4000,0
SEEK,4,Data Scientist,20000,21000,20000,0
Aquarela Advanced Analytics,4.3,Data Scientist,4000,4000,4000,1
Agrosmart,4,Data Scientist,5000,6000,5000,0
Clube Atlético Mineiro,4.1,Data Scientist,14000,16000,15000,9
Argus Media,3.9,Data Scientist,11000,11000,11000,32
AnimalVet,3.5,Data Scientist,7000,7000,7000,0
Grupo Amil,4,Data Scientist,11000,12000,12000,139
Faculty of Medicine of the University of São Paulo,3.9,Data Scientist,1000,1000,1000,0
Ação Social do Paraná (ASP),2.8,Data Scientist,4000,4000,4000,3
Bravi Software,4.2,Data Scientist,5000,5000,5000,8
Volvo do Brasil Ltda,4.5,Data Scientist,15000,16000,16000,0
VIRTUS (Brazil),4.5,Data Scientist,7000,8000,8000,0
Kognita LAB,4.2,Data Scientist,10000,10000,10000,0
Portocred,4.4,Data Scientist,10000,10000,10000,0
Andritz,3.8,Data Scientist,6000,6000,6000,496
Br Concretos,-0.10000000149011612,Data Scientist,4000,4000,4000,0
Carrefour,3.7,Data Scientist,13000,14000,14000,3
Zenklub,3.7,Data Scientist,10000,10000,10000,0
Grupo GCB,4.2,Data Scientist,8000,9000,8000,0
Space Time Labs,5,Data Scientist,10000,10000,10000,13
MSX International,3.4,Data Scientist,10000,12000,11000,223
Contabilizei,3.8,Data Scientist,14000,16000,15000,57
Câmara dos Deputados,4.4,Data Scientist,5000,5000,5000,0
Enforce Community,3.2,Data Scientist,11000,12000,12000,0
MeteoIA,4.2,Data Scientist,6000,6000,6000,0
Banco Bari,3.7,Data Scientist,10000,10000,10000,0
Neomove,4.3,Data Scientist,4000,5000,4000,0
Avenue Code,3.4,Data Scientist,10000,11000,10000,0
Revelo,3.9,Data Scientist,5000,6000,6000,0
Liderança Capitalização,3.1,Data Scientist,5000,5000,5000,6
Centauro Loja de Esporte,3.8,Data Scientist,7000,7000,7000,294
MORRIS ADJMI ARCHITECTS,3.3,Data Scientist,1000,2000,2000,0
Instanteaser,4,Data Scientist,6000,6000,6000,0
WMcCann,3.6,Data Scientist,5000,5000,5000,0
Raízen,3.9,Data Scientist,12000,13000,12000,487
NAVA Technology for Business,4.2,Data Scientist,12000,12000,12000,6
IESA,2.6,Data Scientist,8000,8000,8000,0
Instituto Tecnológico Vale,4.4,Data Scientist,7000,7000,7000,0
Fundação Instituto de Pesquisas Econômicas (FIPE),4.3,Data Scientist,12000,12000,12000,0
Caixa Econômica Federal,4.4,Data Scientist,6000,6000,6000,0
"Ministério da Ciência, Tecnologia e Inovação",3.8,Data Scientist,19000,21000,20000,0
Mutant,3.6,Data Scientist,10000,10000,10000,26
BemAgro,4.5,Data Scientist,6000,6000,6000,0
Linx,3.8,Data Scientist,4000,5000,5000,19
Renault Group,3.9,Data Scientist,3000,3000,3000,309
Produtora Power,2.8,Data Scientist,2000,2000,2000,0
Toyota South,2.7,Data Scientist,3000,3000,3000,0
Bradesco Seguros,4.1,Data Scientist,9000,9000,9000,0
Accenture,3.7,Data Scientist,43,47,45,49
Visagio,4.2,Data Scientist,19000,21000,20000,11
Adiante Recebíveis,3.6,Data Scientist,6000,6000,6000,0
Orange Business,4,Data Scientist,6000,6000,6000,317
Letras,4.4,Data Scientist,11000,11000,11000,1
CSG,3.7,Data Scientist,6000,6000,6000,88
We Mind Marketing Digital,1,Data Scientist,5000,5000,5000,0
Analitica Soluções Inovadoras,3.4,Data Scientist,53,57,55,0
Novo Nordisk,4.2,Data Scientist,4000,5000,5000,214
Schaeffler,3.8,Data Scientist,7000,7000,7000,321
Embraer,4.3,Data Scientist,14000,15000,15000,76
IBM,3.9,Data Scientist,87000,94000,90000,65
Rock Encantech,2.9,Data Scientist,5000,5000,5000,0
Exército Brasileiro,4.2,Data Scientist,4000,4000,4000,3
Pix Force,3.9,Data Scientist,76000,83000,80000,5
Predictus,5,Data Scientist,75000,80000,78000,0
UNDP,4,Data Scientist,14000,16000,15000,53
Central Ailos,4,Data Scientist,9000,9000,9000,13
Mau Nenhum Açaí e Doceria,4.3,Data Scientist,2000,2000,2000,0
Universidade Federal de São João del-Rei (UFSJ),4.3,Data Scientist,3000,3000,3000,12
RenovaBR,3.1,Data Scientist,3000,3000,3000,0
Eletrosom,3.5,Data Scientist,5000,5000,5000,0
Anlix,4.4,Data Scientist,48000,52000,50000,0
inDrive,3.8,Data Scientist,16000,18000,17000,83
banQi,3.7,Data Scientist,9000,9000,9000,2
Samsung India Electronics,3.6,Data Scientist,12000,13000,13000,0
Beemon Tecnologia,3.6,Data Scientist,7000,7000,7000,1
Lett,4.1,Data Scientist,9000,10000,9000,0
Hotmart,4.1,Data Scientist,6000,7000,7000,10
iFood,4.2,Data Scientist,11000,11000,11000,65
Vixtra,3.9,Data Scientist,9000,10000,10000,0
Newnet Internet Banda Larga,5,Data Scientist,5000,5000,5000,0
Instituto Federal de Minas Gerais (IFMG),4.5,Data Scientist,116000,125000,120000,0
Maio Marketing,4.2,Data Scientist,3000,3000,3000,0
Itaú Unibanco (Itaú BBA e Rede),4.4,Data Scientist,8000,8000,8000,255
Mobi2Buy,3.9,Data Scientist,5000,5000,5000,0
Mars,4.3,Data Scientist,9000,9000,9000,851
LSD,4.6,Data Scientist,4000,4000,4000,0
DB,4.5,Data Scientist,67,73,70,0
Insider Store,3.8,Data Scientist,11000,12000,12000,0
Grupo JCPM,4.1,Data Scientist,7000,7000,7000,1
RHITMO Tech,4.3,Data Scientist,5000,5000,5000,0
TESTE,4,Data Scientist,16000,17000,16000,0
Loggi,3.8,Data Scientist,15000,16000,15000,57
Fourge,4.8,Data Scientist,3000,3000,3000,0
Flex,3.8,Data Scientist,6000,6000,6000,780
Motorola Mobility,4.2,Data Scientist,12000,13000,12000,3
FLOKI Technologies,3.5,Data Scientist,16000,18000,17000,0
e-Core,4.5,Data Scientist,4000,4000,4000,13
Defensoria Pública BA,4.7,Data Scientist,4000,5000,4000,0
SergipeTec,3.9,Data Scientist,2000,2000,2000,0
Stone,4.1,Data Scientist,11000,12000,11000,68
Blue Yonder,3.7,Data Scientist,6000,6000,6000,114
SENAI,4.2,Data Scientist,38,41,40,13
Mandaê,4.3,Data Scientist,18000,19000,18000,0
Cogna,4,Data Scientist,2000,2000,2000,670
Melhor Envio,3.9,Data Scientist,6000,6000,6000,0
Sommerville Kids Klub,4,Data Scientist,95000,104000,100000,0
Beblue,3.3,Data Scientist,8000,9000,9000,0
Al Fahim,4,Data Scientist,77000,83000,80000,11
Triggo Labs,3.8,Data Scientist,8000,8000,8000,0
Atlas Intelligence,4,Data Scientist,5000,6000,5000,0
GoShare,3.4,Data Scientist,96,105,100,0
Awari,4.7,Data Scientist,92000,101000,96000,0
Trackage,3.6,Data Scientist,4000,5000,4000,0
Genesis Data Culture,5,Data Scientist,2000,2000,2000,4
Julius Baer,4.1,Data Scientist,54000,58000,56000,92
Minds,4.3,Data Scientist,6000,7000,7000,1
ShelfPix,4.6,Data Scientist,6000,6000,6000,0
LXQ Consultoria,-0.10000000149011612,Data Scientist,7000,7000,7000,0
SBK Business process outsourcing,3.2,Data Scientist,12000,12000,12000,0
Edge (Brazil),4.7,Data Scientist,6000,7000,7000,0
Espallargas Gonzalez & Sampaio,4.3,Data Scientist,7000,7000,7000,0
BRQ,4.1,Data Scientist,10000,10000,10000,0
Hospital Albert Einstein,4.5,Data Scientist,12000,12000,12000,0
Darwin Seguros,3.7,Data Scientist,3000,4000,3000,9
Transfero,3.6,Data Scientist,9000,10000,9000,9
Ipiranga,4,Data Scientist,6000,7000,6000,35
Minerva Foods,3.7,Data Scientist,13000,14000,13000,93
Banco do Nordeste do Brasil,4.5,Data Scientist,15000,16000,15000,0
Yuca (Brazil),3.6,Data Scientist,2000,2000,2000,0
InovaMind,3.5,Data Scientist,7000,7000,7000,0
Tarken,4.7,Data Scientist,8000,9000,8000,0
Siemens,4.5,Data Scientist,4000,4000,4000,5
Secretaria da Fazenda do Estado de Mato Grosso (SEFAZ-MT),4.6,Data Scientist,5000,6000,6000,0
Electrolux,4.3,Data Scientist,6000,6000,6000,112
Griaule,4,Data Scientist,12000,14000,13000,0
Universidade Federal de Goiás (UFG),4.5,Data Scientist,6000,6000,6000,0
Flex Contact Center,3.2,Data Scientist,14000,15000,15000,0
SPC Brasil,4.4,Data Scientist,14000,15000,14000,3
Data Machina,4.3,Data Scientist,4000,4000,4000,0
JGP,4.2,Data Scientist,951,1000,996,0
Kinea Investimentos,4.5,Data Scientist,9000,9000,9000,0
RNP,4,Data Scientist,7000,8000,8000,0
"Service, Access & Management",3.6,Data Scientist,961,1000,1000,27
IOB,4.2,Data Scientist,11000,11000,11000,0
Tango.Tech,4.4,Data Scientist,7000,8000,8000,0
Klabin,4,Data Scientist,3000,4000,3000,91
Sam's Club,3.3,Data Scientist,11000,12000,11000,9
Big Data Brasil,4.2,Data Scientist,2000,2000,2000,0
Wipro,3.6,Data Scientist,115000,126000,120000,4
TC,3.6,Data Scientist,7000,7000,7000,9
Universidade Federal de Alfenas (UNIFAL),4.5,Data Scientist,11000,12000,12000,0
INDT,4.4,Data Scientist,6000,7000,6000,14
Farol Santander,3.7,Data Scientist,2000,3000,3000,0
M.A Transportes,5,Data Scientist,1000,1000,1000,0
Fintech Magalu,4,Data Scientist,11000,13000,12000,0
Governo do Estado do Paraná,4.1,Data Scientist,2000,3000,2000,0
Indicium,4.5,Data Scientist,7000,8000,8000,10
Mercedes-Benz International,3.7,Data Scientist,1000,2000,2000,35
American Auto-Matrix,5,Data Scientist,2000,3000,2000,0
OK Estudante,4.5,Data Scientist,2000,2000,2000,0
Street Zoom,-0.10000000149011612,Data Scientist,3000,3000,3000,0
iCarros,3.8,Data Scientist,6000,6000,6000,0
Programmer's - Beyond IT,4.5,Data Scientist,2000,3000,2000,14
Volvo Group,4.2,Data Scientist,2000,2000,2000,686
Grupo Casas Bahia,3.8,Data Scientist,17000,18000,18000,307
DigiFarmz,2.7,Data Scientist,6000,7000,7000,0
Frete.com,3.1,Data Scientist,9000,9000,9000,0
NPS Prism,3.7,Data Scientist,20000,21000,20000,4
Semantix,2.8,Data Scientist,3000,4000,3000,38
Direcional Engenharia,3.6,Data Scientist,8000,8000,8000,14
Quaest Consultoria e Pesquisa,4.3,Data Scientist,8000,8000,8000,0
Vagas Tecnologia,3.2,Data Scientist,14000,16000,15000,5
Samsung SDS,3.2,Data Scientist,12000,14000,13000,10
FLOW Executive Finders,3.5,Data Scientist,57000,63000,60000,0
Prodigious,3.7,Data Scientist,3000,3000,3000,0
Interagente,5,Data Scientist,12000,13000,12000,0
Engineering,3.5,Data Scientist,8000,8000,8000,0
FiTec,4.4,Data Scientist,6000,6000,6000,8
Caterpillar,4,Data Scientist,138000,152000,145000,724
Engineering,3.5,Data Scientist,3000,4000,3000,0
Lexter.Ai,5,Data Scientist,14000,15000,14000,0
Atos,3.7,Data Scientist,5000,6000,6000,0
Brainy Resolution,5,Data Scientist,5000,6000,5000,0
C6 Bank,4.2,Data Scientist,6000,6000,6000,11
Inventa,3.7,Data Scientist,14000,16000,15000,0
Exército Brasileiro,4.2,Data Scientist,2000,2000,2000,3
Four Seasons,3.9,Data Scientist,46000,50000,48000,2
Pluxee,3.9,Data Scientist,14000,15000,15000,136
Intelipost,3.3,Data Scientist,46000,50000,48000,9
Bradesco,4.1,Data Scientist,15000,16000,15000,0
Nielsen,3.2,Data Scientist,29000,31000,30000,102
Koredata,4.7,Data Scientist,3000,4000,4000,0
Nubank,4.4,Data Scientist,2000,2000,2000,13
Robert Bosch,4.2,Data Scientist,48000,52000,50000,27
Olist,4,Data Scientist,5000,5000,5000,0
Technická Univerzita v Liberci,4.2,Data Scientist,4000,4000,4000,8
Autonomo,4.4,Data Scientist,2000,2000,2000,0
IES (Brazil),3.6,Data Scientist,10000,11000,11000,0
Bio Brasil Construtora,5,Data Scientist,6000,6000,6000,0
Nuage (Brazil),3.9,Data Scientist,4000,4000,4000,0
LinkedIn,4,Data Scientist,9000,9000,9000,4
Eduqo,4.3,Data Science,14000,15000,14000,0
Grupo Educacional ETAPA,3.2,Data Science,2000,2000,2000,23
Meta IT,3.9,Data Science,5000,5000,5000,159
Atlântico,4.5,Data Science,1000,1000,1000,0
Rocketmat,4.7,Data Science,7000,7000,7000,0
SEBRAE,4.3,Data Science,4000,4000,4000,0
Hekima,4.3,Data Science,1000,1000,1000,0
Scala Systems,5,Data Science,14000,15000,14000,0
Argus (Brazil),2.9,Data Science,9000,10000,10000,0
Cadastra,3.7,Data Science,2000,2000,2000,47
Bayer,4.2,Data Science,15000,16000,15000,643
ioasys,4.1,Data Science,7000,8000,7000,0
Bayer,4.2,Data Science,8000,9000,9000,643
Yandeh,3.5,Data Science,5000,5000,5000,12
Indicium,4.5,Data Science,6000,6000,6000,10
Drumwave,4.6,Data Science,13000,14000,14000,0
Datafy,4.1,Data Science,67000,73000,70000,5
Liv Up,4.4,Data Science,15000,16000,15000,20
Agência BP2,4,Data Science,2000,2000,2000,0
Grupo Rima Industrial,3.7,Data Science,3000,3000,3000,0
Santander,3.8,Data Science,2000,2000,2000,1
Quero Ser Vertem,3.3,Data Science,63,68,65,0
V.tal,3.4,Data Science,3000,4000,3000,0
VTEX,4,Data Science,2000,3000,2000,4
goFlux,4.1,Data Science,10000,11000,11000,0
americanas s.a.,3.6,Data Science,1000,2000,2000,270
CTI Renato Archer,3.8,Data Science,3000,3000,3000,0
Dexian,3.6,Data Science,8000,9000,8000,128
Banco Carrefour,4.1,Data Science,9000,10000,9000,0
Universidade de São Paulo (USP),4.4,Data Science,1000,1000,1000,0
OAB de Bolso,4.5,Data Science,958,1000,1000,0
Innovate,4.2,Data Science,8000,8000,8000,2
Globant,3.8,Data Science,11000,12000,12000,240
Monks,3.4,Data Science,3000,3000,3000,9
BRLink,4,Data Science,9000,9000,9000,0
Instituto de Pesquisas ELDORADO,4.4,Data Science,2000,2000,2000,5
PUC Rio,4.5,Data Science,7000,7000,7000,0
CBRE,3.9,Data Science,5000,5000,5000,5
Grupo Amil,4,Data Science,15000,16000,15000,139
Observatório Nacional,4.3,Data Science,6000,6000,6000,0
Extractta,4.5,Data Science,20000,22000,21000,0
SAS,4,Data Science,2000,2000,2000,103
dsm-firmenich,3.8,Data Science,2000,2000,2000,424
Globo,4.2,Data Science,5000,5000,5000,2
Coisas da Tati,5,Data Science,96000,104000,100000,0
Corebiz,4,Data Science,4000,4000,4000,1
TOTVS,4.2,Data Science,19000,21000,20000,259
Compesa,4,Data Science,5000,5000,5000,0
Kalyst (Brazil),4,Data Science,3000,3000,3000,0
Atacadão,3.6,Data Science,6000,6000,6000,207
QuintoAndar,3.9,Data Science,6000,6000,6000,56
QDOIS,4.6,Data Science,956,1000,1000,0
Zoly,3.2,Data Science,4000,4000,4000,0
Minerva Foods,3.7,Data Science,2000,2000,2000,93
Adianta,3.8,Data Science,2000,2000,2000,0
Globo,4.2,Data Science,1000,2000,2000,2
Universidade Estadual Paulista (UNESP),4.6,Data Science,7000,7000,7000,0
B.C. Council of Film,4.3,Data Science,19000,21000,20000,0
Meu Tudo,3.4,Data Science,968,1000,1000,0
Dotz,3.6,Data Science,2000,2000,2000,12
Magazine Luiza,4.2,Data Science,9000,9000,9000,2
FIT - Instituto de Tecnologia,3.6,Data Scientist I,9000,10000,9000,0
Inter,3.4,Data Scientist I,8000,9000,8000,0
Banco Itaú,4.3,Data Scientist I,11000,12000,11000,0
LexisNexis Risk Solutions,4.1,Data Scientist I,8000,8000,8000,214
McKinsey & Company,4.1,Data Scientist I,14000,16000,15000,595
Bradesco,4.1,Data Scientist I,8000,8000,8000,0
Magazine Luiza,4.2,Cientistas de dados,8000,8000,8000,2
Centro de Inteligencia Territorial,5,Cientistas de dados,3000,3000,3000,0
Suzano,4.4,Cientistas de dados,14000,15000,14000,51
CENTRO DE OPERAÇÕES RIO,3.9,Cientistas de dados,7000,8000,7000,0
Zayon Tech,5,Cientistas de dados,5000,5000,5000,0
Hospital Israelita Albert Einstein,4.4,Cientistas de dados,12000,12000,12000,153
SiDi,4.3,Cientistas de dados,2000,2000,2000,14
Frete.com,3.1,Cientistas de dados,10000,10000,10000,0
iFood,4.2,Cientistas de dados,14000,16000,15000,65
Cinnecta,4.6,Cientistas de dados,5000,5000,5000,0
Itaú Unibanco (Itaú BBA e Rede),4.4,Cientistas de dados,12000,13000,13000,255
Unimed Blumenau,4.2,Cientistas de dados,7000,8000,7000,0
Atacadão Dia a Dia,3.4,Cientista de dado,4000,5000,4000,0
COPPEAD UFRJ,3.9,Cientista dados,3000,3000,3000,0
act digital,3.5,Senior Data Scientist,10000,10000,10000,72
Programmer's - Beyond IT,4.5,Senior Data Scientist,14000,15000,14000,14
Halliburton,3.8,Senior Data Scientist,17000,19000,18000,357
Signifyd,4,Senior Data Scientist,24000,26000,25000,3
Luizalabs,4.4,Senior Data Scientist,17000,18000,17000,0
Magazine Luiza,4.2,Senior Data Scientist,15000,17000,16000,2
Bradesco,4.1,Senior Data Scientist,15000,16000,15000,0
Peapply,4.5,Senior Data Scientist,17000,19000,18000,0
CAST,4.2,Senior Data Scientist,12000,13000,12000,0
Agibank,4,Senior Data Scientist,6000,6000,6000,248
Winnin,3.8,Senior Data Scientist,6000,7000,7000,0
Oncase,4.2,Senior Data Scientist,11000,12000,11000,0
Whirlpool,3.6,Senior Data Scientist,10000,10000,10000,0
Compass Uol,3.8,Senior Data Scientist,17000,19000,18000,57
Lett,4.1,Senior Data Scientist,12000,14000,13000,0
Ubiminds,4.2,Senior Data Scientist,15000,16000,15000,0
Dasa,3.5,Senior Data Scientist,68,73,70,323
Fundação Getulio Vargas,3.9,Senior Data Scientist,9000,10000,9000,0
Oliver Wyman,4.1,Senior Data Scientist,21000,23000,22000,86
Memed,3.7,Senior Data Scientist,16000,18000,17000,0
Elo7,3.6,Senior Data Scientist,16000,18000,17000,0
The HEINEKEN Company,4.4,Senior Data Scientist,14000,15000,14000,1
Traive,3.6,Senior Data Scientist,20000,22000,21000,0
Oi,3.8,Senior Data Scientist,8000,9000,8000,6
Legiti,4.7,Senior Data Scientist,14000,15000,15000,0
Latú Seguros,3.6,Senior Data Scientist,15000,17000,16000,0
idwall,4,Senior Data Scientist,11000,12000,11000,13
99,4,Senior Data Scientist,14000,15000,14000,0
Suzano,4.4,Senior Data Scientist,15000,17000,16000,51
Senai Paraná,3.6,Senior Data Scientist,9000,9000,9000,0
Samsung Electronics,3.7,Senior Data Scientist,12000,14000,13000,626
PUC Rio,4.5,Senior Data Scientist,14000,15000,14000,0
Tata Consultancy Services,3.6,Senior Data Scientist,11000,12000,12000,267
RankMyAPP,3.5,Senior Data Scientist,9000,9000,9000,12
Signifyd,4,Senior Data Scientist,22000,24000,23000,3
Portocred,4.4,Senior Data Scientist,107000,116000,111000,0
Indra,3.8,Senior Data Scientist,10000,10000,10000,0
Mosaico,3.6,Senior Data Scientist,14000,16000,15000,0
Monks,3.4,Senior Data Scientist,6000,6000,6000,9
First Decision Tecnologias Inovadoras,4.2,Senior Data Scientist,18000,20000,19000,4
SIDI,4.2,Senior Data Scientist,12000,12000,12000,0
DataRain Consulting,4.4,Senior Data Scientist,11000,12000,12000,0
EloGroup,4.2,Senior Data Scientist,15000,16000,15000,3
Carrefour,3.7,Senior Data Scientist,15000,16000,15000,3
LOFT,3.7,Senior Data Scientist,18000,19000,19000,927
UDS Tecnologia,4.1,Senior Data Scientist,189000,206000,197000,67
Atento (Brazil),3.5,Senior Data Scientist,11000,13000,12000,15
UME,3.9,Senior Data Scientist,15000,17000,16000,0
James Delivery,3.9,Senior Data Scientist,7000,7000,7000,0
Petlove,3.9,Senior Data Scientist,9000,10000,10000,220
KPMG,3.7,Senior Data Scientist,7000,7000,7000,15
Oracle,3.7,Senior Data Scientist,24000,26000,25000,2
Argus Media,3.9,Senior Data Scientist,14000,15000,14000,32
QuantumBlack,3.9,Senior Data Scientist,31000,34000,33000,0
Cielo,4,Senior Data Scientist,10000,10000,10000,176
Alice,3.7,Senior Data Scientist,24000,26000,25000,0
Localiza&Co,4.2,Senior Data Scientist,13000,14000,14000,863
TransUnion,4.4,Senior Data Scientist,12000,13000,13000,187
Propz,4.2,Senior Data Scientist,7000,8000,8000,0
Yandeh,3.5,Senior Data Scientist,9000,9000,9000,12
Peers Consulting + Technology,4.5,Senior Data Scientist,128000,140000,134000,0
Inmetrics,3.9,Senior Data Scientist,5000,5000,5000,0
LogComex,4.2,Senior Data Scientist,10000,11000,10000,33
Quanto,4.1,Senior Data Scientist,15000,17000,16000,0
Philips,3.8,Senior Data Scientist,16000,18000,17000,832
ADVISIA Analytics,4.6,Senior Data Scientist,13000,14000,14000,0
Minu,3.8,Senior Data Scientist,9000,9000,9000,0
Mercado Libre,4.1,Senior Data Scientist,17000,19000,18000,75
BigDataCorp,4.2,Senior Data Scientist,12000,12000,12000,2
Brainiall,1,Senior Data Scientist,13000,14000,14000,0
americanas s.a.,3.6,Senior Data Scientist,9000,10000,9000,270
Swap (Brazil),3.6,Senior Data Scientist,12000,13000,13000,0
GetNinjas,2.6,Senior Data Scientist,13000,15000,14000,0
Robert Bosch,4.2,Senior Data Scientist,13000,14000,14000,27
XP Inc.,4.1,Senior Data Scientist,20000,21000,21000,32
Ericsson-Worldwide,4,Senior Data Scientist,19000,20000,20000,1
Quod (Brazil),3.6,Senior Data Scientist,11000,11000,11000,15
CI&T,4.1,Senior Data Scientist,11000,12000,12000,287
Tractian,4,Senior Data Scientist,16000,18000,17000,0
Didi Chuxing,4,Senior Data Scientist,16000,17000,16000,338
Ambev,4.3,Senior Data Scientist,11000,12000,11000,217
Shell,4,Senior Data Scientist,12000,12000,12000,592
Creditas,4.1,Senior Data Scientist,7000,7000,7000,20
Open Co,3.8,Senior Data Scientist,10000,10000,10000,3
NTT DATA,3.8,Senior Data Scientist,15000,16000,16000,4
Unilever,4.1,Senior Data Scientist,17000,19000,18000,472
TIM BRASIL,4.1,Senior Data Scientist,7000,8000,7000,206
Capgemini,3.8,Senior Data Scientist,14000,15000,14000,4
BlueShift Brasil,4.1,Senior Data Scientist,15000,17000,16000,0
Axur. Digital Risk Protection,4.5,Senior Data Scientist,10000,10000,10000,3
Rocketmat,4.7,Senior Data Scientist,10000,10000,10000,0
Noverde,4,Senior Data Scientist,172000,188000,180000,1
BIP,3.9,Senior Data Scientist,17000,19000,18000,433
Bradesco Seguros,4.1,Senior Data Scientist,11000,12000,12000,0
Intera Talent Hacking,3.4,Senior Data Scientist,14000,15000,15000,0
UOL,4.1,Senior Data Scientist,17000,19000,18000,6
NPS Prism,3.7,Senior Data Scientist,23000,25000,24000,4
SEEK,4,Senior Data Scientist,13000,14000,14000,0
dti digital,4.3,Senior Data Scientist,8000,9000,8000,0
epharma,4.2,Senior Data Scientist,11000,12000,12000,0
ArcelorMittal,4.3,Senior Data Scientist,20000,22000,21000,687
Inventa (Brazil),3.4,Senior Data Scientist,19000,20000,19000,0
Unimed,4.1,Senior Data Scientist,13000,15000,14000,409
Blend IT,4.3,Senior Data Scientist,77,85,81,0
Gesto Saúde e Tecnologia,4,Senior Data Scientist,81000,88000,84000,1
Banco Next,3.9,Senior Data Scientist,16000,17000,17000,0
Shape,3.8,Senior Data Scientist,20000,22000,21000,0
Brainial,5,Senior Data Scientist,11000,12000,12000,0
Grupo OLX,4.1,Senior Data Scientist,13000,14000,13000,12
Juvo,3.3,Senior Data Scientist,17000,19000,18000,2
GPA,3.6,Senior Data Scientist,12000,13000,12000,2
DataRisk,4.2,Senior Data Scientist,12000,13000,12000,1
Marlabs,3.4,Senior Data Scientist,15000,16000,15000,1
DataRisk,4.2,Senior Data Scientist,11000,13000,12000,1
Bayer,4.2,Senior Data Scientist,17000,18000,18000,643
SporeData,-0.10000000149011612,Senior Data Scientist,10000,11000,10000,0
Petlove,3.9,Senior Data Scientist,11000,12000,11000,220
Cielo,3.8,Senior Data Scientist,14000,15000,14000,66
4Solution Group,4,Senior Data Scientist,10000,10000,10000,21
Afterverse,3.7,Senior Data Scientist,21000,23000,22000,0
Tech Mahindra,3.5,Senior Data Scientist,172000,188000,180000,443
BNP Paribas Personal Finance,4,Senior Data Scientist,11000,12000,12000,0
Climatempo Meteorologia,3.4,Senior Data Scientist,8000,8000,8000,0
RD Station,4,Senior Data Scientist,13000,14000,13000,18
FALCONI,3.6,Senior Data Scientist,14000,16000,15000,5
SENAI CIMATEC,4.3,Senior Data Scientist,6000,6000,6000,0
Meta IT,3.9,Senior Data Scientist,11000,12000,11000,159
Ford Motor Company,4,Senior Data Scientist,9000,9000,9000,823
Instituto Iracema,3,Senior Data Scientist,5000,6000,5000,0
Banco Bradesco,4.1,Senior Data Scientist,16000,18000,17000,278
WMcCann,3.6,Senior Data Scientist,10000,11000,11000,0
isaac (Brazil),3.7,Senior Data Scientist,231000,248000,240000,0
TOTVS,4.2,Senior Data Scientist,8000,9000,9000,259
Gerdau,4.1,Senior Data Scientist,17000,19000,18000,160
CUBOCC,4.1,Senior Data Scientist,4000,5000,5000,0
Novelis,3.6,Senior Data Scientist,13000,14000,14000,122
Stone,4.1,Senior Data Scientist,17000,19000,18000,68
Olist,4,Senior Data Scientist,17000,19000,18000,0
Ambev Tech,4.2,Senior Data Scientist,14000,15000,14000,36
Uber,3.8,Senior Data Scientist,16000,17000,16000,5
"CloudWalk, Inc.",4.4,Senior Data Scientist,20000,22000,21000,0
Horus Its,4,Senior Data Scientist,8000,8000,8000,0
Cogna,4,Senior Data Scientist,14000,16000,15000,670
unico,3.8,Senior Data Scientist,14000,16000,15000,9
Vivo (Telefônica Brasil),4.4,Senior Data Scientist,10000,11000,10000,559
Myntelligence,3.6,Senior Data Scientist,18000,19000,18000,0
TC,3.6,Senior Data Scientist,20000,21000,21000,9
Uncover (Brazil),3.8,Senior Data Scientist,14000,14000,14000,0
Santander Tecnologia e Inovação,4.2,Senior Data Scientist,10000,10000,10000,0
G&P Projetos e Sistemas,4,Senior Data Scientist,17000,19000,18000,3
Kumulus,3.9,Senior Data Scientist,10000,10000,10000,7
Tractian,4,Senior Data Scientist,9000,9000,9000,0
Lendico,3.7,Senior Data Scientist,11000,12000,12000,0
Myntelligence,3.6,Senior Data Scientist,13000,15000,14000,0
Kavak,3.4,Senior Data Scientist,11000,12000,12000,78
Saint-Gobain,4,Senior Data Scientist,9000,9000,9000,224
BairesDev,4.1,Senior Data Scientist,28000,31000,29000,1
Fanatee,4.1,Senior Data Scientist,12000,13000,12000,0
Nestlé,4.3,Senior Data Scientist,17000,18000,17000,909
NDA,4.2,Senior Data Scientist,2000,2000,2000,0
Loggi,3.8,Senior Data Scientist,13000,14000,14000,57
Stix Fidelidade e Inteligencia,4.3,Senior Data Scientist,15000,16000,16000,0
Multiplan Empreendimentos,4.2,Senior Data Scientist,17000,19000,18000,0
Zallpy Digital,4.4,Senior Data Scientist,16000,18000,17000,54
QuintoAndar,3.9,Senior Data Scientist,34000,36000,35000,56
Mindsight (Brazil),3.9,Senior Data Scientist,9000,9000,9000,0
Lima Consulting Group,3.5,Senior Data Scientist,18000,20000,19000,9
DigiFarmz,2.7,Senior Data Scientist,8000,8000,8000,0
StoneX,3.7,Senior Data Scientist,16000,18000,17000,145
Dell Technologies,3.8,Senior Data Scientist,11000,11000,11000,327
UNDP,4,Senior Data Scientist,17000,18000,17000,53
Letsbank,3.9,Senior Data Scientist,139000,149000,144000,2
Amaris Consulting,3.5,Senior Data Scientist,14000,16000,15000,1
AVEVA,3.9,Senior Data Scientist,16000,17000,16000,133
Anima Educação,3.8,Senior Data Scientist,23000,24000,24000,5
Oncase,4.2,Data Science Intern,6000,6000,6000,0
Moises,4.6,Data Science Intern,2000,2000,2000,0
Universidade Federal do Rio Grande do Sul (UFRS),4.4,Data Science Intern,3000,3000,3000,0
MBOCHIP,4.6,Data Science Intern,2000,2000,2000,0
FortBrasil,4.3,Data Science Intern,0,0,0,0
Nubank,4.4,Data Science Intern,2000,2000,2000,13
Ilumeo,3.5,Data Science Intern,7000,7000,7000,0
Clube de Regatas do Flamengo,4.2,Data Science Intern,761,833,797,0
TEVEC,4.1,Data Science Intern,2000,2000,2000,0
MBOCHIP,4.6,Data Science Intern,2000,2000,2000,0
Tribunal de Justiça do Estado do Rio Grande do Norte (TJRN),4.6,Data Science Intern,1000,2000,1000,0
DOCK,3.5,Data Science Intern,1000,2000,1000,12
Braskem,4.3,Data Science Intern,3000,3000,3000,1
Experian,4.3,Data Science Intern,1000,2000,1000,748
Nubank,4.4,Data Science Intern,3000,3000,3000,13
Universidade Estadual Paulista (UNESP),4.6,Data Science Intern,961,1000,999,0
LG Electronics,3.5,Data Science Intern,2000,2000,2000,46
Big Data Brasil,4.2,Data Science Intern,2000,2000,2000,0
Cubico Sustainable Investments,4.1,Junior Data Scientist,6000,6000,6000,0
isaac (Brazil),3.7,Junior Data Scientist,9000,9000,9000,0
AMARO,3.6,Junior Data Scientist,5000,6000,6000,0
C6 Bank,4.2,Junior Data Scientist,6000,7000,6000,11
Marketdata,3.9,Junior Data Scientist,4000,5000,5000,8
Analytics2Go,3.7,Junior Data Scientist,4000,5000,4000,0
AMS,3.7,Junior Data Scientist,6000,6000,6000,99
PwC,3.7,Junior Data Scientist,4000,4000,4000,21
BTG Pactual,3.8,Junior Data Scientist,11000,11000,11000,15
Vixtra,3.9,Junior Data Scientist,7000,7000,7000,0
Big Data Brasil,4.2,Junior Data Scientist,6000,6000,6000,0
A de Agro,4.5,Junior Data Scientist,6000,6000,6000,0
Senior Sistemas,4.1,Junior Data Scientist,10000,11000,10000,180
Artefact,4.1,Junior Data Scientist,6000,6000,6000,27
Chico Elétro Instaladora,4,Junior Data Scientist,2000,2000,2000,0
Domino's,3.4,Junior Data Scientist,10000,10000,10000,37
Oncase,4.2,Junior Data Scientist,2000,2000,2000,0
Plantebem,4.4,Junior Data Scientist,5000,5000,5000,0
DigiFarmz,2.7,Junior Data Scientist,6000,7000,7000,0
Mutual (Brazil),4,Junior Data Scientist,3000,3000,3000,0
Instituto de Pesquisas ELDORADO,4.4,Junior Data Scientist,6000,7000,6000,5
Vert Solucoes em TI,3.7,Junior Data Scientist,4000,4000,4000,1
Zenklub,3.7,Junior Data Scientist,3000,4000,3000,0
Neon Pagamentos,3.7,Junior Data Scientist,6000,6000,6000,9
Corpo de Bombeiros Militar do Estado do Rio de Janeiro,4.5,Junior Data Scientist,9000,9000,9000,0
Merck KGaA,3.9,Junior Data Scientist,6000,6000,6000,1
Involves,3.9,Junior Data Scientist,7000,7000,7000,2
Freelancer,4.2,Junior Data Scientist,7000,7000,7000,34
XP Inc.,4.1,Junior Data Scientist,7000,8000,8000,32
Samsung Electronics America,3.3,Junior Data Scientist,6000,6000,6000,4
Accenture,3.7,Junior Data Scientist,2000,2000,2000,49
KeyCash,2.7,Junior Data Scientist,5000,6000,6000,0
XP Inc.,4.1,Junior Data Scientist,115000,126000,120000,32
Anota AI,3.3,Junior Data Scientist,4000,5000,5000,5
Ford Motor Company,4,Junior Data Scientist,7000,7000,7000,824
Cellere,4.2,Junior Data Scientist,3000,4000,3000,0
LOFT,3.7,Junior Data Scientist,6000,7000,6000,927
McKinsey & Company,4.1,Junior Data Scientist,10000,10000,10000,595
Indicium,4.5,Junior Data Scientist,4000,5000,4000,10
Kyndryl,3.7,Junior Data Scientist,6000,7000,7000,1
EY,3.7,Junior Data Scientist,4000,5000,5000,12
Dotz,3.6,Junior Data Scientist,6000,6000,6000,12
Inmetrics,3.9,Junior Data Scientist,4000,4000,4000,0
Intelia,4,Junior Data Scientist,3000,3000,3000,0
BlueShift Brasil,4.1,Junior Data Scientist,4000,4000,4000,0
Mundiale,3.8,Junior Data Scientist,3000,4000,3000,3
Indicium,4.5,Junior Data Scientist,5000,6000,5000,10
Macfor Marketing,3.6,Junior Data Scientist,3000,3000,3000,0
Uber,3.8,Junior Data Scientist,11000,13000,12000,5
Grupo 3778,3.5,Junior Data Scientist,4000,5000,4000,1
Santander,3.8,Junior Data Scientist,5000,6000,6000,1
iFood,4.2,Junior Data Scientist,4000,5000,5000,65
QuintoAndar,3.9,Junior Data Scientist,6000,7000,7000,56
Accenture,3.7,Junior Data Scientist,6000,6000,6000,49
Di2win,4,Junior Data Scientist,2000,3000,2000,0
Samsung Electronics,3.7,Junior Data Scientist,6000,7000,7000,626
TOTVS,4.2,Junior Data Scientist,6000,7000,6000,259
Technium,3.1,Data Scientist Intern,3000,3000,3000,1
Laboratório de Computação de Alto Desempenho,5,Data Scientist Intern,665,734,700,0
IBM,3.9,Data Scientist Intern,2000,2000,2000,65
Zenklub,3.7,Data Scientist Intern,4000,4000,4000,0
B2w Digital,3.8,Data Scientist Intern,2000,2000,2000,0
FlexSim Brasil,5,Data Scientist Intern,1000,2000,2000,0
BTG Pactual,3.8,Data Scientist Intern,3000,3000,3000,15
Nubank,4.4,Data Scientist Intern,3000,3000,3000,13
Monks,3.4,Data Scientist Intern,2000,2000,2000,9
iFood,4.2,Data Scientist Intern,2000,3000,3000,65
FieldPRO,3.8,Data Scientist Intern,3000,3000,3000,0
SENAI SC,4.5,Data Scientist Intern,4000,5000,4000,4
4intelligence,3.7,Data Scientist Intern,2000,2000,2000,0
Dafiti,3.6,Data Scientist Intern,2000,2000,2000,12
Accenture,3.7,Data Scientist Intern,2000,2000,2000,49
HP Inc.,4,Data Scientist Intern,2000,3000,2000,162
ADP,3.8,Data Scientist Intern,2000,3000,3000,2
Boston Consulting Group,4.2,Data Scientist Intern,4000,4000,4000,1
Big Data Brasil,4.2,Data Scientist Intern,13000,15000,14000,0
TELUS Digital,3.5,Data Scientist Intern,2000,2000,2000,1
Moises,4.6,Data Scientist Intern,2000,2000,2000,0
Laboratório Lais,4.2,Data Scientist Intern,2000,2000,2000,0
Zoox Smart Data,4.3,Data Scientist Intern,956,1000,998,0
Newfoundland Capital Management,4.4,Data Scientist Intern,7000,8000,7000,0
V-Lab UFPE,4,Data Scientist Intern,2000,2000,2000,0
Grupo Globo,4.1,Lead Data Scientist,17000,18000,17000,1
Instituto de Pesquisas ELDORADO,4.4,Lead Data Scientist,14000,15000,15000,5
Trustly,3.9,Lead Data Scientist,13000,15000,14000,27
Boston Consulting Group,4.2,Lead Data Scientist,36000,39000,37000,1
Adiante Recebíveis,3.6,Lead Data Scientist,11000,11000,11000,0
Big Data Brasil,4.2,Lead Data Scientist,10000,10000,10000,0
Volvo Group,4.2,Lead Data Scientist,17000,18000,18000,686
TIM BRASIL,4.1,Lead Data Scientist,13000,15000,14000,206
Creditas,4.1,Lead Data Scientist,16000,17000,16000,20
Wildlife Studios,4,Lead Data Scientist,24000,26000,25000,1
Nestlé,4.3,Lead Data Scientist,15000,16000,16000,909
ADP,3.8,Lead Data Scientist,20000,22000,21000,2
XP Inc.,4.1,Lead Data Scientist,616000,664000,640000,32
BTG Pactual,3.8,Lead Data Scientist,24000,26000,25000,15
Grupo Amil,4,Lead Data Scientist,13000,14000,13000,139
Ambev Tech,4.2,Lead Data Scientist,20000,22000,21000,36
Bain & Company,4.3,Lead Data Scientist,27000,29000,28000,215
Kyndryl,3.7,Lead Data Scientist,10000,10000,10000,1
Neon Pagamentos,3.7,Lead Data Scientist,17000,19000,18000,9
Banco Itaú,4.3,Lead Data Scientist,28000,30000,29000,0
Softplan,4.2,Lead Data Scientist,16000,17000,16000,36
Experian,4.3,Lead Data Scientist,15000,17000,16000,748
Grupo Boticário,4.3,Lead Data Scientist,16000,17000,16000,253
Rappi,3.6,Lead Data Scientist,19000,21000,20000,0
match.mt,4.1,Lead Data Scientist,10000,10000,10000,4
Banco Modal,3.9,Lead Data Scientist,12000,14000,13000,0
Santander,3.8,Lead Data Scientist,23000,25000,24000,1
Rapicare,5,Lead Data Scientist,15000,17000,16000,0
Cinnecta,4.6,Lead Data Scientist,15000,16000,15000,0
FALCONI,3.6,Lead Data Scientist,12000,14000,13000,5
Raízen,3.9,Lead Data Scientist,24000,26000,25000,487
Dasa,3.5,Lead Data Scientist,17000,18000,17000,323
Centro de Estudos e Sistemas Avançados do Recife - C.E.S.A.R,4.2,Lead Data Scientist,18000,20000,19000,11
Porto,4.4,Lead Data Scientist,26000,29000,28000,124
SulAmérica,3.7,Lead Data Scientist,13000,15000,14000,0
Gupy,4.1,Lead Data Scientist,9000,9000,9000,9
IBM,3.9,Associate Data Scientist,4000,4000,4000,65
Amazon Web Services,3.7,Associate Data Scientist,11000,13000,12000,5
Cielo,4,Data Science Manager,20000,21000,21000,176
Serasa,3.9,Data Science Manager,434000,465000,450000,31
Pernod Ricard,4.1,Data Science Manager,18000,19000,18000,163
Trustly,3.9,Data Science Manager,19000,21000,20000,27
Alt.Bank,3.9,Data Science Manager,18000,20000,19000,1
Centro de Estudos e Sistemas Avançados do Recife - C.E.S.A.R,4.2,Data Science Manager,19000,21000,20000,11
Kenlo,2.8,Data Science Manager,19000,21000,20000,5
Banco PAN,3.8,Data Science Manager,28000,30000,29000,11
Ambev Tech,4.2,Data Science Manager,20000,22000,21000,36
Anima Educação,3.8,Data Science Manager,25000,26000,26000,5
JH Bryant,5,Data Science Manager,14000,16000,15000,0
Accenture,3.7,Data Science Manager,14000,15000,15000,49
Empresa confidencial,3.8,Data Science Manager,19000,21000,20000,23
Agibank,4,Data Science Manager,16000,18000,17000,248
Stone,4.1,Data Science Manager,34000,36000,35000,68
Whirlpool Corporation,3.7,Data Science Manager,193000,209000,201000,141
Dasa,3.5,Data Science Manager,21000,23000,22000,323
Nestlé,4.3,Data Science Manager,29000,31000,30000,909
Fundação de Desenvolvimento Científico e Cultural (Fundecc),3.3,Data Science Manager,12000,13000,12000,2
Experian,4.3,Data Science Manager,18000,20000,19000,748
Grupo OLX,4.1,Data Science Manager,15000,16000,15000,12
Neon Pagamentos,3.7,Data Science Manager,24000,26000,25000,9
americanas s.a.,3.6,Data Science Manager,19000,21000,20000,270
Unilever,4.1,Data Science Manager,16000,17000,16000,472
CI&T,4.1,Data Science Manager,14000,16000,15000,287
Banco Safra,3.6,Data Science Manager,26000,29000,27000,0
Mars,4.3,Data Science Manager,328000,353000,340000,851
IBM,3.9,Data Science Manager,13000,14000,13000,65
Open Co,3.8,Data Science Manager,24000,26000,25000,3
Roche,4.2,Data Analyst/Data Scientist,4000,4000,4000,899
Inter,3.4,Data Analyst/Data Scientist,7000,7000,7000,0
CI&T,4.1,Data Analyst/Data Scientist,11000,12000,12000,287
Adiante Recebíveis,3.6,Data Analyst/Data Scientist,3000,3000,3000,0
Instituto Estadual do Ambiente,3.5,Data Analyst/Data Scientist,3000,3000,3000,0
Ambev Tech,4.2,Data Analyst/Data Scientist,9000,9000,9000,36
Banco Bradesco,4.1,Data Analyst/Data Scientist,10000,11000,10000,278
dti digital,4.3,Data Analyst/Data Scientist,8000,9000,9000,0
Superdigital,3.2,Data Analyst/Data Scientist,9000,9000,9000,1
Sidia,3.7,Data Analyst/Data Scientist,10000,11000,11000,22
Grupo SBF,3.6,Data Analyst/Data Scientist,17000,18000,17000,36
Kyndryl,3.7,Data Analyst/Data Scientist,11000,12000,11000,1
VUP Gestão de Sofware e Projetos,4.2,Data Analyst/Data Scientist,5000,5000,5000,0
Momento Sabor,-0.10000000149011612,Data Analyst/Data Scientist,3000,4000,3000,0
Accenture,3.7,Data Analyst/Data Scientist,37000,40000,38000,49
Instituto de Pesquisas ELDORADO,4.4,Data Analyst/Data Scientist,8000,8000,8000,5
SumUp,3.5,Data Science Analyst,10000,10000,10000,143
Tupy,3.9,Data Science Analyst,6000,7000,6000,19
VTEX,4,Data Science Analyst,8000,8000,8000,4
Stemag Engenharia e Construção,3.7,Data Science Analyst,4000,4000,4000,0
Eurochem,3.6,Data Science Analyst,11000,12000,12000,0
IBOPE DTM,3.5,Data Science Analyst,5000,6000,6000,0
Atlas Technologies (Brazil),4.1,Data Science Analyst,7000,7000,7000,0
Yandeh,3.5,Data Science Analyst,10000,10000,10000,12
Bronze Metal Indústria e Comércio,-0.10000000149011612,Data Science Analyst,21000,23000,22000,0
Grupo MRV,3.8,Data Science Analyst,5000,5000,5000,336
IBM,3.9,Data Science Analyst,4000,5000,4000,65
Livraria Cultura,2.9,Data Science Analyst,3000,3000,3000,5
banco BV,4.4,Data Science Analyst,7000,7000,7000,42
Proposta Engenharia Ambiental,4.5,Data Science Analyst,1000,1000,1000,0
Qexpert Consultoria,4.9,Data Science Analyst,17000,18000,18000,0
Accenture,3.7,Data Science Analyst,2000,2000,2000,49
Stepwise,4.3,Data Science Analyst,2000,2000,2000,0
Oba Hortifruti,4,Data Science Analyst,2000,3000,2000,510
Itaú Unibanco (Itaú BBA e Rede),4.4,Data Science Analyst,12000,13000,12000,255
Jacto Agrícola,4,Data Science Analyst,3000,4000,4000,13
Pin People,4.6,Data Science Analyst,5000,5000,5000,2
The Nature Conservancy,4,Data Science Analyst,7000,7000,7000,39
Quantum Tecnología,3,Data Science Analyst,2000,2000,2000,0
Mercado Livre,4.2,Data Science Analyst,106000,115000,110000,503
Banco BBM,4.2,Data Science Analyst,11000,12000,12000,0
CIAL Dun & Bradstreet,3.9,Data Science Analyst,10000,10000,10000,23
4intelligence,3.7,Data Science Analyst,4000,4000,4000,0
Anima Educação,3.8,Data Science Analyst,10000,11000,11000,5
Management Solutions,3.8,Data Science Consultant,3000,3000,3000,123
LXQ Consultoria,-0.10000000149011612,Data Science Consultant,11000,12000,12000,0
Sensoteq,5,Data Science Consultant,24,26,25,0
BIX Tecnologia,4.2,Data Science Consultant,9000,10000,9000,0
Dell Technologies,3.8,Data Science Consultant,5000,5000,5000,327
Amaris Consulting,3.5,Data Science Consultant,14000,16000,15000,1
Experian,4.3,Data Science Consultant,16000,18000,17000,748
DP6,4.3,Data Science Consultant,5000,5000,5000,7
Logicalis,3.9,Data Science Consultant,16000,18000,17000,309
SulAmérica,3.7,Data Science Consultant,19000,20000,20000,0
Universidade Federal de Campina Grande (UFCG),4.5,Data Science Consultant,5000,6000,5000,0
Santander,3.8,Data Science Consultant,470000,509000,489000,1
Localiza&Co,4.2,Data Science Consultant,22000,23000,23000,863
BEES Bank,3.6,Data Science Consultant,229000,248000,238000,0
Avenue Code,3.4,Data Science Consultant,193000,207000,200000,0
IBM,3.9,Data Science Consultant,34000,38000,36000,65
Banco Carrefour,4.1,Data Science Consultant,19000,21000,20000,0
Garimpo chique,-0.10000000149011612,Data Science Consultant,3000,3000,3000,0
Raia Drogasil,3.4,Data Scientist II,10000,11000,11000,2
SAP Concur,3.9,Data Scientist II,228000,248000,238000,2
Big Data Brasil,4.2,Data Scientist II,7000,7000,7000,0
Localiza&Co,4.2,Data Scientist II,10000,11000,11000,863
Hotmart,4.1,Data Scientist II,11000,12000,11000,10
Bradesco,4.1,Data Scientist II,11000,12000,11000,0
Uber,3.8,Data Scientist II,26000,28000,27000,5
Amazon,3.6,Data Scientist II,19000,21000,20000,25
Cold Stone Creamery,3.8,Data Scientist II,5000,6000,5000,110
HP Inc.,4,Data Scientist II,106000,114000,110000,162
Creditas,4.1,Data Scientist II,9000,10000,10000,20
Santander,3.8,Data Scientist II,11000,12000,12000,1
Signifyd,4,Data Scientist II,17000,19000,18000,3
Agibank,4,Data Scientist II,4000,4000,4000,248
Martins,4,Data Scientist II,9000,10000,9000,1
BRLink,4,Data Scientist II,6000,7000,7000,0
QuantumBlack,3.9,Data Scientist II,250000,272000,261000,0
HP Inc.,4,Principal Data Scientist,42000,45000,43000,162
Muchmore Digital,4.2,Cientista De Dados Júnior,6000,6000,6000,0
Mecanica Fornasier,-0.10000000149011612,Cientista De Dados Júnior,2000,2000,2000,0
POSSIBLE,3.8,Cientista De Dados Júnior,2000,2000,2000,778
FACIT,3.8,Cientista De Dados Júnior,9000,9000,9000,0
Trade Technology,3.9,Cientista De Dados Júnior,3000,3000,3000,0
Flyk Participacoes,4,Cientista De Dados Júnior,1000,1000,1000,0
Pöyry Tecnologia,4.4,Cientista De Dados Júnior,3000,3000,3000,0
AZ Tecnologia em Gestão,4.1,Cientista De Dados Júnior,0,0,0,0
Xcommerce,-0.10000000149011612,Cientista De Dados Júnior,2000,2000,2000,0
Grupo 3corações,4.1,Cientista De Dados Júnior,14000,16000,15000,105
Hpe Automotores do Brasil,4.1,Cientista De Dados Júnior,3000,4000,4000,0
Universidade Federal de Viçosa (UFV),4.7,Cientista De Dados Júnior,1000,2000,2000,0
DOMVS iT,3.9,Cientista De Dados Júnior,5000,6000,6000,1
Multiplan Empreendimentos,4.2,Cientista De Dados Júnior,7000,7000,7000,0
Procter & Gamble,4.1,Cientista De Dados Júnior,2000,2000,2000,674
Universidade Estadual Paulista (UNESP),4.6,Cientista De Dados Júnior,2000,2000,2000,0
Michelin,4,Cientista De Dados Júnior,6000,6000,6000,512
Kumulus,3.9,Cientista De Dados Júnior,4000,4000,4000,7
Bradesco Seguros,4.1,Cientista De Dados Júnior,1000,1000,1000,0
DM,4.3,Cientista De Dados Júnior,3000,4000,4000,26
4 All Tecnologia,4,Cientista De Dados Júnior,3000,3000,3000,0
Dataside,4.4,Cientista De Dados Júnior,4000,4000,4000,0
JPS Construções,-0.10000000149011612,Cientista De Dados Júnior,2000,3000,3000,0
Lagos Data Intelligence,-0.10000000149011612,Cientista De Dados Júnior,1000,1000,1000,0
Quero Educação,3.8,Cientista De Dados Júnior,4000,4000,4000,30
ValeCard,3.7,Cientista De Dados Júnior,6000,6000,6000,28
Qualicorp,3.6,Cientista De Dados Júnior,11000,12000,11000,0
LogComex,4.2,Cientista De Dados Júnior,4000,5000,4000,33
SESI-SP,4.1,Cientista De Dados Júnior,5000,5000,5000,2
Risknow,4.4,Cientista De Dados Júnior,5000,6000,6000,0
Faculdade de Medicina Veterinária e Zootecnia (FMVZ),3.8,Cientista De Dados Júnior,1000,2000,1000,0
Furnas,4.6,Cientista De Dados Júnior,23000,25000,24000,0
Neurotech,4.4,Cientista De Dados Júnior,4000,4000,4000,7
Alice,3.7,Cientista De Dados Júnior,6000,6000,6000,0
Banco Bmg,4,Cientista De Dados Júnior,8000,8000,8000,25
iCarros,3.8,Cientista De Dados Júnior,6000,6000,6000,0
Prefeitura de Joinville,4.4,Cientista De Dados Júnior,2000,3000,3000,0
americanas s.a.,3.6,Cientista De Dados Júnior,4000,4000,4000,270
Engineering,3.5,Cientista De Dados Júnior,9000,10000,9000,0
Neomove,4.3,Cientista De Dados Júnior,4000,4000,4000,0
TradeUp Group,2,Cientista De Dados Júnior,6000,7000,6000,0
TELUS Digital,3.5,Cientista De Dados Júnior,8000,8000,8000,1
CR3 Compliance & Results,4,Cientista De Dados Júnior,4000,4000,4000,0
MetLife,3.8,Cientista De Dados Júnior,5000,5000,5000,360
mobit,3.9,Cientista De Dados Júnior,4000,5000,4000,11
Crisdu Moda Íntima,3.8,Cientista De Dados Júnior,2000,3000,3000,20
SpecLab,5,Cientista De Dados Júnior,3000,3000,3000,0
Trybe (Brazil),4,Cientista De Dados Júnior,5000,5000,5000,0
CAPES,4,Cientista De Dados Júnior,3000,3000,3000,0
Setor Público,4.2,Cientista De Dados Júnior,3000,3000,3000,0
EBANX,3.8,Cientista De Dados Júnior,3000,3000,3000,0
Gerdau,4.1,Cientista De Dados Júnior,8000,8000,8000,160
Raízen,3.9,Cientista De Dados Júnior,5000,5000,5000,487
GFT Technologies,4.3,Cientista De Dados Júnior,3000,4000,3000,201
WebGlobal,3.7,Cientista De Dados Júnior,4000,5000,4000,0
Oper,4.4,Cientista De Dados Júnior,10000,11000,11000,1
Aeronautica,4.5,Cientista De Dados Júnior,5000,5000,5000,121
Banco Bari,3.7,Cientista De Dados Júnior,4000,5000,5000,0
Intelbras,4.2,Cientista De Dados Júnior,5000,5000,5000,39
Universidade Presbiteriana Mackenzie,4.2,Cientista De Dados Júnior,2000,2000,2000,3
Gauge (Brazil),3.6,Cientista De Dados Júnior,4000,5000,5000,1
Sanar,3.8,Cientista De Dados Júnior,2000,2000,2000,0
Argo Solutions,4,Cientista De Dados Júnior,71000,77000,74000,0
Cielo,4,Cientista De Dados Júnior,6000,7000,7000,176
Globo,4.2,Cientista De Dados Júnior,5000,5000,5000,2
XP Inc.,4.1,Cientista De Dados Júnior,5000,6000,6000,32
Freelancer,4.2,Cientista De Dados Júnior,4000,5000,5000,34
"Instituto Federal de Educação, Ciência e Tecnologia do Maranhão",4.3,Cientista De Dados Júnior,12000,13000,12000,0
CargoX,3.7,Cientista De Dados Júnior,7000,7000,7000,0
Dadosfera,3.4,Cientista De Dados Júnior,3000,3000,3000,7
Colégio Patrícia Costa,3,Cientista De Dados Júnior,4000,4000,4000,0
First Student,3.8,Cientista De Dados Júnior,3000,3000,3000,965
Digital Anarchy,-0.10000000149011612,Cientista De Dados Júnior,4000,4000,4000,0
Universidade Federal de Santa Catarina (UFSC),4.4,Cientista De Dados Júnior,3000,3000,3000,0
GE,4.1,Cientista De Dados Júnior,2000,2000,2000,27
Softmarketing,3.1,Cientista De Dados Júnior,2000,3000,3000,7
bUP Hotels,3.1,Cientista De Dados Júnior,1000,1000,1000,14
Ada Tech,3.6,Cientista De Dados Júnior,6000,6000,6000,0
Tribunal de Justiça do Estado de Goiás (TJGO),4.6,Cientista De Dados Júnior,2000,2000,2000,0
"Realize Crédito, Financiamento e Investimento",4,Cientista De Dados Júnior,4000,5000,4000,8
Ba Eletrica,4,Cientista De Dados Júnior,6000,7000,6000,0
Nota Registrada,3.9,Cientista De Dados Júnior,4000,4000,4000,0
Minu,3.8,Cientista De Dados Júnior,3000,4000,3000,0
Mogai,3.7,Cientista De Dados Júnior,3000,3000,3000,3
Coodesh,4.3,Cientista De Dados Júnior,2000,3000,3000,0
Finch Soluções,3.9,Cientista De Dados Júnior,5000,5000,5000,0
TCU,4.4,Cientista De Dados Júnior,3000,3000,3000,57
Rio Analytics,4.9,Cientista De Dados Júnior,4000,5000,4000,0
SESI-SP,4.1,Cientista De Dados Júnior,1000,1000,1000,2
Big Data Brasil,4.2,Cientista De Dados Júnior,6000,7000,6000,0
PowerOfData,4.7,Cientista De Dados Júnior,6000,6000,6000,0
Fácil Espaider,4.3,Cientista De Dados Júnior,5000,6000,6000,0
Calçados Beira Rio,3.7,Cientista De Dados Júnior,7000,8000,7000,0
Macy's,3.4,Cientista De Dados Júnior,3000,3000,3000,3
Mindsight (Brazil),3.9,Cientista De Dados Júnior,4000,5000,4000,0
Ademicon,4.1,Cientista De Dados Júnior,48000,52000,50000,61
Efiankey,2.8,Cientista De Dados Júnior,8000,9000,9000,0
Ministério Público Federal (MPF),4.3,Cientista De Dados Júnior,76000,83000,80000,0
Petrobras,4.5,Cientista De Dados Júnior,19000,21000,20000,434
Presidência da República,4.6,Cientista De Dados Júnior,2000,2000,2000,0
Hospital Israelita Albert Einstein,4.4,Cientista De Dados Júnior,5000,5000,5000,153
Santo Caos,4.6,Cientista De Dados Júnior,3000,3000,3000,0
Braspag,3.8,Cientista De Dados Júnior,6000,6000,6000,0
Rock Encantech,2.9,Cientista De Dados Júnior,4000,4000,4000,0
NESS (Brazil),3.7,Cientista De Dados Júnior,2000,3000,2000,1
IBM,3.9,Cientista De Dados Júnior,2000,2000,2000,65
Dom Rock,2.9,Cientista De Dados Júnior,2000,3000,2000,0
Stone & Co.,3.9,Cientista De Dados Júnior,4000,4000,4000,0
NeoGrid,3.5,Cientista De Dados Júnior,6000,6000,6000,0
Helly Hansen,3.6,Cientista De Dados Júnior,7,7,7,12
Casa & Video,3.3,Cientista De Dados Júnior,4000,4000,4000,20
Omni Financeira,4.3,Cientista De Dados Júnior,4000,4000,4000,0
Dell Technologies,3.8,Cientista De Dados Júnior,4000,4000,4000,327
Casa & Video,3.3,Cientista De Dados Júnior,3000,4000,4000,20
Ministério Público do Estado de São Paulo (MPSP),4.2,Cientista De Dados Júnior,7000,7000,7000,0
Murabei,5,Cientista De Dados Júnior,4000,5000,5000,0
Prefeitura de Fortaleza,4.2,Cientista De Dados Júnior,963,1000,1000,0
Companhia Própria,4.6,Cientista De Dados Júnior,5000,5000,5000,0
Seedz,2.7,Cientista De Dados Júnior,7000,7000,7000,0
Beluz Comércio de Materiais de Construção,4.2,Cientista De Dados Júnior,1000,1000,1000,0
Coppetec,4.4,Cientista De Dados Júnior,4000,4000,4000,0
Trackage,3.6,Cientista De Dados Júnior,3000,4000,3000,0
Dom Rock,2.9,Cientista De Dados Júnior,3000,4000,3000,0
Dom Rock,2.9,Cientista De Dados Júnior,3000,4000,3000,0
Partido Social Democrático,1,Cientista De Dados Júnior,10000,10000,10000,0
"Realize Crédito, Financiamento e Investimento",4,Cientista De Dados Júnior,4000,5000,4000,8
Shell,4,Cientista De Dados Júnior,7000,7000,7000,592
Restaurante KOJÓ,5,Cientista De Dados Júnior,4000,4000,4000,0
Supermercados Nordestão,4.1,Cientista De Dados Júnior,1000,1000,1000,43
Universidade Federal do Rio Grande do Norte (UFRN),4.4,Cientista De Dados Júnior,2000,2000,2000,0
Bit Capital,4.4,Cientista De Dados Júnior,7000,8000,8000,0
Serviço de Apoio em Reabilitação Funcional Integrada,4,Cientista De Dados Júnior,4000,4000,4000,0
Bip Brasil,4.2,Cientista De Dados Júnior,8000,8000,8000,0
Instituto Dom Bosco,4.6,Cientista De Dados Júnior,4000,4000,4000,0
GLOBAL HITSS,3.9,Cientista De Dados Júnior,7000,8000,7000,138
Secretaria Municipal de Saúde de Florianópolis,4.3,Cientista De Dados Júnior,762,824,793,0
UFMG - Universidade Federal de Minas Gerais,4.5,Cientista De Dados Júnior,4000,4000,4000,0
Pisco,3.2,Cientista De Dados Júnior,7000,7000,7000,0
Soko (Brazil),4,Cientista De Dados Júnior,4000,5000,4000,0
Sociedade Comercial e Importadora Hermes,4.6,Cientista De Dados Júnior,7000,7000,7000,0
Bolsista CNPQ Mestrado Ufsc,4.3,Cientista De Dados Júnior,1000,2000,1000,0
UniCarioca - Centro Universitário,2.6,Cientista De Dados Júnior,2000,2000,2000,0
Atlas Technologies (Brazil),4.1,Cientista De Dados Júnior,6000,6000,6000,0
Along,4.6,Cientista De Dados Júnior,3000,3000,3000,0
Faros Private Investimento,2,Cientista De Dados Júnior,4000,5000,5000,0
Universidade Federal do Paraná (UFPR),4.2,Cientista De Dados Júnior,2000,2000,2000,0
FAPESP,4.6,Cientista De Dados Júnior,3000,4000,3000,0
Prevent Sênior,4.2,Cientista De Dados Júnior,5000,5000,5000,0
Miles Capital,4.3,Cientista De Dados Júnior,5000,5000,5000,0
Tribunal de Contas do Estado do Rio Grande do Norte,4.1,Cientista De Dados Júnior,2000,2000,2000,0
Banco Bradesco,4.1,Cientista De Dados Júnior,3000,4000,3000,271
Bwtech,3.7,Cientista De Dados Júnior,4000,5000,5000,4
digio,3.7,Cientista De Dados Júnior,4000,4000,4000,22
Icarros Itaú,3.5,Cientista De Dados Júnior,7000,7000,7000,0
Ink Norte,5,Cientista De Dados Júnior,3000,3000,3000,0
ClearSale,4.7,Cientista De Dados Júnior,5000,6000,5000,0
Casa do Ar,2,Cientista De Dados Júnior,2000,3000,3000,0
ContaAzul,3.8,Cientista De Dados Júnior,4000,4000,4000,16
Hagens Marketing,3.3,Cientista De Dados Júnior,2000,3000,2000,0
Grupo Sifra (Brazil),4.3,Cientista De Dados Júnior,5000,6000,5000,0
Mau Nenhum Açaí e Doceria,4.3,Cientista De Dados Júnior,4000,4000,4000,0
InfoPrice,3.6,Cientista De Dados Júnior,4000,4000,4000,0
Secretaria do Estado da Saúde de Alagoas,4.2,Cientista De Dados Júnior,4000,4000,4000,0
Agência Zetta,3.2,Cientista De Dados Júnior,3000,3000,3000,0
Núclea,4.1,Cientista De Dados Júnior,6000,6000,6000,14
Ministério da Defesa Nacional,4.4,Cientista De Dados Júnior,3000,3000,3000,0
Gabinetona,5,Cientista De Dados Júnior,5000,5000,5000,0
Vindi,4,Cientista De Dados Júnior,5000,5000,5000,1
POUPEX,4.1,Cientista De Dados Júnior,5000,6000,6000,0
Pernambucanas,3.5,Cientista De Dados Júnior,5000,5000,5000,19
Prefeitura Municipal de Gurupá,3.1,Cientista De Dados Júnior,3000,3000,3000,0
GOL Linhas Aéreas,3.9,Cientista De Dados Júnior,4000,4000,4000,99
Omni Táxi Aéreo,3.9,Cientista De Dados Júnior,5000,5000,5000,0
Secretaria de Estado de Justiça e Segurança Pública (SEJUSP-MS),4.6,Cientista De Dados Júnior,27000,29000,28000,0
The Coca-Cola Company,4.1,Cientista De Dados Júnior,3000,3000,3000,545
ELBI (Brazil),3.4,Cientista De Dados Júnior,3000,3000,3000,0
Phoebus Tecnologia,3.5,Cientista De Dados Júnior,3000,3000,3000,7
Pearson,3.8,Cientista De Dados Júnior,4000,4000,4000,1
AMentoria (Brazil),4.7,Cientista De Dados Júnior,1000,2000,2000,0
Cayena,3.8,Cientista De Dados Júnior,6000,6000,6000,14
Transdesk,4.6,Cientista De Dados Júnior,7000,7000,7000,0
Grupo Gen,4.1,Cientista De Dados Júnior,4000,4000,4000,0
Universidade de São Paulo (USP),4.4,Cientista De Dados Júnior,7000,7000,7000,0
Keyrus,4,Cientista De Dados Júnior,3000,4000,4000,176
Locaweb,3.8,Cientista De Dados Júnior,6000,6000,6000,0
Nexus Edge,1,Cientista De Dados Júnior,2000,3000,3000,0
Grupo Globo,4.1,Cientista De Dados Júnior,5000,5000,5000,1
RedFox Digital Solutions,4.1,Cientista De Dados Júnior,40000,43000,41000,0
FACENE Escola de Enfermagem,2.9,Cientista De Dados Júnior,5000,5000,5000,0
Ambev,4.3,Cientista De Dados Júnior,10000,10000,10000,217
Universidade Estadual Paulista (UNESP),4.6,Cientista De Dados Júnior,3000,3000,3000,0
Inspectral (Brazil),4,Cientista De Dados Júnior,3000,3000,3000,0
SoluMedi,3.6,Cientista De Dados Júnior,5000,5000,5000,0
Engineering,3.5,Cientista De Dados Júnior,9000,9000,9000,0
Numera People Analytics,4.1,Cientista De Dados Júnior,4000,4000,4000,0
Comunidade DS,4.4,Cientista De Dados Júnior,5000,5000,5000,0
Mirassol Pizzaria,3.8,Cientista De Dados Júnior,5000,5000,5000,0
Talentify.io,4.3,Cientista De Dados Júnior,5000,6000,6000,0
Unfair Advantage,3.5,Cientista De Dados Júnior,6000,6000,6000,0
Hapvida Saúde,3.7,Cientista De Dados Júnior,6000,6000,6000,2
Lojas Renner,3.8,Cientista De Dados Júnior,7000,7000,7000,139
Verzani & Sandrini,3.7,Cientista De Dados Júnior,3000,3000,3000,513
Vale,4.2,Cientista De Dados Júnior,6000,7000,7000,174
uMode,3,Cientista De Dados Júnior,4000,4000,4000,0
TELUS Digital,3.5,Cientista De Dados Júnior,6000,6000,6000,1
MadeinWeb,4,Cientista De Dados Júnior,4000,5000,5000,0
Data Rudder,4.3,Cientista De Dados Júnior,5000,5000,5000,0
Vision Brasil Otica,5,Cientista De Dados Júnior,5000,5000,5000,0
So Energy,4,Cientista De Dados Júnior,5000,5000,5000,3
Nenhuma,3.8,Cientista De Dados Júnior,4000,4000,4000,0
Forta Tech Comercio De Equipamentos Automotivos,3.6,Cientista De Dados Júnior,3000,3000,3000,0
K2 Integrity,3,Cientista De Dados Júnior,4000,4000,4000,82
Dell Lead,4.3,Cientista De Dados Júnior,4000,4000,4000,0
Tropical Hub,4.8,Cientista De Dados Júnior,2000,2000,2000,0
Clínica Qorpo,4.5,Cientista De Dados Júnior,1000,2000,1000,0
S5 Engenharia,4.5,Cientista De Dados Júnior,2000,3000,2000,0
Icomplexus,-0.10000000149011612,Cientista De Dados Júnior,4000,4000,4000,0
InterOp,3.5,Cientista De Dados Júnior,2000,2000,2000,0
Grupo CVLB,3.2,Cientista De Dados Júnior,3000,4000,3000,34
Tok&Stok,3.7,Cientista De Dados Júnior,4000,5000,4000,57
Dextra,4.5,Cientista De Dados Júnior,4000,4000,4000,0
NETZSCH Group,3.9,Cientista De Dados Júnior,9000,9000,9000,37
Adaggio Editora,3,Cientista De Dados Júnior,5000,5000,5000,0
Anheuser-Busch InBev,3.7,Cientista De Dados Júnior,5000,5000,5000,179
Banco Modal,3.9,Cientista De Dados Júnior,4000,5000,4000,0
BRLink,4,Cientista De Dados Júnior,5000,5000,5000,0
Dextra,4.5,Cientista De Dados Júnior,5000,5000,5000,0
Treinus,4.1,Cientista De Dados Júnior,2000,3000,2000,0
Universidade Federal do ABC (UFABC),4.4,Cientista De Dados Júnior,1000,2000,2000,0
ML Serviços Financeiros,3.1,Cientista De Dados Júnior,3000,4000,4000,2
Ypê (Química Amparo),4,Cientista De Dados Júnior,3000,4000,3000,83
Tok&Stok,3.7,Cientista De Dados Júnior,5000,6000,5000,57
MRO Logistics,3,Cientista De Dados Júnior,5000,6000,5000,19
RINO,4.4,Cientista De Dados Júnior,4000,4000,4000,4
Natura,4.2,Cientista De Dados Júnior,6000,6000,6000,48
Medei Consultoria,3.3,Cientista De Dados Júnior,2000,2000,2000,0
DM,4.3,Cientista De Dados Júnior,4000,5000,5000,26
Studio Orthopride,-0.10000000149011612,Cientista De Dados Júnior,5000,5000,5000,0
Buser,3.7,Cientista De Dados Júnior,6000,7000,6000,0
Accentue,4.1,Cientista De Dados Júnior,2000,2000,2000,0
Etho Soluções,4.5,Cientista De Dados Júnior,3000,3000,3000,0
Genial Investimentos,3.9,Cientista De Dados Júnior,6000,7000,6000,18
Edenred,4,Cientista De Dados Júnior,8000,8000,8000,271
4all Tecnologia,3.4,Cientista De Dados Júnior,4000,4000,4000,0
Fundação ASTEF,4.6,Cientista De Dados Júnior,3000,4000,3000,0
Macroplan (Brazil),3.6,Cientista De Dados Júnior,6000,7000,6000,0
Webby Telecom,3.4,Cientista De Dados Júnior,4000,4000,4000,10
Virtus Tech Tecnologia e Serviços,4.3,Cientista De Dados Júnior,3000,3000,3000,0
Editora Abril S/A,3.6,Cientista De Dados Júnior,1000,1000,1000,1
Almaviva Solutions,4.6,Cientista De Dados Júnior,4000,4000,4000,14
LATAM,4.3,Cientista De Dados Júnior,8000,8000,8000,1
Japungu Agroindustrial,4.9,Cientista De Dados Júnior,5000,5000,5000,0
PicPay,3.8,Cientista De Dados Júnior,4000,4000,4000,43
Qintess,3,Cientista De Dados Júnior,6000,6000,6000,74
LOFT,2.9,Cientista De Dados Júnior,7000,8000,8000,5
Bnex,3.7,Cientista De Dados Júnior,7000,8000,7000,0
BlueShift Brasil,4.1,Cientista De Dados Júnior,5000,5000,5000,0
Somos Educação,4.1,Cientista De Dados Júnior,7000,8000,8000,0
Offerwise,3.3,Cientista De Dados Júnior,3000,3000,3000,0
UFSCAR - Universidade Federal de São Carlos,4.5,Cientista De Dados Júnior,5000,5000,5000,0
James Delivery,3.9,Cientista De Dados Júnior,3000,3000,3000,0
LG Lugar de Gente,3.7,Cientista De Dados Júnior,2000,2000,2000,14
Provu,3.4,Cientista De Dados Júnior,6000,6000,6000,0
Aunica,4,Cientista De Dados Júnior,6000,6000,6000,0
Universidade Federal de Pelotas (UFPEL),4.7,Cientista De Dados Júnior,3000,4000,3000,0
Beegol,4.7,Cientista De Dados Júnior,5000,5000,5000,0
Redrive,4.7,Cientista De Dados Júnior,4000,4000,4000,0
Universidade Federal do Rio Grande do Norte (UFRN),4.4,Cientista De Dados Júnior,3000,3000,3000,0
Qualificar TI,3.5,Cientista De Dados Júnior,8000,9000,9000,0
Instituto Brasileiro de Pesquisa e Análise de Dados ( IBPAD),4.2,Cientista De Dados Júnior,3000,3000,3000,0
SiDi,4.3,Cientista De Dados Júnior,5000,5000,5000,14
Universidade Estadual do Oeste do Paraná (UNIOESTE),4.5,Cientista De Dados Júnior,5000,5000,5000,0
Tribunal de Contas do Estado de Goiás (TCE-GO),4.2,Cientista De Dados Júnior,1000,1000,1000,0
Prefeitura Municipal de Formosa,4.2,Cientista De Dados Júnior,3000,3000,3000,0
Companhia de Planejamento do Distrito Federal (Codeplan),3.4,Cientista De Dados Júnior,8000,9000,9000,0
Companhia de Planejamento do Distrito Federal (Codeplan),3.4,Cientista De Dados Júnior,8000,9000,9000,0
KPMG,3.7,Cientista De Dados Júnior,4000,4000,4000,15
McDonald's,3.6,Cientista De Dados Júnior,958,1000,1000,67
iFood,4.2,Cientista De Dados Júnior,5000,5000,5000,65
Universidade Federal do Rio Grande do Norte (UFRN),4.4,Cientista De Dados Júnior,2000,2000,2000,0
Filhos Web,4.1,Cientista De Dados Júnior,762,825,794,0
Stefanini,4,Cientista De Dados Júnior,4000,4000,4000,272
Profissional Liberal,4.5,Cientista De Dados Júnior,1000,2000,2000,0
Itaú Unibanco (Itaú BBA e Rede),4.4,Cientista De Dados Júnior,8000,9000,8000,255
Finch Soluções,3.9,Cientista De Dados Júnior,5000,5000,5000,0
Akad Seguros,4.6,Cientista De Dados Júnior,67000,71000,69000,2
Inetum,3.2,Cientista De Dados Júnior,5000,5000,5000,2
BTG Pactual,3.4,Cientista De Dados Júnior,6000,7000,6000,0
QuintoAndar,3.9,Cientista De Dados Júnior,7000,7000,7000,56
Homelend,3.6,Cientista De Dados Júnior,3000,3000,3000,0
Rappi,3.6,Cientista De Dados Júnior,2000,2000,2000,0
Santander,3.8,Cientista De Dados Júnior,1000,2000,2000,1
Grupo Recovery,3.9,Cientista De Dados Júnior,5000,6000,5000,0
DBC,4.3,Cientista De Dados Júnior,8000,9000,8000,0
Somos Educação,4.1,Cientista De Dados Júnior,5000,6000,6000,0
Data Marketplace,3.7,Cientista De Dados Júnior,2000,2000,2000,0
Bild Desenvolvimento Imobiliário,3.8,Cientista De Dados Júnior,3000,4000,4000,18
Mendelics,4.2,Cientista De Dados Júnior,5000,6000,6000,2
Flextronics Instituto de Tecnologia,4,Cientista De Dados Júnior,8000,9000,8000,0
Positivo TecnologIA,3.6,Cientista De Dados Júnior,6000,6000,6000,109
Secretaria da Educação do Estado de São Paulo (SEDUC/SP),3.4,Cientista De Dados Júnior,6000,6000,6000,1
M4U,4.3,Cientista De Dados Júnior,5000,6000,6000,0
Dotz,3.6,Cientista De Dados Júnior,9000,9000,9000,12
Vivo (Telefônica Brasil),4.4,Cientista De Dados Júnior,5000,5000,5000,558
Cpfl Paulista,4.2,Cientista De Dados Júnior,3000,4000,4000,87
GVDASA Sistemas,3.5,Cientista De Dados Júnior,5000,5000,5000,5
Pede.ai,3.8,Cientista De Dados Júnior,3000,3000,3000,0
FortBrasil,4.3,Cientista De Dados Júnior,4000,4000,4000,0
SLC Máquinas,3.8,Cientista De Dados Júnior,4000,5000,5000,0
Nubank,4.4,Cientista De Dados Júnior,8000,8000,8000,13
Comunidade DS,4.4,Cientista De Dados Júnior,3000,3000,3000,0
Aurum Software,4.2,Cientista De Dados Júnior,3000,3000,3000,0
Nenhuma,3.8,Cientista De Dados Júnior,2000,2000,2000,0
Indeorum,4.2,Cientista De Dados Júnior,2000,3000,3000,0
Estudante.com,4.5,Cientista De Dados Júnior,95000,105000,100000,0
Halliburton,3.8,Cientista De Dados Júnior,7000,7000,7000,357
americanas s.a.,3.6,Cientista De Dados Júnior,4000,5000,5000,270
Moto Honda Da Amazonia,4.6,Cientista De Dados Júnior,4000,4000,4000,0
Cayena,3.8,Cientista De Dados Júnior,3000,3000,3000,14
RadixWeb,3.6,Cientista De Dados Júnior,8000,9000,8000,0
HP Inc.,4,Cientista De Dados Júnior,6000,6000,6000,162
Oxitec,2.9,Cientista De Dados Júnior,7000,7000,7000,0
"Instituto de Inovação, Pesquisa, Desenvolvimento Científico e Tecnológico do Amazonas (IPDEC)",4.5,Cientista De Dados Júnior,1000,2000,2000,0
Efí,3.8,Cientista De Dados Júnior,6000,6000,6000,8
Localiza&Co,4.2,Cientista De Dados Júnior,4000,5000,5000,863
MedFutura,4.2,Cientista De Dados Júnior,4000,5000,5000,0
Giannini,3.5,Cientista De Dados Júnior,5000,6000,6000,0
Tribunal Regional Federal da 5ª Região,4.7,Cientista De Dados Júnior,2000,2000,2000,0
Correios,4,Cientista De Dados Júnior,5000,5000,5000,0
Cellere,4.2,Cientista De Dados Júnior,5000,5000,5000,0
Landry's,3.1,Cientista De Dados Júnior,4000,4000,4000,2
Banco Nacional de Desenvolvimento Econômico e Social,4.7,Cientista De Dados Júnior,2000,2000,2000,0
Trix Tecnologia Inteligente,3.7,Cientista De Dados Júnior,6000,6000,6000,0
Grupo VG,3.7,Cientista De Dados Júnior,2000,2000,2000,2
JGP,4.2,Cientista De Dados Júnior,4000,4000,4000,0
ClickBus,3.4,Cientista De Dados Júnior,6000,6000,6000,8
Portobello,3.6,Cientista De Dados Júnior,10000,10000,10000,66
Farm Investimentos,4.9,Cientista De Dados Júnior,5000,5000,5000,0
Insight Data Science Lab,4.6,Cientista De Dados Júnior,4000,4000,4000,0
Humane Society of the North Bay,1,Cientista De Dados Júnior,10000,10000,10000,0
Biofy Technologies,2.9,Cientista De Dados Júnior,5000,5000,5000,0
Minerva Foods,3.7,Cientista De Dados Júnior,6000,6000,6000,93
Bright Cities,4.5,Cientista De Dados Júnior,3000,3000,3000,0
will bank,4.1,Cientista De Dados Júnior,6000,6000,6000,16
Nelson Paschoalotto Advogados Associados,3.9,Cientista De Dados Júnior,4000,4000,4000,0
Leroy Merlin,4,Cientista De Dados Júnior,8000,9000,8000,1
Ambev,4.3,Cientista De Dados Júnior,6000,6000,6000,217
Sysout Soluções Inteligentes,4.8,Cientista De Dados Júnior,4000,4000,4000,0
Tempest Security Intelligence,4.3,Cientista De Dados Júnior,7000,7000,7000,4
Núcleo de Tecnologias Estratégicas em Saúde,4.8,Cientista De Dados Júnior,3000,4000,4000,0
V4 Company,4,Cientista De Dados Júnior,4000,4000,4000,899
Agrobrito,5,Cientista De Dados Júnior,3000,3000,3000,0
Escola Britânica de Artes Criativas ( EBAC),3.8,Cientista De Dados Júnior,5000,5000,5000,0
ASSA Informatica,5,Cientista De Dados Júnior,3000,3000,3000,0
Trinus,3.3,Cientista De Dados Júnior,5000,6000,6000,44
2RP Net,3.5,Cientista De Dados Júnior,5000,5000,5000,0
Cellere,4.2,Cientista De Dados Júnior,4000,5000,5000,0
PUC Rio,4.5,Cientista De Dados Júnior,1000,1000,1000,0
Fitbank,2.5,Cientista De Dados Júnior,3000,3000,3000,7
Câmara Municipal de Formiga,3,Cientista De Dados Júnior,2000,2000,2000,0
Energisa,4.2,Cientista De Dados Júnior,10000,10000,10000,93
Dom Rock,2.9,Cientista De Dados Júnior,3000,3000,3000,0
Universidade Federal de Santa Catarina (UFSC),4.4,Cientista De Dados Júnior,1000,2000,2000,0
Secretaria de Estado de Turismo,4.3,Cientista De Dados Júnior,3000,3000,3000,0
Maxpar,4.2,Cientista De Dados Júnior,9000,10000,9000,0
Votorantim Cimentos,4,Cientista De Dados Júnior,4000,4000,4000,27
Jeitto Meios de Pagamento,2.9,Cientista De Dados Júnior,5000,5000,5000,22
Expansao Brasil,3.3,Cientista De Dados Júnior,25000,26000,26000,0
Koppers,3.7,Cientista De Dados Júnior,5000,5000,5000,45
Universidade Federal do Rio de Janeiro,4.2,Cientista De Dados Júnior,1000,1000,1000,0
Fazenda Busato,4.1,Cientista De Dados Júnior,2000,2000,2000,0
Brookfield,3.4,Cientista De Dados Júnior,9000,9000,9000,0
IndustriALL,4.4,Cientista De Dados Júnior,3000,3000,3000,0
GE,4.1,Cientista De Dados Júnior,2000,3000,2000,27
Nenhuma (Brazil),3.6,Cientista De Dados Júnior,5000,5000,5000,0
Instituto Brasília de Tecnologia e Inovação - IBTI,3.5,Cientista De Dados Júnior,4000,4000,4000,0
Raia Drogasil,3.4,Cientista De Dados Júnior,6000,7000,7000,2
Grupo Eixo,3.2,Cientista De Dados Júnior,2000,3000,3000,0
CEFET-MG,4.4,Cientista De Dados Júnior,19,21,20,0
Nuvem Tecnologia,4.3,Cientista De Dados Júnior,4000,5000,5000,0
CPFL Energia,4,Cientista De Dados Júnior,5000,6000,6000,90
Centro de Tecnologia de Edificações,4,Cientista De Dados Júnior,5000,5000,5000,0
Finch Soluções,3.9,Cientista De Dados Júnior,3000,4000,4000,0
FABWORK,4.3,Cientista De Dados Júnior,3000,3000,3000,0
ScientifiCloud,5,Cientista De Dados Júnior,3000,3000,3000,0
Accenture,3.7,Cientista De Dados Júnior,4000,4000,4000,49
QDOIS,4.6,Cientista De Dados Júnior,5000,6000,6000,0
IComunicação Integrada,2.4,Cientista De Dados Júnior,4000,4000,4000,0
Inatel,4,Cientista De Dados Júnior,6000,6000,6000,30
Sucesso em Vendas,4.2,Cientista De Dados Júnior,2000,3000,2000,0
TC,3.6,Cientista De Dados Júnior,7000,7000,7000,9
Coamo,4.4,Cientista De Dados Júnior,8000,9000,9000,0
Horus Aeronaves,3.6,Cientista De Dados Júnior,3000,3000,3000,0
Google,4.6,Cientista De Dados Júnior,5000,5000,5000,4
Universität Bern,4.3,Cientista De Dados Júnior,3000,4000,4000,76
Mosten,3.8,Cientista De Dados Júnior,5000,5000,5000,0
Rede D'Or,3.5,Cientista De Dados Júnior,766,836,801,18
Web3dev,4.7,Cientista De Dados Júnior,2000,2000,2000,0
Manfing,4.7,Cientista De Dados Júnior,4000,5000,5000,1
Localiza&Co,4.2,Cientista De Dados Júnior,5000,6000,6000,863
BIX Tecnologia,4.2,Cientista De Dados Júnior,4000,4000,4000,0
BIP,3.9,Cientista De Dados Júnior,6000,6000,6000,433
Universidade Federal de Pernambuco (UFPE),4.3,Cientista De Dados Júnior,2000,2000,2000,0
Skeelo,4.1,Cientista De Dados Júnior,4000,5000,4000,0
LocusGIS,5,Cientista De Dados Júnior,2000,2000,2000,0
Cifais,5,Cientista De Dados Júnior,2000,2000,2000,0
Nenhuma,3.8,Cientista De Dados Júnior,6000,6000,6000,0
Lumini IT Solutions,2.8,Cientista De Dados Júnior,958,1000,995,2
PUC Minas,4.4,Cientista De Dados Júnior,3000,4000,3000,0
Enacom,3.1,Cientista De Dados Júnior,5000,6000,6000,0
Schaeffler,3.8,Cientista De Dados Júnior,6000,7000,6000,321
Core Consulting (Brazil),3.9,Cientista De Dados Júnior,4000,5000,4000,0
Amazon,3.6,Cientista De Dados Júnior,5000,5000,5000,25
Marisa,3.7,Cientista De Dados Júnior,1000,1000,1000,0
Emasan,4,Cientista De Dados Júnior,1000,2000,1000,0
Grupo Fleury,3.8,Cientista De Dados Júnior,5000,5000,5000,205
Digital Comunicação,2.2,Cientista De Dados Júnior,4000,4000,4000,0
Birdie (CA),4.6,Cientista De Dados Júnior,3000,3000,3000,0
Governo do Estado de São Paulo,3.5,Cientista De Dados Júnior,3000,3000,3000,0
Tikal Tech,4,Cientista De Dados Júnior,4000,5000,5000,0
Semantix,2.8,Cientista De Dados Júnior,3000,4000,3000,38
Jhonson & Jhonson,4.4,Cientista De Dados Júnior,10000,10000,10000,0
Itambé,3.8,Cientista De Dados Júnior,1000,1000,1000,0
Vinícola Salton,4.3,Cientista De Dados Júnior,5000,5000,5000,0
Solvis Brasil,3.7,Cientista De Dados Júnior,4000,4000,4000,0
Nestlé,4.3,Cientista De Dados Júnior,15000,16000,15000,909
Banco Safra,3.6,Cientista De Dados Júnior,4000,4000,4000,0
Sociedade Esportiva Palmeiras,4.1,Cientista De Dados Júnior,6000,7000,6000,0
Tractian,4,Cientista De Dados Júnior,6000,6000,6000,0
Desemprego,3,Cientista De Dados Júnior,5000,5000,5000,0
FLAI - Inteligência Artificial,2,Cientista De Dados Júnior,1000,1000,1000,0
C&A Modas,3.4,Cientista De Dados Júnior,4000,4000,4000,0
Pareos,5,Cientista De Dados Júnior,5000,5000,5000,0
Banrisul,4.2,Cientista De Dados Júnior,2000,2000,2000,0
Central dos Brinquedos,-0.10000000149011612,Cientista De Dados Júnior,17000,18000,17000,0
Sociedade Harmonia de Tênis,4.2,Cientista De Dados Júnior,3000,4000,4000,21
dti digital,4.3,Cientista De Dados Júnior,3000,4000,3000,0
Mutant,3.6,Cientista De Dados Júnior,3000,3000,3000,26
Universidade Federal de Viçosa (UFV),4.7,Cientista De Dados Júnior,668,722,695,0
First Decision Tecnologias Inovadoras,4.2,Cientista De Dados Júnior,1000,1000,1000,4
Petz,3.4,Cientista De Dados Júnior,5000,6000,6000,517
Grupo Fleury,3.8,Cientista De Dados Júnior,4000,5000,5000,205
TCC Urgente,-0.10000000149011612,Cientista De Dados Júnior,6000,6000,6000,0
GE21,4,Cientista De Dados Júnior,2000,3000,3000,0
Conta Simples,4,Cientista De Dados Júnior,4000,4000,4000,14
Oper,4.4,Cientista De Dados Júnior,4000,5000,4000,1
Argus (Brazil),2.9,Cientista De Dados Júnior,3000,4000,4000,0
Fundação Getulio Vargas,3.9,Cientista De Dados Júnior,5000,5000,5000,0
Suprema Consultoria Empresarial,5,Cientista De Dados Júnior,4000,4000,4000,0
Ministério da Justiça Brasília,4.2,Cientista De Dados Júnior,8000,9000,8000,0
TMKT,3.2,Cientista De Dados Júnior,1000,1000,1000,14
Zoly,3.2,Cientista De Dados Júnior,2000,3000,3000,0
AGF Engenharia,4.5,Cientista De Dados Júnior,5000,5000,5000,0
XPTI Tecnologias,4.6,Cientista De Dados Júnior,3000,3000,3000,4
Autodoc (Brazil),2.8,Cientista De Dados Júnior,4000,5000,4000,0
Cidacs,3.4,Cientista De Dados Júnior,6000,6000,6000,1
Triágil,3.9,Cientista De Dados Júnior,5000,6000,6000,0
Flash,3.7,Cientista De Dados Júnior,6000,7000,6000,1
Elumini,4.5,Cientista De Dados Júnior,5000,6000,5000,11
Gateware,4.1,Cientista De Dados Júnior,966,1000,1000,0
Vivo (Telefônica Brasil),4.4,Cientista De Dados Júnior,4000,5000,5000,558
Casa de Madeiras Brasil,4,Cientista De Dados Júnior,1000,2000,2000,0
"CEPERJ - Fundação Centro Estadual de Estatísticas, Pesquisas e Formação de Servidores Públicos do Rio de Janeiro",3.8,Cientista De Dados Júnior,4000,4000,4000,0
BTG Pactual,3.8,Cientista De Dados Júnior,9000,10000,9000,15
Caixa de Assistência dos Funcionários do Banco do Brasil (CASSI),4.3,Cientista De Dados Júnior,9000,10000,9000,4
Omega Healthcare,4,Cientista De Dados Júnior,2000,2000,2000,87
Skymarine Logistics,4.2,Cientista De Dados Júnior,2000,2000,2000,0
Lumini IT Solutions,2.8,Cientista De Dados Júnior,4000,4000,4000,2
Birdie (CA),4.6,Cientista De Dados Júnior,3000,3000,3000,0
Kantar IBOPE Media,4,Cientista De Dados Júnior,5000,6000,5000,1
Crefisa,3.2,Cientista De Dados Júnior,4000,4000,4000,341
Mercadapp,4.5,Cientista De Dados Júnior,2000,2000,2000,0
Bionexus,-0.10000000149011612,Cientista De Dados Júnior,4000,4000,4000,0
Inventa App,3.1,Cientista De Dados Júnior,8000,8000,8000,0
Grupo 3778,3.5,Cientista De Dados Júnior,5000,5000,5000,1
Sest Senat,4.1,Cientista De Dados Júnior,13000,14000,13000,1
Princesa do Norte,4,Cientista De Dados Júnior,1000,2000,1000,0
Rei do Pitaco,4.4,Cientista De Dados Júnior,8000,8000,8000,0
Horus Soluções,3.9,Cientista De Dados Júnior,4000,4000,4000,0
Manfing,4.7,Cientista De Dados Júnior,3000,4000,4000,1
Indicium,4.5,Cientista De Dados Júnior,4000,5000,5000,10
Prefeitura Municipal de Anápolis,3.8,Cientista De Dados Júnior,3000,3000,3000,0
Vabene,2.9,Cientista De Dados Júnior,5000,5000,5000,0
PicPay,3.8,Cientista De Dados Júnior,97000,103000,100000,43
OMNICOG,3.4,Cientista De Dados Júnior,964,1000,1000,0
Mobiis,2.9,Cientista De Dados Júnior,5000,6000,6000,0
Fácil Sistemas,4.2,Cientista De Dados Júnior,2000,2000,2000,0
Grupo OLX,4.1,Cientista De Dados Júnior,6000,7000,7000,12
Alelo,4.3,Cientista De Dados Júnior,5000,5000,5000,0
4intelligence,3.7,Cientista De Dados Júnior,4000,5000,4000,0
CAS Tecnologia,3.7,Cientista De Dados Júnior,4000,4000,4000,1
Adiante Recebíveis,3.6,Cientista De Dados Júnior,5000,5000,5000,0
ISM Indústria São Miguel,3.3,Cientista De Dados Júnior,1000,1000,1000,0
Warren,3.3,Cientista De Dados Júnior,4000,4000,4000,0
Instituto Aquila,4,Cientista De Dados Júnior,3000,3000,3000,0
freelance,4.2,Cientista De Dados Júnior,3000,4000,4000,7
Pagar.me,3.7,Cientista De Dados Júnior,6000,6000,6000,0
Xcelis Consultoria,4.2,Cientista De Dados Júnior,44,47,45,0
Universidade Federal do Rio Grande do Sul (UFRS),4.4,Cientista De Dados Júnior,2000,2000,2000,0
Tecnoduo,5,Cientista De Dados Júnior,76000,83000,80000,0
Lett,4.1,Cientista De Dados Júnior,4000,4000,4000,0
Mobi2Buy,3.9,Cientista De Dados Júnior,5000,5000,5000,0
FieldPRO,3.8,Cientista De Dados Júnior,5000,5000,5000,0
RecargaPay,4.2,Sr Data Scientist,15000,17000,16000,34
XP Investimentos,3.6,Sr Data Scientist,23000,25000,24000,0
Loggi,3.8,Sr Data Scientist,15000,16000,16000,58
Inventa (Brazil),3.4,Sr Data Scientist,16000,18000,17000,0
Leroy Merlin,4,Sr Data Scientist,13000,15000,14000,1
Fundação IDI,3.7,Sr Data Scientist,8000,9000,9000,0
iFood,4.2,Sr Data Scientist,18000,19000,18000,65
Dhauz,4.9,Sr Data Scientist,10000,11000,10000,0
The HEINEKEN Company,4.4,Sr Data Scientist,9000,10000,10000,1
Peers Consulting + Technology,4.5,Sr Data Scientist,12000,13000,12000,0
KPMG,3.7,Sr Data Scientist,9000,10000,9000,15
Loft,3.6,Sr Data Scientist,15000,16000,15000,50
Atlântico,4.5,Sr Data Scientist,67000,73000,70000,0
ADP,3.8,Sr Data Scientist,11000,12000,12000,2
QuantumBlack,3.9,Sr Data Scientist,30000,32000,31000,0
Liberty Mutual Insurance,3.6,Sr Data Scientist,11000,12000,12000,1
Alvarez & Marsal,4.1,Cientista De Dados Pleno,19000,20000,20000,970
Acerto,4,Cientista De Dados Pleno,10000,11000,11000,0
DataRisk,4.2,Cientista De Dados Pleno,8000,9000,9000,1
Smarket Solutions,4.3,Cientista De Dados Pleno,6000,6000,6000,0
Thoughtworks,4.2,Cientista De Dados Pleno,10000,11000,10000,10
Cadastra,3.7,Cientista De Dados Pleno,7000,8000,8000,47
Juntos Somos Mais,4.3,Cientista De Dados Pleno,8000,9000,8000,0
Equatorial Maranhão,4.5,Cientista De Dados Pleno,6000,7000,6000,0
Bankly,4.1,Cientista De Dados Pleno,9000,9000,9000,0
HARTB,2.9,Cientista De Dados Pleno,8000,8000,8000,0
Smiles,3.7,Cientista De Dados Pleno,10000,11000,11000,2
Grupo MRV,3.8,Cientista De Dados Pleno,7000,7000,7000,336
B&Partners.co,3.6,Cientista De Dados Pleno,86000,93000,90000,7
Claro,3.9,Cientista De Dados Pleno,13000,14000,14000,0
37.78 Tecnologia,3.6,Cientista De Dados Pleno,18000,20000,19000,0
SUNO United Creators,3.6,Cientista De Dados Pleno,10000,10000,10000,0
Caixa de Assistência dos Funcionários do Banco do Brasil (CASSI),4.3,Cientista De Dados Pleno,12000,13000,13000,4
Costelão Fogo de Chão Mairiporã,5,Cientista De Dados Pleno,7000,7000,7000,0
Smarthis,4.2,Cientista De Dados Pleno,9000,10000,9000,12
Efí,3.8,Cientista De Dados Pleno,10000,11000,11000,8
Positivo TecnologIA,3.6,Cientista De Dados Pleno,4000,4000,4000,109
Syngenta,4,Cientista De Dados Pleno,8000,8000,8000,359
Primeira Escolha,4.3,Cientista De Dados Pleno,6000,6000,6000,0
FIT - Instituto de Tecnologia,3.6,Cientista De Dados Pleno,12000,12000,12000,0
SMI Engineering,3.6,Cientista De Dados Pleno,14000,16000,15000,0
Braskem,4.3,Cientista De Dados Pleno,15000,17000,16000,1
Apllos Solutions,4.7,Cientista De Dados Pleno,7000,8000,8000,0
Ambev Tech,4.2,Cientista De Dados Pleno,8000,9000,9000,36
FiTec,4.4,Cientista De Dados Pleno,51,55,53,8
Loopt,4.1,Cientista De Dados Pleno,9000,9000,9000,36
FiTec,4.4,Cientista De Dados Pleno,48,52,50,8
ioasys,4.1,Cientista De Dados Pleno,7000,7000,7000,0
SulAmérica,3.7,Cientista De Dados Pleno,9000,10000,10000,0
F2 Data,4.5,Cientista De Dados Pleno,6000,6000,6000,0
GPA,3.6,Cientista De Dados Pleno,6000,7000,6000,2
Halliburton,3.8,Cientista De Dados Pleno,11000,12000,12000,357
Ideia Big Data,3.3,Cientista De Dados Pleno,8000,8000,8000,0
Lett,4.1,Cientista De Dados Pleno,7000,7000,7000,0
Atento (Brazil),3.5,Cientista De Dados Pleno,11000,11000,11000,15
Deloitte,3.8,Cientista De Dados Pleno,7000,8000,7000,23
Grupo 3778,3.5,Cientista De Dados Pleno,8000,9000,9000,1
Banco Modal,3.9,Cientista De Dados Pleno,6000,7000,6000,0
Universidade de Brasília (UBN),4.3,Cientista De Dados Pleno,12000,14000,13000,0
Syos,3.7,Cientista De Dados Pleno,10000,10000,10000,6
Ion Sistemas,4.7,Cientista De Dados Pleno,4000,5000,4000,0
SumUp,3.5,Cientista De Dados Pleno,13000,14000,13000,143
FAPESP,4.6,Cientista De Dados Pleno,3000,4000,4000,0
Horus,4,Cientista De Dados Pleno,6000,7000,7000,0
ALLOS,3.9,Cientista De Dados Pleno,7000,7000,7000,82
Banco de Brasília,4.3,Cientista De Dados Pleno,3000,3000,3000,0
Alldesk,4.5,Cientista De Dados Pleno,8000,9000,8000,0
Oi,3.8,Cientista De Dados Pleno,19000,21000,20000,6
BB Tecnologia e Serviços,3.4,Cientista De Dados Pleno,7000,8000,7000,0
Petz,3.4,Cientista De Dados Pleno,7000,8000,8000,517
Ahoy By Belago Group,4.3,Cientista De Dados Pleno,8000,8000,8000,0
QiBit,3.7,Cientista De Dados Pleno,6000,7000,6000,17
Midway Financeira,4.2,Cientista De Dados Pleno,6000,7000,6000,0
Neogrid Tecnologia e Informação,3.8,Cientista De Dados Pleno,7000,7000,7000,0
Beegol,4.7,Cientista De Dados Pleno,58000,62000,60000,0
Embedded UFCG,3.6,Cientista De Dados Pleno,6000,7000,7000,0
Flextronics Instituto de Tecnologia,4,Cientista De Dados Pleno,8000,9000,9000,0
LOFT,3.7,Cientista De Dados Pleno,13000,15000,14000,927
Total Express,3.5,Cientista De Dados Pleno,8000,8000,8000,5
CAST,4.2,Cientista De Dados Pleno,7000,8000,7000,0
TC,3.6,Cientista De Dados Pleno,134000,145000,140000,9
AeC Centro de Contatos,3.5,Cientista De Dados Pleno,7000,8000,7000,167
Facti,3.9,Cientista De Dados Pleno,5000,5000,5000,0
Federação das Indústrias do Estado do Paraná (FIEP),3.3,Cientista De Dados Pleno,4000,5000,5000,0
C.A Brasil,3.8,Cientista De Dados Pleno,6000,7000,7000,0
Grupo OLX,4.1,Cientista De Dados Pleno,7000,8000,7000,12
Proffer,4.5,Cientista De Dados Pleno,4000,5000,4000,0
UL Solutions,3.6,Cientista De Dados Pleno,9000,10000,10000,0
Tupy,3.9,Cientista De Dados Pleno,9000,9000,9000,19
Mais FM,3.9,Cientista De Dados Pleno,9000,9000,9000,0
RankMyAPP,3.5,Cientista De Dados Pleno,4000,5000,5000,12
Instituto Aquila,4,Cientista De Dados Pleno,9000,9000,9000,0
PluggTo,3.1,Cientista De Dados Pleno,8000,9000,8000,0
Vetta,4.1,Cientista De Dados Pleno,8000,9000,8000,33
Randoncorp,4.3,Cientista De Dados Pleno,9000,10000,9000,65
Webmotors,4.1,Cientista De Dados Pleno,11000,12000,11000,8
Blu365,3.7,Cientista De Dados Pleno,7000,7000,7000,0
Grupo Soma,3.6,Cientista De Dados Pleno,6000,6000,6000,0
Conexa Saúde,3,Cientista De Dados Pleno,8000,9000,9000,0
Sonda Procwork,4.1,Cientista De Dados Pleno,11000,12000,12000,0
Serasa,4,Cientista De Dados Pleno,7000,8000,8000,0
Méliuz,4.6,Cientista De Dados Pleno,7000,8000,8000,0
Dexian,3.6,Cientista De Dados Pleno,4000,4000,4000,128
Banco Safra,3.6,Cientista De Dados Pleno,11000,12000,11000,0
Unimed,4.1,Cientista De Dados Pleno,10000,10000,10000,411
The HEINEKEN Company,4.4,Cientista De Dados Pleno,6000,6000,6000,1
Target Software,4.5,Cientista De Dados Pleno,11000,11000,11000,3
digio,3.7,Cientista De Dados Pleno,10000,11000,10000,22
Cidade de Sao Paulo,4.1,Cientista De Dados Pleno,10000,10000,10000,0
Vitta,3.6,Cientista De Dados Pleno,10000,10000,10000,0
KTGroup & Technologies,-0.10000000149011612,Cientista De Dados Pleno,3000,4000,3000,0
Superbid,3.6,Cientista De Dados Pleno,8000,9000,8000,0
SDDS,3.8,Cientista De Dados Pleno,5000,6000,6000,0
SuperSim,4.1,Cientista De Dados Pleno,16000,18000,17000,6
LogComex,4.2,Cientista De Dados Pleno,10000,10000,10000,33
Universidade Federal da Bahia (UFBA),4.1,Cientista De Dados Pleno,5000,6000,6000,0
Hortifruti,3.7,Cientista De Dados Pleno,6000,7000,6000,0
Trixlog,4.4,Cientista De Dados Pleno,5000,5000,5000,0
Lojas Renner,3.8,Cientista De Dados Pleno,12000,13000,13000,139
Docway,3.9,Cientista De Dados Pleno,8000,9000,9000,0
NTT DATA,3.8,Cientista De Dados Pleno,8000,8000,8000,4
MJV Tecnologia e Inovação,3.9,Cientista De Dados Pleno,7000,7000,7000,49
Geowellex,4.5,Cientista De Dados Pleno,5000,5000,5000,0
CVC Brasil Operadora e Agência de Viagens,4,Cientista De Dados Pleno,19000,21000,20000,47
Algar,4.3,Cientista De Dados Pleno,5000,6000,5000,31
Visagio,4.2,Cientista De Dados Pleno,7000,8000,7000,11
U-Get,5,Cientista De Dados Pleno,5000,5000,5000,0
Semantix,2.8,Cientista De Dados Pleno,6000,6000,6000,38
Weduu Top Line Mining,4.5,Cientista De Dados Pleno,8000,8000,8000,0
Jacto Agrícola,4,Cientista De Dados Pleno,10000,10000,10000,13
Vert Solucoes em TI,3.7,Cientista De Dados Pleno,6000,6000,6000,1
Cielo,4,Cientista De Dados Pleno,8000,9000,9000,176
Grupo SBF,3.6,Cientista De Dados Pleno,11000,12000,11000,36
Cora,3.7,Cientista De Dados Pleno,9000,10000,10000,13
Rumo,4.1,Cientista De Dados Pleno,8000,8000,8000,89
Fiocruz,4.4,Cientista De Dados Pleno,5000,5000,5000,0
TechViz,2.9,Cientista De Dados Pleno,1000,2000,1000,0
Oncase,4.2,Cientista De Dados Pleno,3000,3000,3000,0
Squid It,3.3,Cientista De Dados Pleno,7000,8000,7000,0
Martins.com.br,4.2,Cientista De Dados Pleno,7000,8000,8000,0
Pif Paf Alimentos,3.6,Cientista De Dados Pleno,7000,8000,8000,0
HVAR Consulting,4.6,Cientista De Dados Pleno,5000,5000,5000,10
Zurich Santander Insurance America,4.1,Cientista De Dados Pleno,8000,8000,8000,0
Afinz,3.9,Cientista De Dados Pleno,8000,9000,8000,23
Omnilogic,3.7,Cientista De Dados Pleno,7000,8000,7000,0
Capgemini,3.8,Cientista De Dados Pleno,7000,7000,7000,4
ATM Digital,3.8,Cientista De Dados Pleno,8000,9000,8000,0
yHub,4.2,Cientista De Dados Pleno,6000,7000,7000,0
Lopes Consultoria de Imóveis,4,Cientista De Dados Pleno,10000,10000,10000,6
Universidade Federal do Rio de Janeiro,4.2,Cientista De Dados Pleno,21000,23000,22000,0
Universidade de São Paulo (USP),4.4,Cientista De Dados Pleno,5000,5000,5000,0
Freelancer,4.2,Cientista De Dados Pleno,6000,7000,7000,34
ADP,3.8,Cientista De Dados Pleno,7000,8000,8000,2
IBM,3.9,Cientista De Dados Pleno,6000,6000,6000,65
Farmbits,5,Cientista De Dados Pleno,9000,10000,9000,0
Optimus Serviços do Brasil (OSBR),4.8,Cientista De Dados Pleno,8000,9000,9000,0
Méliuz,4.6,Cientista De Dados Pleno,7000,8000,7000,0
Gria,2.3,Cientista De Dados Pleno,5000,5000,5000,0
Grupo Stefanini,3.9,Cientista De Dados Pleno,8000,8000,8000,0
HVAR Consulting,4.6,Cientista De Dados Pleno,9000,9000,9000,10
Lojas C&A Modas,3.6,Cientista De Dados Pleno,6000,7000,6000,0
NZN,3.5,Cientista De Dados Pleno,6000,6000,6000,0
Artefact,4.1,Cientista De Dados Pleno,8000,9000,9000,27
Central de Regulação de Ofertas de Serviços de Saúde (CROSS),3.2,Cientista De Dados Pleno,5000,5000,5000,0
Dom Rock,2.9,Cientista De Dados Pleno,3000,4000,4000,0
Murta Consultoria,2.9,Cientista De Dados Pleno,6000,7000,7000,0
"Realize Crédito, Financiamento e Investimento",4,Cientista De Dados Pleno,5000,5000,5000,8
Tribunal de Justiça de Minas Gerais (TJMG),4.4,Cientista De Dados Pleno,11000,13000,12000,0
Petrobras,4.5,Cientista De Dados Pleno,41000,44000,42000,434
HARTB,2.9,Cientista De Dados Pleno,8000,9000,9000,0
Leega,4.1,Cientista De Dados Pleno,5000,6000,5000,39
Nuvem Tecnologia,4.3,Cientista De Dados Pleno,5000,6000,6000,0
Cortex Intelligence,3.9,Cientista De Dados Pleno,7000,7000,7000,13
NAVA Technology for Business,4.2,Cientista De Dados Pleno,10000,10000,10000,6
Sympla,3.7,Cientista De Dados Pleno,6000,7000,6000,29
Lojas Renner,3.8,Cientista De Dados Pleno,10000,10000,10000,139
GS1 Brasil,3.9,Cientista De Dados Pleno,9000,10000,9000,0
MJV Tecnologia e Inovação,3.9,Cientista De Dados Pleno,8000,9000,8000,49
Globo,4.2,Cientista De Dados Pleno,8000,8000,8000,2
Universidade Patativa do Assare,3.2,Cientista De Dados Pleno,1000,2000,1000,0
LexisNexis Risk Solutions,4.1,Cientista De Dados Pleno,10000,11000,10000,214
Smarthint,4.3,Cientista De Dados Pleno,8000,9000,8000,0
SENAI,4.2,Cientista De Dados Pleno,11000,11000,11000,13
mobit,3.9,Cientista De Dados Pleno,8000,9000,8000,11
2RP Net-Serviços,3.8,Cientista De Dados Pleno,3000,4000,4000,0
LogComex,4.2,Cientista De Dados Pleno,11000,12000,12000,33
Tecnisys Tecnologias Inovadoras,4.1,Cientista De Dados Pleno,12000,13000,12000,0
AutoAvaliar,4.4,Cientista De Dados Pleno,14000,16000,15000,0
Mercado Pago,4,Cientista De Dados Pleno,12000,13000,12000,4
Rede,4.4,Cientista De Dados Pleno,16000,17000,16000,11
AIS Solutions,4.4,Cientista De Dados Pleno,5000,5000,5000,0
CHESF,4.2,Cientista De Dados Pleno,10000,10000,10000,0
Syos,3.7,Cientista De Dados Pleno,14000,16000,15000,6
Finch Soluções,3.9,Cientista De Dados Pleno,8000,8000,8000,0
NielsenIQ,3.8,Cientista De Dados Pleno,7000,8000,8000,532
Emflora,3.6,Cientista De Dados Pleno,6000,6000,6000,0
Sicredi,4.4,Cientista De Dados Pleno,7000,7000,7000,599
Oobj Tecnologia,4.5,Cientista De Dados Pleno,5000,5000,5000,0
TradeMap,3.5,Cientista De Dados Pleno,8000,9000,8000,0
Secretária de Saúde do Estado do Ceará,3.8,Cientista De Dados Pleno,4000,5000,5000,0
MadeinWeb,4,Cientista De Dados Pleno,7000,7000,7000,0
SPC Brasil,4.4,Cientista De Dados Pleno,10000,10000,10000,3
BNP Paribas Cardif,3.9,Cientista De Dados Pleno,7000,7000,7000,5
Best Project Solutions,4.2,Cientista De Dados Pleno,4000,5000,5000,0
Gaivota,3.8,Cientista De Dados Pleno,7000,7000,7000,0
HapVida Notredame Intermédica,3.5,Cientista De Dados Pleno,16000,18000,17000,0
Estatcamp,4,Cientista De Dados Pleno,6000,6000,6000,0
SysMap Solutions,4.1,Cientista De Dados Pleno,9000,10000,10000,0
Equatorial Energia,4,Cientista De Dados Pleno,9000,10000,10000,34
Autonoma,-0.10000000149011612,Cientista De Dados Pleno,6000,6000,6000,0
dunnhumby,4.3,Cientista De Dados Pleno,8000,8000,8000,72
Cielo,4,Cientista De Dados Pleno,7000,7000,7000,176
AkzoNobel,3.9,Cientista De Dados Pleno,7000,8000,8000,345
AMMO Varejo,3.7,Cientista De Dados Pleno,11000,11000,11000,6
Cargill,4,Cientista De Dados Pleno,7000,7000,7000,2
VIRTUS (Brazil),4.5,Cientista De Dados Pleno,7000,7000,7000,2
Neurotech,4.4,Cientista De Dados Pleno,4000,5000,5000,7
Housi Gestão Patrimonial,3.4,Cientista De Dados Pleno,7000,7000,7000,26
PUC Minas,4.4,Cientista De Dados Pleno,6000,6000,6000,0
Keyrus,4,Cientista De Dados Pleno,9000,9000,9000,176
Juros Baixos,4.7,Cientista De Dados Pleno,8000,9000,8000,0
epharma,4.2,Cientista De Dados Pleno,7000,8000,7000,0
Obuc,4.5,Cientista De Dados Pleno,7000,7000,7000,0
StatSoft South America,2.9,Cientista De Dados Pleno,5000,6000,6000,1
Omni Táxi Aéreo,3.9,Cientista De Dados Pleno,8000,8000,8000,0
NEUROTECH,4.3,Cientista De Dados Pleno,6000,6000,6000,0
Eac Tecnologia da Informacao,-0.10000000149011612,Cientista De Dados Pleno,3000,3000,3000,0
Virtus Tech Tecnologia e Serviços,4.3,Cientista De Dados Pleno,10000,10000,10000,0
Netshoes,4.2,Cientista De Dados Pleno,6000,6000,6000,0
BRF,3.8,Cientista De Dados Pleno,5000,6000,5000,417
Pin People,4.6,Cientista De Dados Pleno,7000,8000,7000,2
Zurich Insurance,4.1,Cientista De Dados Pleno,14000,16000,15000,852
Platform Builders,4,Cientista De Dados Pleno,9000,10000,9000,4
Xerpay,3.9,Cientista De Dados Pleno,7000,7000,7000,0
Comgás,4.2,Cientista De Dados Pleno,9000,9000,9000,8
Zoox Smart Data,4.3,Cientista De Dados Pleno,7000,7000,7000,0
Indicium,4.5,Cientista De Dados Pleno,9000,9000,9000,10
Oracle,3.7,Cientista De Dados Pleno,9000,10000,10000,2
Muchmore Digital,4.2,Cientista De Dados Pleno,74000,81000,78000,0
Pagar.me,3.7,Cientista De Dados Pleno,12000,13000,12000,0
Guiabolso,4.1,Cientista De Dados Pleno,7000,7000,7000,0
Quero Educação,3.8,Cientista De Dados Pleno,5000,5000,5000,30
nstech,3,Cientista De Dados Pleno,7000,7000,7000,0
Eletrobras,4,Cientista De Dados Pleno,12000,13000,12000,6
Infracommerce,3.5,Cientista De Dados Pleno,15000,15000,15000,12
Companhia de Planejamento do Distrito Federal (Codeplan),3.4,Cientista De Dados Pleno,9000,9000,9000,0
Muchmore Digital,4.2,Cientista De Dados Pleno,10000,10000,10000,0
EAF Siga Antenado,4,Cientista De Dados Pleno,6000,6000,6000,0
Grupo 3778,3.5,Cientista De Dados Pleno,8000,9000,9000,1
IPNet,3.7,Cientista De Dados Pleno,8000,8000,8000,0
Trade Technology,3.9,Cientista De Dados Pleno,5000,6000,6000,0
Foton Informatica,4.4,Cientista De Dados Pleno,7000,7000,7000,9
Secretaria da Saúde do Estado do Ceará,3.8,Cientista De Dados Pleno,8000,9000,8000,0
Money Money Invest,3.9,Cientista De Dados Pleno,7000,7000,7000,0
Just a Little Data,3.3,Cientista De Dados Pleno,8000,8000,8000,6
Grupo Casas Bahia,3.8,Cientista De Dados Pleno,7000,8000,8000,307
MadeinWeb,4,Cientista De Dados Pleno,6000,7000,6000,0
Equifax,3.7,Cientista De Dados Pleno,10000,10000,10000,336
Practia,3.8,Cientista De Dados Pleno,6000,7000,6000,0
Vert ICT Solutions,3.9,Cientista De Dados Pleno,6000,6000,6000,0
Cielo Aviones,4.4,Cientista De Dados Pleno,7000,7000,7000,0
Inter,3.4,Cientista De Dados Pleno,10000,11000,10000,0
Hypeone,3.2,Cientista De Dados Pleno,7000,7000,7000,0
Verx Tecnologia,4.5,Cientista De Dados Pleno,7000,8000,7000,0
Fundação Zerbini,4.3,Cientista De Dados Pleno,7000,8000,7000,0
Zema (Brazil),4.3,Cientista De Dados Pleno,5000,6000,6000,92
Sinch,3.7,Cientista De Dados Pleno,9000,10000,9000,73
Bright Photomedicine,4.3,Cientista De Dados Pleno,8000,9000,9000,0
Grupo Pereira,3.8,Cientista De Dados Pleno,13000,14000,14000,488
Acesso Soluções de Pagamento,4.1,Cientista De Dados Pleno,9000,9000,9000,0
Banco Mercantil do Brasil,3.9,Cientista De Dados Pleno,6000,6000,6000,3
Núclea,4.1,Cientista De Dados Pleno,9000,10000,9000,14
Freelancer,4.2,Cientista De Dados Pleno,5000,5000,5000,34
4Solution Group,4,Cientista De Dados Pleno,7000,8000,7000,21
Jump Label,4.3,Cientista De Dados Pleno,10000,10000,10000,0
RenovaBR,3.1,Cientista De Dados Pleno,3000,3000,3000,0
RD Station,4,Cientista De Dados Pleno,11000,11000,11000,18
Grupo Santa Joana,3.8,Cientista De Dados Pleno,9000,10000,10000,1
Samsung Electronics,3.7,Cientista De Dados Pleno,10000,11000,10000,626
Bradesco,4.1,Cientista De Dados Pleno,10000,11000,11000,0
IHM stefanini,4.2,Cientista De Dados Pleno,8000,8000,8000,0
PowerOfData,4.7,Cientista De Dados Pleno,7000,8000,8000,0
Blip,3.4,Cientista De Dados Pleno,6000,6000,6000,15
Grupo Autoglass,4.3,Cientista De Dados Pleno,6000,6000,6000,109
Paschoalotto,3.7,Cientista De Dados Pleno,4000,4000,4000,20
Nielsen,3.2,Cientista De Dados Pleno,6000,6000,6000,102
Etus Media,4,Cientista De Dados Pleno,8000,9000,9000,3
Data Rudder,4.3,Cientista De Dados Pleno,9000,9000,9000,0
Universidade Estadual de Campinas (UNICAMP),4.6,Cientista De Dados Pleno,4000,4000,4000,0
DBC,4.3,Cientista De Dados Pleno,14000,16000,15000,0
WMcCann,3.6,Cientista De Dados Pleno,7000,8000,7000,0
Eleflow,4.5,Cientista De Dados Pleno,11000,11000,11000,0
Casa & Video,3.3,Cientista De Dados Pleno,6000,6000,6000,20
emDia,3.5,Cientista De Dados Pleno,9000,9000,9000,0
IndustriALL,4.4,Cientista De Dados Pleno,6000,6000,6000,0
SENAI-SP,4.1,Cientista De Dados Pleno,12000,13000,12000,15
Copersucar,3.9,Cientista De Dados Pleno,5000,5000,5000,6
Mercado Pago,4,Cientista De Dados Pleno,8000,9000,9000,4
ClickBus,3.4,Cientista De Dados Pleno,8000,9000,9000,8
Escola Britânica de Artes Criativas ( EBAC),3.8,Cientista De Dados Pleno,5000,6000,5000,0
B2w Digital,3.8,Cientista De Dados Pleno,7000,7000,7000,0
Tereos,4,Cientista De Dados Pleno,18000,19000,18000,130
Bradesco Seguros,4.1,Cientista De Dados Pleno,11000,12000,11000,0
Equifax,3.7,Cientista De Dados Pleno,12000,13000,13000,336
Cycle Analytics,-0.10000000149011612,Cientista De Dados Pleno,11000,12000,12000,0
Ministério Público do Estado do Rio de Janeiro,4.6,Cientista De Dados Pleno,6000,6000,6000,0
Open Co,3.8,Cientista De Dados Pleno,5000,6000,5000,3
TOTVS,4.2,Cientista De Dados Pleno,8000,9000,9000,259
Centro de Gestão e Estudos Estratégicos (CGEE),4.3,Cientista De Dados Pleno,4000,5000,5000,0
Seedz,2.7,Cientista De Dados Pleno,8000,8000,8000,0
Solar BR Coca Cola,4.1,Cientista De Dados Pleno,8000,8000,8000,329
QDOIS,4.6,Cientista De Dados Pleno,6000,7000,7000,0
Beblue,3.3,Cientista De Dados Pleno,7000,7000,7000,0
Dadalto,3.8,Cientista De Dados Pleno,12000,12000,12000,0
Sauter,3.8,Cientista De Dados Pleno,5000,5000,5000,59
Zenvia,3.7,Cientista De Dados Pleno,10000,10000,10000,5
Dadosfera,3.4,Cientista De Dados Pleno,8000,8000,8000,7
Dell Technologies,3.8,Cientista De Dados Pleno,6000,6000,6000,327
Mazzatech,4.2,Cientista De Dados Pleno,8000,8000,8000,84
Murabei,5,Cientista De Dados Pleno,6000,7000,6000,0
Odontoprev (Brazil),4.2,Cientista De Dados Sênior,8000,8000,8000,44
CEABS Serviços,3.3,Cientista De Dados Sênior,7000,8000,7000,1
Extreme Digital Solutions,3.8,Cientista De Dados Sênior,9000,10000,9000,18
Gringo o Melhor Amigo do Motorista,4.1,Cientista De Dados Sênior,20000,22000,21000,0
Hypera Pharma,3.9,Cientista De Dados Sênior,12000,14000,13000,0
BR Distribuidora,4,Cientista De Dados Sênior,10000,10000,10000,0
Randstad,4.1,Cientista De Dados Sênior,8000,9000,8000,6
PagBank,3.9,Cientista De Dados Sênior,10000,11000,10000,133
Ahoy By Belago Group,4.3,Cientista De Dados Sênior,10000,11000,10000,0
NDD Tech,3.9,Cientista De Dados Sênior,7000,8000,8000,44
Federação das Indústrias do Estado do Paraná (FIEP),3.3,Cientista De Dados Sênior,10000,11000,10000,0
Profectum Tecnologia,4.7,Cientista De Dados Sênior,10000,10000,10000,0
Intelia,4,Cientista De Dados Sênior,10000,11000,10000,0
Acerto,4,Cientista De Dados Sênior,12000,14000,13000,0
Hurb,3,Cientista De Dados Sênior,135000,146000,140000,0
PUC Rio,4.5,Cientista De Dados Sênior,16000,18000,17000,0
Engesoftware Tecnologia,4.2,Cientista De Dados Sênior,12000,13000,12000,7
Alpargatas S.A.,3.8,Cientista De Dados Sênior,15000,16000,15000,0
Koin,4.1,Cientista De Dados Sênior,10000,10000,10000,0
Monks,3.4,Cientista De Dados Sênior,5000,6000,5000,9
Grupo Recovery,3.9,Cientista De Dados Sênior,12000,13000,12000,0
Ministério Público do Estado do Amapá,4.6,Cientista De Dados Sênior,17000,19000,18000,0
COPEL,3.8,Cientista De Dados Sênior,9000,10000,9000,0
Mosaico,3.6,Cientista De Dados Sênior,10000,11000,11000,0
Vert Solucoes em TI,3.7,Cientista De Dados Sênior,6000,7000,6000,1
Dasa,3.5,Cientista De Dados Sênior,18000,20000,19000,323
Creditas,4.1,Cientista De Dados Sênior,13000,14000,13000,20
Insper,4.4,Cientista De Dados Sênior,10000,11000,11000,4
DataRain Consulting,4.4,Cientista De Dados Sênior,12000,13000,13000,0
Nuvemshop,4.3,Cientista De Dados Sênior,21000,23000,22000,0
Nestlé,4.3,Cientista De Dados Sênior,11000,12000,11000,909
IPNET by Vivo,3.9,Cientista De Dados Sênior,9000,9000,9000,0
HP Inc.,4,Cientista De Dados Sênior,10000,12000,11000,162
CWI Software,4.3,Cientista De Dados Sênior,16000,18000,17000,14
Efí,3.8,Cientista De Dados Sênior,13000,14000,13000,8
Deloitte,3.8,Cientista De Dados Sênior,9000,10000,10000,23
Grupo Boticário,4.3,Cientista De Dados Sênior,105000,115000,110000,253
ioasys,4.1,Cientista De Dados Sênior,10000,10000,10000,0
Grupo Casas Bahia,3.8,Cientista De Dados Sênior,11000,12000,11000,307
Afterverse,3.7,Cientista De Dados Sênior,19000,21000,20000,0
DP6,4.3,Cientista De Dados Sênior,9000,10000,9000,7
banQi,3.7,Cientista De Dados Sênior,12000,13000,12000,2
Data Rudder,4.3,Cientista De Dados Sênior,11000,13000,12000,0
Via Varejo,3.5,Cientista De Dados Sênior,9000,10000,10000,1
VR,3.8,Cientista De Dados Sênior,10000,11000,11000,0
RD Station,4,Cientista De Dados Sênior,8000,9000,8000,18
Neon Pagamentos,3.7,Cientista De Dados Sênior,11000,11000,11000,9
Paraná Banco,3.9,Cientista De Dados Sênior,180000,198000,189000,12
Unilever,4.1,Cientista De Dados Sênior,17000,18000,18000,472
BITZ,3.5,Cientista De Dados Sênior,24000,26000,25000,0
Stellantis,3.6,Cientista De Dados Sênior,0,0,0,1
Votorantim,4,Cientista De Dados Sênior,8000,8000,8000,11
Dataside,4.4,Cientista De Dados Sênior,12000,13000,13000,0
Extractta,4.5,Cientista De Dados Sênior,14000,15000,15000,0
Mercado Bitcoin,3.9,Cientista De Dados Sênior,63000,69000,66000,0
Liberty Seguros Generales,4.3,Cientista De Dados Sênior,18000,20000,19000,0
RAS TECH LAB,-0.10000000149011612,Cientista De Dados Sênior,7000,8000,8000,0
GLOBAL HITSS,3.9,Cientista De Dados Sênior,19000,21000,20000,138
Atlântico,4.5,Cientista De Dados Sênior,5000,6000,5000,0
OmniJus,2.8,Cientista De Dados Sênior,15000,17000,16000,0
V4 Company,4,Cientista De Dados Sênior,8000,8000,8000,899
Bankly,4.1,Cientista De Dados Sênior,10000,11000,11000,0
Grupo MRV,3.8,Cientista De Dados Sênior,11000,12000,11000,336
AgroTools,3.2,Cientista De Dados Sênior,13000,15000,14000,4
YDUQS,4.2,Cientista De Dados Sênior,13000,15000,14000,96
Petrobras,4.5,Cientista De Dados Sênior,4000,4000,4000,434
ScientifiCloud,5,Cientista De Dados Sênior,116000,124000,120000,0
Editora Globo,3.8,Cientista De Dados Sênior,10000,10000,10000,0
BR Media Group,3.2,Cientista De Dados Sênior,10000,10000,10000,12
Festo,3.8,Cientista De Dados Sênior,166000,177000,171000,50
Claro,4.2,Cientista De Dados Sênior,9000,9000,9000,151
Suzano,4.4,Cientista De Dados Sênior,93,101,97,51
ADP,3.8,Cientista De Dados Sênior,9000,9000,9000,2
Itaú Unibanco (Itaú BBA e Rede),4.4,Cientista De Dados Sênior,12000,12000,12000,255
IBM,3.9,Cientista De Dados Sênior,13000,13000,13000,65
will bank,4.1,Cientista De Dados Sênior,16000,17000,17000,16
Captalys,3.2,Cientista De Dados Sênior,13000,14000,13000,0
ScientifiCloud,5,Cientista De Dados Sênior,12000,13000,12000,0
MSD,4.1,Cientista De Dados Sênior,14000,15000,15000,463
Sinch,3.7,Cientista De Dados Sênior,8000,9000,9000,73
CPFL Energia,4,Cientista De Dados Sênior,11000,12000,11000,90
Grupo Autoglass,4.3,Cientista De Dados Sênior,7000,7000,7000,109
Semantix Information Technologies,3.8,Cientista De Dados Sênior,10000,11000,10000,0
Segfy,3.3,Cientista De Dados Sênior,13000,14000,14000,0
Neogrid Tecnologia e Informação,3.8,Cientista De Dados Sênior,11000,12000,12000,0
Sonda,3.7,Cientista De Dados Sênior,14000,15000,15000,22
SumUp,3.5,Cientista De Dados Sênior,34000,37000,35000,143
Rede Mater Dei de Saúde,3.5,Cientista De Dados Sênior,1000,1000,1000,182
Pickcells,4,Cientista De Dados Sênior,6000,6000,6000,0
iBlue Consulting,3.6,Cientista De Dados Sênior,11000,11000,11000,2
Natura,4.2,Cientista De Dados Sênior,10000,11000,11000,48
Multix,3.8,Cientista De Dados Sênior,17000,19000,18000,0
Alelo,4.3,Cientista De Dados Sênior,12000,13000,13000,0
Governo da Bahia,3.7,Cientista De Dados Sênior,8000,9000,8000,0
Zé Delivery,3.7,Cientista De Dados Sênior,19000,20000,19000,0
Hospital Sírio-Libanês,4.2,Cientista De Dados Sênior,15000,16000,16000,0
digio,3.7,Cientista De Dados Sênior,13000,14000,14000,22
Globant,3.8,Cientista De Dados Sênior,185000,198000,192000,240
Samsung Electronics,3.7,Cientista De Dados Sênior,10000,10000,10000,626
Revelo,3.9,Cientista De Dados Sênior,5000,6000,5000,0
Eletronuclear,3.3,Cientista De Dados Sênior,4000,5000,4000,6
Data Rudder,4.3,Cientista De Dados Sênior,11000,12000,11000,0
dunnhumby,4.3,Cientista De Dados Sênior,8000,9000,9000,72
Sky,3.6,Cientista De Dados Sênior,10000,10000,10000,168
4Solution Group,4,Cientista De Dados Sênior,10000,10000,10000,21
Geoi2,3.6,Cientista De Dados Sênior,9000,9000,9000,0
Universidade Federal do Ceará (UFC),4.4,Cientista De Dados Sênior,17000,19000,18000,0
Delfos Intelligent Maintenance,4.5,Cientista De Dados Sênior,10000,10000,10000,0
Loft,3.6,Cientista De Dados Sênior,17000,19000,18000,50
Autopass (Brazil),3.5,Cientista De Dados Sênior,12000,13000,13000,5
Havan,4.2,Cientista De Dados Sênior,11000,12000,12000,5
Shopee,3.7,Cientista De Dados Sênior,13000,15000,14000,2
Afterverse,3.7,Cientista De Dados Sênior,20000,21000,21000,0
IMAGEM Geosistemas,3.5,Cientista De Dados Sênior,5000,5000,5000,8
NTT DATA,3.8,Cientista De Dados Sênior,13000,14000,13000,4
Reserva,3.5,Cientista De Dados Sênior,6000,7000,6000,41
Inteligencia Analítica,4.3,Cientista De Dados Sênior,14000,16000,15000,0
Bayer,4.2,Cientista De Dados Sênior,14000,15000,15000,643
Delfos Intelligent Maintenance,4.5,Cientista De Dados Sênior,10000,10000,10000,0
Semantix,2.8,Cientista De Dados Sênior,10000,11000,11000,38
Qualificar TI,3.5,Cientista De Dados Sênior,20000,21000,21000,0
Alice,3.7,Cientista De Dados Sênior,16000,18000,17000,0
Resource IT Solutions,3.5,Cientista De Dados Sênior,12000,13000,13000,0
C&A MODAS,3.7,Cientista De Dados Sênior,13000,14000,14000,0
Genial Investimentos,3.9,Cientista De Dados Sênior,11000,13000,12000,18
Seara Alimentos,3.9,Cientista De Dados Sênior,20000,22000,21000,3
Núclea,4.1,Cientista De Dados Sênior,11000,12000,12000,14
Inmetrics,3.9,Cientista De Dados Sênior,12000,12000,12000,0
Grupo Notredame Intermédica,3.7,Cientista De Dados Sênior,12000,13000,12000,863
Senai Paraná,3.6,Cientista De Dados Sênior,9000,9000,9000,0
Obuc,4.5,Cientista De Dados Sênior,7000,8000,7000,0
TAG IMF,3.9,Cientista De Dados Sênior,13000,14000,13000,0
Meta IT,3.9,Cientista De Dados Sênior,11000,12000,11000,159
NEUROTECH,4.3,Cientista De Dados Sênior,15000,17000,16000,0
Shape,3.8,Cientista De Dados Sênior,17000,18000,18000,0
Zoox Smart Data,4.3,Cientista De Dados Sênior,11000,11000,11000,0
Banco ABC Brasil,4.1,Cientista De Dados Sênior,152000,166000,159000,30
SumUp,3.5,Cientista De Dados Sênior,18000,20000,19000,143
EY,3.7,Cientista De Dados Sênior,5000,5000,5000,12
Núclea,4.1,Cientista De Dados Sênior,43000,47000,45000,14
idwall,4,Cientista De Dados Sênior,11000,13000,12000,13
Boston Consulting Group,4.2,Cientista De Dados Sênior,11000,11000,11000,1
Acqio,3.8,Cientista De Dados Sênior,8000,8000,8000,0
The Insight,5,Cientista De Dados Sênior,17000,19000,18000,0
Grupo CCR,4.2,Cientista De Dados Sênior,14000,14000,14000,198
Neobpo,3.3,Cientista De Dados Sênior,8000,8000,8000,128
Veloe,4.4,Cientista De Dados Sênior,7000,8000,8000,7
Proffer,4.5,Cientista De Dados Sênior,10000,11000,11000,0
Solution Seeker,-0.10000000149011612,Cientista De Dados Sênior,14000,16000,15000,0
Natura &Co,4.2,Cientista De Dados Sênior,10000,10000,10000,1
Bosch,4.1,Cientista De Dados Sênior,17000,18000,17000,3
Auto Avaliar,4.3,Cientista De Dados Sênior,15000,17000,16000,5
Dell Lead,4.3,Cientista De Dados Sênior,7000,7000,7000,0
Caju (Brazil),4.1,Cientista De Dados Sênior,15000,17000,16000,9
BlueShift Brasil,4.1,Cientista De Dados Sênior,11000,12000,11000,0
Riachuelo,4,Cientista De Dados Sênior,11000,13000,12000,598
Siprocal,3.1,Cientista De Dados Sênior,13000,14000,13000,2
It'sSeg,3.8,Cientista De Dados Sênior,11000,11000,11000,0
emDia,3.5,Cientista De Dados Sênior,12000,13000,13000,0
BigDataCorp,4.2,Cientista De Dados Sênior,7000,7000,7000,2
Allianz,3.9,Cientista De Dados Sênior,13000,14000,14000,435
NeoGrid,3.5,Cientista De Dados Sênior,12000,12000,12000,0
Grupo Ginseng,3.8,Cientista De Dados Sênior,8000,9000,9000,0
Bees Brasil,4,Cientista De Dados Sênior,20000,22000,21000,0
Universidade Federal de Campina Grande (UFCG),4.5,Cientista De Dados Sênior,11000,12000,12000,0
MadeinWeb,4,Cientista De Dados Sênior,67,73,70,0
AkzoNobel,3.9,Cientista De Dados Sênior,10000,11000,10000,345
Artefact,4.1,Cientista De Dados Sênior,199000,215000,207000,27
Diebold Nixdorf,3.6,Cientista De Dados Sênior,10000,11000,10000,281
Fast Shop,3.7,Cientista De Dados Sênior,6000,7000,6000,11
Loft,3.6,Cientista De Dados Sênior,17000,19000,18000,50
GlobalWeb,3.9,Cientista De Dados Sênior,10000,11000,11000,0
BNP Paribas Cardif,3.9,Cientista De Dados Sênior,10000,11000,11000,5
Tractian,4,Cientista De Dados Sênior,15000,17000,16000,0
Ponce Tech,4,Cientista De Dados Sênior,9000,9000,9000,0
BITKA,4.6,Cientista De Dados Sênior,13000,14000,14000,0
Keyrus,4,Cientista De Dados Sênior,10000,11000,11000,177
"""Grupo Trigo (Spoleto, Koni, Gurumê, LeBonton)""",3.9,Cientista De Dados Sênior,5000,6000,5000,58
Nubank,4.4,Cientista De Dados Sênior,4000,4000,4000,13
Neurotech,4.4,Cientista De Dados Sênior,6000,7000,7000,7
OI SA,4.2,Cientista De Dados Sênior,7000,8000,8000,0
Athena Saúde,3.8,Cientista De Dados Sênior,16000,17000,16000,5
HDI Seguros,3.8,Cientista De Dados Sênior,12000,13000,12000,8
Universidade Federal de Viçosa (UFV),4.7,Cientista De Dados Sênior,955,1000,1000,0
Fiabilité,4.4,Cientista De Dados Sênior,11000,13000,12000,0
C6 Bank,4.2,Cientista De Dados Sênior,16000,17000,16000,11
Globo,4.2,Cientista De Dados Sênior,13000,15000,14000,2
Trybe (Brazil),4,Cientista De Dados Sênior,11000,12000,12000,0
Bayer,4.2,Cientista De Dados Sênior,11000,13000,12000,643
Cayena,3.8,Cientista De Dados Sênior,16000,17000,16000,14
Esatech System,3,Cientista De Dados Sênior,105000,115000,110000,0
Loft,3.6,Cientista De Dados Sênior,18000,19000,19000,50
Philips,3.8,Cientista De Dados Sênior,8000,9000,9000,832
XP Investimentos,3.6,Cientista De Dados Sênior,9000,10000,10000,0
Eli Lilly and Company,4,Cientista De Dados Sênior,12000,12000,12000,735
Santander Tecnologia e Inovação,4.2,Cientista De Dados Sênior,11000,12000,11000,0
Verx Tecnologia,4.5,Cientista De Dados Sênior,10000,11000,11000,0
Volvo Group,4.2,Cientista De Dados Sênior,18000,19000,18000,686
Lytex Soluções,2.5,Cientista De Dados Sênior,8000,8000,8000,0
Folha de São Paulo,3.6,Cientista De Dados Sênior,10000,11000,11000,0
Webmotor,3.8,Cientista De Dados Sênior,16000,17000,16000,0
PEFISA,3.6,Cientista De Dados Sênior,9000,9000,9000,0
Grupo Globo,4.1,Cientista De Dados Sênior,9000,10000,9000,1
Mercado Eletrônico,4.4,Cientista De Dados Sênior,15000,15000,15000,0
Redasset,3.5,Cientista De Dados Sênior,8000,9000,9000,0
Logiks,3.1,Cientista De Dados Sênior,22000,24000,23000,0
Pottencial Seguradora,4.1,Cientista De Dados Sênior,16000,17000,17000,9
Pravaler,3.5,Cientista De Dados Sênior,16000,17000,17000,0
Unimed,4.1,Cientista De Dados Sênior,4000,5000,5000,411
Brasil Paralelo,4.2,Cientista De Dados Sênior,26000,28000,27000,29
Hospital Israelita Albert Einstein,4.4,Cientista De Dados Sênior,9000,10000,10000,153
Catho Online,4.2,Cientista De Dados Sênior,15000,16000,15000,0
Quod (Brazil),3.6,Cientista De Dados Sênior,11000,11000,11000,15
Involves,3.9,Cientista De Dados Sênior,10000,10000,10000,2
Finch Soluções,3.9,Cientista De Dados Sênior,8000,8000,8000,0
Banco Genial Externo,4,Cientista De Dados Sênior,10000,10000,10000,0
Grupo OLX,4.1,Cientista De Dados Sênior,34000,37000,35000,12
Mentors Tecnologia,4.5,Cientista De Dados Sênior,10000,10000,10000,0
DataRisk,4.2,Cientista De Dados Sênior,14000,16000,15000,1
Too Seguros,3,Cientista De Dados Sênior,10000,10000,10000,0
FCamara,4,Cientista De Dados Sênior,20000,22000,21000,143
Educbank,4.7,Cientista De Dados Sênior,11000,12000,12000,2
Ahoy By Belago Group,4.3,Cientista De Dados Sênior,10000,11000,11000,0
Ingredion,3.9,Cientista De Dados Sênior,13000,15000,14000,289
Britania,3.5,Cientista De Dados Sênior,26000,29000,28000,128
GAV (Brazil),4.2,Cientista De Dados Sênior,11000,12000,11000,0
Banco Next,3.9,Cientista De Dados Sênior,43000,46000,44000,0
First Decision Tecnologias Inovadoras,4.2,Cientista De Dados Sênior,18000,20000,19000,4
iFood,4.2,Cientista De Dados Sênior,8000,8000,8000,65
levva,4,Cientista De Dados Sênior,12000,13000,12000,0
Five Acts,4.2,Cientista De Dados Sênior,11000,11000,11000,0
4intelligence,3.7,Cientista De Dados Sênior,12000,13000,13000,0
Órama,3.6,Cientista De Dados Sênior,9000,9000,9000,0
ArcelorMittal,4.3,Cientista De Dados Sênior,14000,15000,14000,689
Jump Label,4.3,Cientista De Dados Sênior,48,52,50,0
Wildlife Studios,4,Cientista De Dados Sênior,16000,18000,17000,1
Confederação Nacional da Indústria,3.5,Cientista De Dados Sênior,12000,12000,12000,0
Chiper,3.3,Cientista De Dados Sênior,12000,13000,13000,0
Dhauz,4.9,Cientista De Dados Sênior,10000,10000,10000,0
Grupo Panvel,3.5,Cientista De Dados Sênior,15000,16000,15000,302
AutoAvaliar,4.4,Cientista De Dados Sênior,14000,16000,15000,0
Meu Tudo,3.4,Cientista De Dados Sênior,16000,18000,17000,0
Capco,3.8,Cientista De Dados Sênior,13000,15000,14000,615
Randoncorp,4.3,Cientista De Dados Sênior,11000,12000,12000,65
Minerva Foods,3.7,Cientista De Dados Sênior,21000,23000,22000,93
Farmácias Pague Menos,3.6,Cientista De Dados Sênior,15000,17000,16000,702
Koredata,4.7,Cientista De Dados Sênior,8000,8000,8000,0
MJV Tecnologia e Inovação,3.9,Cientista De Dados Sênior,14000,16000,15000,49
McKinsey & Company,4.1,Cientista De Dados Sênior,15000,17000,16000,595
Argo Solutions,4,Cientista De Dados Sênior,10000,10000,10000,0
Avenue Code,3.4,Cientista De Dados Sênior,16000,17000,16000,0
Pitang Agile IT,4.6,Cientista De Dados Sênior,44000,48000,46000,5
MarketWatch,3.5,Cientista De Dados Sênior,14000,15000,15000,224
Tata Consultancy Services,3.6,Cientista De Dados Sênior,11000,12000,11000,267
Argus Media,3.9,Cientista De Dados Sênior,14000,16000,15000,32
Universidade Federal de Mato Grosso (UFMT),4.4,Cientista De Dados Sênior,16000,18000,17000,0
BMV,3.9,Cientista De Dados Sênior,12000,13000,13000,1
Pin People,4.6,Cientista De Dados Sênior,9000,9000,9000,2
Oi,3.8,Cientista De Dados Sênior,11000,13000,12000,6
JBS,3.8,Cientista De Dados Sênior,46000,50000,48000,262
Robbyson,3.9,Cientista De Dados Sênior,9000,9000,9000,0
Facily,3.9,Cientista De Dados Sênior,12000,13000,13000,0
LOFT,3.7,Cientista De Dados Sênior,17000,19000,18000,927
Frescatto,3.5,Cientista De Dados Sênior,11000,13000,12000,4
Heineken Brasil,4.3,Cientista De Dados Sênior,12000,13000,13000,0
Syos,3.7,Cientista De Dados Sênior,10000,10000,10000,6
BIP,3.9,Cientista De Dados Sênior,8000,9000,8000,433
Robbyson,3.9,Cientista De Dados Sênior,9000,9000,9000,0
Eleflow Big Data,4.7,Cientista De Dados Sênior,16000,17000,17000,2
Eletrobras,4,Cientista De Dados Sênior,16000,17000,17000,6
Telecine,4.4,Cientista De Dados Sênior,8000,8000,8000,0
Lumini IT Solutions,2.8,Cientista De Dados Sênior,12000,13000,12000,2
Integration Consulting,4.4,Cientista De Dados Sênior,17000,18000,18000,0
Ministério da Gestão e da Inovação em Serviços Públicos,4.4,Cientista De Dados Sênior,116000,126000,121000,0
ALSTOM,3.8,Cientista De Dados Sênior,16000,17000,16000,2
Nokia Solutions and Networks do Brasil Servicos,4.3,Cientista De Dados Sênior,61000,67000,64000,1
CRM&Bonus,3.6,Cientista De Dados Sênior,19000,21000,20000,0
NoHarm.ai,5,Cientista De Dados Sênior,9000,9000,9000,0
iFoods Group,3.7,Cientista De Dados Sênior,13000,13000,13000,0
Sovos,3.5,Cientista De Dados Sênior,12000,13000,12000,77
e-Core,4.5,Cientista De Dados Sênior,21000,23000,22000,14
Unisoma,3.7,Cientista De Dados Sênior,13000,14000,14000,1
Superdigital (Brazil),3.9,Cientista De Dados Sênior,14000,16000,15000,0
Federação Brasileira das Redes Associativistas e Independentes de Farmácias (Febrafar),3.6,Cientista De Dados Sênior,14000,16000,15000,0
Fundação Antonio e Helena Zerrenner,3.9,Cientista De Dados Sênior,13000,14000,13000,0
Microsoft,4.1,Cientista De Dados Sênior,19000,20000,19000,3
Viahub,3.9,Cientista De Dados Sênior,9000,10000,9000,0
CAST,4.2,Cientista De Dados Sênior,15000,17000,16000,0
D-Plan One,5,Cientista De Dados Sênior,15000,17000,16000,0
AeC Centro de Contatos,3.5,Cientista De Dados Sênior,9000,10000,10000,167
QuintoAndar,3.9,Staff Data Scientist,40000,42000,41000,56
Wellhub,4.2,Staff Data Scientist,20000,22000,21000,38
SumUp,3.5,Staff Data Scientist,36000,39000,38000,143
EY,3.7,Staff Data Scientist,3000,3000,3000,12
Experian,4.3,Staff Data Scientist,22000,24000,23000,748
Serasa,4,Staff Data Scientist,22000,24000,23000,0
GLOBO,4.2,Staff Data Scientist,18000,20000,19000,47
Gringo o Melhor Amigo do Motorista,4.1,Staff Data Scientist,16000,17000,17000,0
Globo,4.2,Data Science Specialist,15000,17000,16000,2
ClearSale,4.2,Data Science Specialist,19000,20000,20000,2
CAST,4.2,Data Science Specialist,14000,16000,15000,0
Sidia,3.7,Data Science Specialist,12000,12000,12000,22
yHub,4.2,Data Science Specialist,13000,14000,14000,0
Philip Morris International,3.9,Data Science Specialist,13000,14000,13000,547
McKinsey & Company,4.1,Data Science Specialist,29000,31000,30000,595
unico,3.8,Data Science Specialist,19000,21000,20000,9
Grupo SBF,3.6,Data Science Specialist,20000,21000,20000,36
PicPay,3.8,Data Science Specialist,23000,25000,24000,43
banco BV,4.4,Data Science Specialist,16000,18000,17000,42
Núclea,4.1,Data Science Specialist,19000,21000,20000,14
Santander Río,3.9,Data Science Specialist,15000,16000,15000,0
Fanatee,4.1,Data Science Specialist,11000,12000,12000,0
Bayer,4.2,Data Science Specialist,18000,20000,19000,643
Stone,4.1,Data Science Specialist,7000,8000,7000,68
Visa Inc.,3.8,Manager - Data Science,32000,35000,33000,862
ADP,3.8,Intern data scientist,1000,2000,2000,1
Syngenta,4,Intern data scientist,2000,2000,2000,359
Laborit,4.3,Head of Data Science,12000,12000,12000,0
Lumini IT Solutions,2.8,Head of Data Science,24000,26000,25000,2
Oplab,4.4,Head of Data Science,12000,13000,12000,0
Vale,4.2,Head of Data Science,25000,27000,26000,177
Minu,3.8,Head of Data Science,24000,26000,25000,0
AMARO,3.6,Head of Data Science,17000,19000,18000,0
BAT,4.1,Head of Data Science,31000,34000,33000,352
iFood,4.2,Head of Data Science,46000,50000,48000,65
IHM stefanini,4.2,Head of Data Science,18000,19000,19000,0
Myntelligence,3.6,Head of Data Science,19000,21000,20000,0
Olist,4,Head of Data Science,8000,8000,8000,0
Paschoalotto,3.7,Head of Data Science,68000,74000,71000,20
Zallpy Digital,4.4,Sr. Data Scientist,10000,11000,11000,54
Semantix,2.8,Sr. Data Scientist,11000,11000,11000,38
Mercado Livre,4.2,Sr. Data Scientist,18000,19000,18000,503
Wildlife Studios,4,Sr. Data Scientist,32000,34000,33000,1
Artefact,4.1,Data Scientist 2,8000,9000,9000,27
GetNinjas,2.6,Jr. Data Scientist,5000,6000,6000,0
Tabas,3.6,Jr. Data Scientist,5000,5000,5000,0
banco BV,4.4,Jr. Data Scientist,6000,6000,6000,42
Taking,3.7,Jr. Data Scientist,4000,4000,4000,127
PicPay,3.8,Jr. Data Scientist,6000,7000,6000,43
Indicium,4.5,Jr. Data Scientist,5000,5000,5000,10
dunnhumby,4.3,Applied Data Scientist,8000,8000,8000,72
Artefact,4.1,Data Scientist Manager,20000,22000,21000,27
Itaú Unibanco (Itaú BBA e Rede),4.4,Data Scientist Manager,25000,27000,26000,255
SEEK,4,Data Scientist Manager,28000,30000,29000,0
Whirlpool Corporation,3.7,Data Scientist Manager,26000,28000,27000,141
CI&T,4.1,Data Scientist Manager,15000,17000,16000,287
SumUp,3.5,Data Scientist Manager,18000,20000,19000,143
Banco Carrefour,4.1,Data Scientist Manager,24000,26000,25000,0
Loggi,3.8,Data Scientist Manager,18000,20000,19000,58
banQi,3.7,Data Scientist Manager,19000,21000,20000,2
Santander,3.8,Data Scientist Manager,29000,32000,30000,1
Itaú Unibanco (Itaú BBA e Rede),4.4,Data Science Lead,22000,24000,23000,255
iFood,4.2,Data Scientist III,14000,15000,14000,65
Dasa,3.5,Data Scientist III,16000,17000,16000,323
Big Data Brasil,4.2,Data Scientist III,10000,11000,10000,0
Radix Engenharia e Software,4.3,Data Scientist III,6000,6000,6000,0
Grupo Boticário,4.3,Data Scientist III,139000,149000,144000,253
Monks,3.4,Data Scientist Junior,3000,3000,3000,9
Creditas,4.1,Data Scientist Junior,7000,8000,8000,20
Accenture,3.7,Data Scientist Junior,5000,5000,5000,49
Wellbe,3.9,Data Scientist Junior,5000,6000,5000,0
Academia de Línguas do Paraná,4.4,Data Scientist Junior,2000,2000,2000,0
Syngenta,4,Data Scientist Junior,3000,3000,3000,359
NumberStalk,3,Data Scientist Junior,2000,3000,3000,0
Oncase,4.2,Data Scientist Junior,15000,16000,15000,0
IBM,3.9,Data Scientist Junior,4000,5000,4000,65
Kognita LAB,4.2,Data Scientist Junior,4000,5000,5000,0
Banco Bradesco,4.1,Data Scientist Junior,8000,9000,9000,271
McKinsey & Company,4.1,Data Scientist Junior,8000,9000,9000,595
SESI,4.3,Data Scientist Junior,1000,1000,1000,3
Plusoft,3.7,Data Scientist Junior,3000,3000,3000,8
XP Investimentos,3.6,Data Scientist Junior,9000,9000,9000,0
Freelancer,4.2,Data Scientist Junior,4000,4000,4000,34
iCarros,3.8,Data Scientist Junior,4000,4000,4000,0
Indicium,4.5,Data Science Trainee,3000,3000,3000,10
Banco Bradesco,4.1,Data Science Trainee,3000,3000,3000,271
EY,3.7,Data Science Trainee,2000,2000,2000,12
MJV Tecnologia e Inovação,3.9,Data Science Trainee,3000,3000,3000,49
FIT - Instituto de Tecnologia,3.6,Data Science Trainee,7000,8000,7000,0
Itaú Unibanco (Itaú BBA e Rede),4.4,Senior Data Science Analyst,10000,11000,10000,255
Mercado Livre,4.2,Senior Data Science Analyst,176000,191000,183000,503
Open Co,3.8,Director of Data Science,32000,34000,33000,3
Carrefour,3.7,Data Scientist Consultant,13000,15000,14000,3
IBM,3.9,Data Scientist Consultant,5000,6000,5000,65
Infosys,3.6,Data Scientist Consultant,10000,10000,10000,3
EY,3.7,Data Scientist Consultant,5000,5000,5000,12
"CEPERJ - Fundação Centro Estadual de Estatísticas, Pesquisas e Formação de Servidores Públicos do Rio de Janeiro",3.8,Data Scientist Consultant,2000,2000,2000,0
Accenture,3.7,Data Scientist Consultant,9000,9000,9000,49
Management Solutions,3.8,Data Scientist Consultant,3000,4000,3000,123
Senior Sistemas,4.1,Research Data Scientist,9000,9000,9000,180
Grupo Boticário,4.3,Chief Data Scientist,27000,29000,28000,253
Cilia,4.2,Chief Data Scientist,8000,8000,8000,0
Join Analytics,-0.10000000149011612,Chief Data Scientist,19000,21000,20000,0
Itaú Unibanco (Itaú BBA e Rede),4.4,Data Scientist Analyst,5000,5000,5000,255
Experian,4.3,Data Scientist Analyst,5000,6000,5000,748
Ambev Tech,4.2,Data Scientist Analyst,5000,5000,5000,36
Foursys Brasil,3.9,Trainee Data Scientist,2000,2000,2000,0
Bradesco Seguros,3.9,Trainee Data Scientist,9000,9000,9000,0
Dataside,4.4,Trainee Data Scientist,958,1000,1000,0
Avantare,3.7,Trainee Data Scientist,2000,3000,2000,0
Rubio Móveis,4,Trainee Data Scientist,1000,2000,2000,0
Stepwise,4.3,Trainee Data Scientist,2000,2000,2000,0
Atlântico,4.5,Trainee Data Scientist,2000,2000,2000,0
Vericode Tecnologia,4.6,Trainee Data Scientist,2000,3000,2000,0
Banco Bradesco,4.1,Data Scientist 1,6000,7000,6000,271
Itaú Unibanco (Itaú BBA e Rede),4.4,Senior Data Science Manager,25000,27000,26000,255
Bayer,4.2,Senior Data Science Manager,34000,37000,36000,643
Centro de Estudos e Sistemas Avançados do Recife - C.E.S.A.R,4.2,Senior Data Science Manager,16000,18000,17000,11
Managment Solutions,3.7,Data Scientist Trainee,2000,2000,2000,0
Itaú Unibanco (Itaú BBA e Rede),4.4,Data Scientist Trainee,5000,6000,6000,255
Compass Uol,3.8,Data Scientist Trainee,3000,3000,3000,57
IHM stefanini,4.2,Data Scientist Trainee,3000,3000,3000,0
Netflix,4.2,Sr Manager Data Science,577000,627000,602000,532
Accenture,3.7,"Data Scientist, Analytics",4000,5000,5000,49
Santander,3.8,Lead Data Science Analyst,24000,26000,25000,1
Bain & Company,4.3,Senior Data Scientist Manager,87000,94000,90000,215
Mercado Livre,4.2,Senior Data Science Engineer,220000,242000,231000,503
Analytics2Go,3.7,Data Science Director,29000,31000,30000,0
Axonify,3.9,(Senior) Data Scientist,21000,23000,22000,8
"Federal Institute of Education, Science and Technology of Paraíba",4.5,Data Analyst | Data Scientist | Data Engineer,5000,5000,5000,0
Softplan,4.2,Data Analyst | Data Scientist | Data Engineer,5000,6000,5000,36
banco BV,4.4,Data Scientist Lead,22000,24000,23000,42
Big Data Brasil,4.2,Cientista De Dados II,7000,7000,7000,0
Stone,4.1,Cientista De Dados II,7000,7000,7000,68
Grupo Marista,4.2,Cientista De Dados II,7000,8000,7000,123
Raízen,3.9,Cientista De Dados II,9000,10000,9000,487
Intelie,4,Cientista De Dados II,140000,153000,147000,0
NeoGrid,3.5,Cientista De Dados II,8000,9000,9000,0
ADVISIA Analytics,4.6,Cientista De Dados II,12000,13000,13000,0
banco BV,4.4,Cientista De Dados II,7000,8000,7000,42
Claro,4.2,Cientista De Dados II,10000,11000,11000,151
Santander,3.8,Cientista De Dados II,13000,14000,13000,1
GLOBAL HITSS,3.9,Cientista De Dados II,10000,11000,11000,138
Leega,4.1,Cientista De Dados II,6000,6000,6000,39
KTGroup & Technologies,-0.10000000149011612,Cientista De Dados II,4000,4000,4000,0
Monks,3.4,Cientista De Dados II,3000,3000,3000,9
Afinz,3.9,Cientista De Dados II,7000,8000,7000,23
Banco Bradesco,4.1,Cientista De Dados II,17000,18000,18000,271
Globant,3.8,Cientista De Dados II,8000,9000,9000,240
Stefanini,4,Cientista De Dados II,9000,10000,10000,272
Bosch,4.1,Cientista De Dados II,10000,11000,11000,3
Softplan,4.2,Cientista De Dados II,85000,92000,88000,36
BRF,3.8,Cientista De Dados II,33000,36000,35000,417
Neoway,4.4,Cientista De Dados II,11000,12000,11000,11
Shape,3.8,Cientista De Dados II,14000,15000,14000,0
idwall,4,Cientista De Dados II,9000,9000,9000,13
Efí,3.8,Cientista De Dados II,7000,7000,7000,8
Itaú Unibanco (Itaú BBA e Rede),4.4,Cientista De Dados II,14000,16000,15000,255
Banco Itaú,4.3,Cientista De Dados II,12000,13000,13000,0
Millai Consultoria,5,Cientista De Dados II,5000,5000,5000,0
QuintoAndar,3.9,Cientista De Dados II,14000,15000,14000,56
Semantix,2.8,Cientista De Dados II,8000,9000,8000,38
Darwin Technologies,3.7,Cientista De Dados II,8000,8000,8000,0
Inter,3.4,Cientista De Dados II,6000,6000,6000,0
AgroTools,3.2,Cientista De Dados II,0,0,0,4
Méliuz,4.6,Cientista De Dados II,7000,7000,7000,0
VLG Investimentos,3.9,Cientista De Dados II,5000,5000,5000,0
Carrefour,3.7,Cientista De Dados II,13000,15000,14000,3
NeuroTech,4.5,Cientista De Dados II,7000,7000,7000,9
Grupo OLX,4.1,Cientista De Dados II,8000,8000,8000,12
SONDA,3.8,Cientista De Dados II,3000,4000,4000,0
TC,3.6,Cientista De Dados II,8000,8000,8000,9
